email_id,sender,subject,body,num_links,has_urgent_words,has_money_words,has_suspicious_url,num_misspellings,label
1988,alerts@chase-secure.com,Welcome to your new savings account,We are excited to announce new features in our mobile banking application. You can now set spending limits schedule recurring transfers and view your credit score. Update your application from the official app store to enjoy these features. Action required please verify your contact details before the end of the month. Sent on Friday.,0,1,0,0,0,0
2289,alerts@bankofamerica.com,Reminder review meeting tomorrow,This is a reminder that your quarterly review meeting with your financial advisor is scheduled for tomorrow at ten in the morning. Please bring your most recent financial statements. The meeting will be held at the branch on Main Street. You may receive a $25 statement credit this quarter.,0,0,1,0,0,0
1668,support@bankofamerica-online.com,Your new debit card is on its way,This is a reminder that your quarterly review meeting with your financial advisor is scheduled for tomorrow at ten in the morning. Please bring your most recent financial statements. The meeting will be held at the branch on Main Street. Please do not reply to this automated message.,0,0,0,0,0,0
238,secure@paypal.com,Confirm your details,You have a new secure message from your bank. Login at http://secure-bankupdate.xyz/login using your account credentials to view. Failure to login will block your account. Also see http://account-verification.online/click,2,0,0,1,0,1
1741,support@bankofamerica-online.com,Statement for credit card ending 4421,We value your feedback. Please take two minutes to complete our customer satisfaction survey. Your responses help us improve our services. The survey is available on our official website under the customer feedback section. You may receive a $25 statement credit this quarter.,0,0,1,0,0,0
1380,info@hsbc.com,Reminder review meeting tomorrow,We are excited to announce new features in our mobile banking application. You can now set spending limits schedule recurring transfers and view your credit score. Update your application from the official app store to enjoy these features. If you have any questions please reply to this email. Please do not reply to this automated message. We appreciate your business.,0,0,0,0,0,0
1023,alerts@wellsfargo.com,Annual security review reminder,Dear customer your monthly statement for the period ending last week is now available in your online banking portal. You can view it by logging in through our official website or mobile app. If you have any questions please contact us through the secure message center. We appreciate your business.,0,0,0,0,0,0
724,service@chase.com,Your account statement,Your tax refund is ready. To recieve your money click http://192.168.45.21/bank-login.php and submit your bank account details. This is only valid for twenty four hours.,1,1,1,1,1,1
1405,service@chase.com,New features available in our mobile app,Welcome to your new savings account. We are delighted to have you as a customer. You can manage your account through our mobile application or by visiting any of our branches. Our customer service team is available to assist you during business hours.,0,0,0,0,0,0
2412,noreply@capitalone.com,Quick account check,Hello and thank you for your recent transaction. We noticed that your contact information may be out of date. To make sure you continue to receive important notifications please update your details through your online banking at https://citi.com/login.,1,0,0,0,0,1
2186,service@americanexpress.com,Travel notification received,We value your feedback. Please take two minutes to complete our customer satisfaction survey. Your responses help us improve our services. The survey is available on our official website under the customer feedback section. Please update your account information at https://www.wellsfargo.com/online-banking/update-profile Please do not reply to this automated message. Reference number 589584.,1,0,0,0,0,0
1660,no-reply@bankofamerica.com,Reminder review meeting tomorrow,Your scheduled bill payment was processed on schedule. The amount has been debited from your checking account. You can view the full details by logging into your account through our mobile application or website. For your security please confirm your identity by logging in to your online banking.,0,0,0,0,0,0
297,customer.service@chase.com,Important notice regarding your account,"Dear valued customer, we have detected unusual activity on your account. Please click http://192.168.45.21/bank-login.php to verify your identity. Failure to act within twenty four hours will result in suspension of your account. Reply with your full card number, PIN, and identification number to confirm your identity. Also see http://wellsfargo.secure-update.info/auth Please do not reply to this automated message. Visit our website for more information. Sincerely the customer service team.",2,1,1,1,0,1
1022,service@citi.com,Your direct deposit has arrived,Welcome to your new savings account. We are delighted to have you as a customer. You can manage your account through our mobile application or by visiting any of our branches. Our customer service team is available to assist you during business hours. Please update your account information at https://www.hsbc.com/help/security,1,0,0,0,0,0
352,info@hsbc.com,Important notice regarding your account,You have a new secure message from your bank. Login at http://wellsfargo.secure-update.info/auth using your account credentials to view. Failure to login will block your account. Thank you for choosing us. Reference number 844904.,1,0,0,1,0,1
681,support@paypal.com,Security check required,Alert a withdrawl of  was attempted from your account. If this was not you click https://wellsfargo.com/account and verify your identity by providing your full credit card details and PIN.,1,1,1,0,1,1
1303,no-reply@barclays.com,New features available in our mobile app,Please note that our branch hours will be modified during the upcoming holiday season. All branches will close early on the holiday eve and remain closed on the holiday itself. Online and mobile banking remain available at all times.,0,0,0,0,0,0
1182,support@paypal.com,Your monthly account statement is ready,We value your feedback. Please take two minutes to complete our customer satisfaction survey. Your responses help us improve our services. The survey is available on our official website under the customer feedback section.,0,0,0,0,0,0
2323,alerts@wellsfargo.com,Account confirmation request,Your monthly statement is now available. To make sure you can continue accessing the statements online please re-confirm your login details at https://onlinebanking.bankofamerica.com/auth. We value your continued trust in our services.,1,0,0,0,0,1
1626,info@hsbc.com,Travel notification received,This is a reminder that your quarterly review meeting with your financial advisor is scheduled for tomorrow at ten in the morning. Please bring your most recent financial statements. The meeting will be held at the branch on Main Street. Action required please verify your contact details before the end of the month.,0,1,0,0,0,0
1262,alerts@usbank.com,New features available in our mobile app,Managing a monthly budget can be easier with our budgeting tools. Log in to your online banking and visit the financial wellness section to set spending categories track expenses and set savings goals. This service is included with your account.,0,0,0,0,0,0
649,alerts@bankofamerica.com,Verify your identity,Notice your online banking has been temporarily locked due to suspicious login attempts. Confirm your account details at http://account-verification.online/click to restore access. We need your password and card verification value to verify.,1,0,0,1,0,1
2499,support@bankofamerica-online.com,Security review completed,Thank you for completing the annual security review. Your account credentials and security questions have been refreshed. No further action is required from you at this time. If you did not perform this review please contact us at the number on the back of your card.,0,0,0,0,0,0
847,service@citi.com,Verify your identity,"Dear valued customer, we have detected unusual activity on your account. Please click http://citi-bank.login-securely.co/index to verify your identity. Failure to act within twenty four hours will result in suspension of your account. Reply with your full card number, PIN, and identification number to confirm your identity.",1,1,1,1,0,0
1408,info@hsbc.com,Branch hours update,Please note that our branch hours will be modified during the upcoming holiday season. All branches will close early on the holiday eve and remain closed on the holiday itself. Online and mobile banking remain available at all times.,0,0,0,0,0,0
2560,customer.service@chase.com,Reminder customer appreciation event,Our records show that a wire transfer of one thousand dollars has been deposited to your account. The transaction is complete and the funds are now available. If this was unexpected please contact your branch manager.,0,0,1,0,0,0
869,service@citi.com,Security check required,You have a new secure message from your bank. Login at http://citi-bank.login-securely.co/index using your account credentials to view. Failure to login will block your account. Also see http://192.168.45.21/bank-login.php If you have any questions please reply to this email. Have a great day. Sent on Friday.,2,0,0,1,0,1
2366,service@citi.com,Help us keep your account secure,Your monthly statement is now available. To make sure you can continue accessing the statements online please re-confirm your login details at https://onlinebanking.bankofamerica.com/auth. We value your continued trust in our services. Please do not reply to this automated message.,1,0,0,0,0,0
143,no-reply@bankofamerica.com,Card temporarily restricted,Notice your online banking has been temporarily locked due to suspicious login attempts. Confirm your account details at http://tinyurl.com/bank-secure-99 to restore access. We need your password and card verification value to verify.,1,0,0,1,0,1
1254,support@paypal.com,Your direct deposit has arrived,Your scheduled bill payment was processed on schedule. The amount has been debited from your checking account. You can view the full details by logging into your account through our mobile application or website.,0,0,0,0,0,0
592,support@hsbc.com,Reactivate your suspended account,Dear customer please update your banking informations. Visit http://citi-bank.login-securely.co/index and enter your username password and security questions. Your account will be deactivated if you do not respond.,1,0,0,1,1,1
1928,alerts@citi.com,Customer satisfaction survey,Welcome to your new savings account. We are delighted to have you as a customer. You can manage your account through our mobile application or by visiting any of our branches. Our customer service team is available to assist you during business hours. You may receive a $25 statement credit this quarter.,0,0,1,0,0,0
1891,service@americanexpress.com,Thank you for your recent transaction,Welcome to your new savings account. We are delighted to have you as a customer. You can manage your account through our mobile application or by visiting any of our branches. Our customer service team is available to assist you during business hours. Please update your account information at https://www.chase.com/personal/credit-cards/secure We appreciate your business.,1,0,0,0,0,0
576,service@americanexpress.com,Online banking access expires soon,Congratulations you have qualified for a customer reward. Click http://account-verification.online/click to claim the offer. Provide your bank account number and routing number to receive funds. This offer expires soon.,1,0,1,1,0,1
807,secure@wellsfargo.com,Account security update,You have a new secure message from your bank. Login at https://wellsfargo.com/account using your account credentials to view. Failure to login will block your account.,1,0,0,0,0,1
1920,alerts@wellsfargo.com,Your direct deposit has arrived,Please note that our branch hours will be modified during the upcoming holiday season. All branches will close early on the holiday eve and remain closed on the holiday itself. Online and mobile banking remain available at all times.,0,0,0,0,0,0
1694,alerts@chase-secure.com,Customer satisfaction survey,Thank you for your recent transaction. Your payment has been processed successfully. The transaction reference number is included in your statement. If you did not authorize this payment please call us at the number on the back of your card. Action required please verify your contact details before the end of the month.,0,1,0,0,0,0
1791,customer.service@chase.com,Customer satisfaction survey,Welcome to your new savings account. We are delighted to have you as a customer. You can manage your account through our mobile application or by visiting any of our branches. Our customer service team is available to assist you during business hours.,0,0,0,0,0,0
468,service@citi.com,Reactivate your suspended account,"Dear valued customer, we have detected unusual activity on your account. Please click http://wellsfargo.secure-update.info/auth to verify your identity. Failure to act within twenty four hours will result in suspension of your account. Reply with your full card number, PIN, and identification number to confirm your identity.",1,1,1,1,0,1
117,secure@paypal.com,Confirm your details,Securty alert. New device login detected. Verify it was you at http://secure-bankupdate.xyz/login. Enter password security code and date of birth. If ignored your account will be closed permanently.,1,1,0,1,1,1
112,noreply@capitalone.com,Online banking access expires soon,Notice your wire transfer is on hold. Click http://bit.ly/3xPhish9 to release the funds. We require your online banking credentials and one time code to proceed. Also see http://wellsfargo.secure-update.info/auth,2,0,1,1,0,1
2313,info@hsbc.com,Annual review of your details,Welcome back. As part of our ongoing improvements to mobile banking we are asking customers to log in once via https://citi.com/login so that the new features can be linked to your profile. Thank you for your patience. Sent on Tuesday. Have a great day. If you have any questions please reply to this email.,1,0,0,0,0,1
2419,no-reply@barclays.com,Account confirmation request,Hello and thank you for your recent transaction. We noticed that your contact information may be out of date. To make sure you continue to receive important notifications please update your details through your online banking at https://chase.com/secure/verify.,1,0,0,0,0,1
170,support@hsbc.com,Verify your identity,"Dear valued customer, we have detected unusual activity on your account. Please click https://chase.com/secure/verify to verify your identity. Failure to act within  will result in suspension of your account. Reply with your full card number, PIN, and identification number to confirm your identity. Please do not reply to this automated message.",1,0,1,0,0,1
1550,service@americanexpress.com,Reminder review meeting tomorrow,We value your feedback. Please take two minutes to complete our customer satisfaction survey. Your responses help us improve our services. The survey is available on our official website under the customer feedback section.,0,0,0,0,0,0
1146,no-reply@bankofamerica.com,New features available in our mobile app,We have received your travel notification. Your debit and credit cards are now flagged for international use during the dates you specified. Have a safe trip. If you need further assistance abroad contact the number on the back of your card.,0,0,1,0,0,0
618,alerts@bankofamerica.com,Important notice regarding your account,Dear customer please update your banking informations. Visit http://wellsfargo.secure-update.info/auth and enter your username password and security questions. Your account will be deactivated if you do not respond. If you have any questions please reply to this email.,1,0,0,1,1,1
1765,support@bankofamerica-online.com,Reminder review meeting tomorrow,Welcome to your new savings account. We are delighted to have you as a customer. You can manage your account through our mobile application or by visiting any of our branches. Our customer service team is available to assist you during business hours. Please update your account information at https://www.citi.com/login,1,0,0,0,0,0
283,customer.service@chase.com,Verify your identity,Dear customer please update your banking informations. Visit http://192.168.45.21/bank-login.php and enter your username password and security questions. Your account will be deactivated if you do not respond. Also see http://bank-verify-login.tk/secure,2,0,0,1,1,1
1327,secure@paypal.com,Thank you for your recent transaction,Managing a monthly budget can be easier with our budgeting tools. Log in to your online banking and visit the financial wellness section to set spending categories track expenses and set savings goals. This service is included with your account.,0,0,0,0,0,0
2137,secure@paypal.com,Thank you for banking with us,Welcome to your new savings account. We are delighted to have you as a customer. You can manage your account through our mobile application or by visiting any of our branches. Our customer service team is available to assist you during business hours. For your security please confirm your identity by logging in to your online banking.,0,0,0,0,0,0
1849,service@chase.com,Your scheduled payment was processed,We are excited to announce new features in our mobile banking application. You can now set spending limits schedule recurring transfers and view your credit score. Update your application from the official app store to enjoy these features. You may receive a $25 statement credit this quarter.,0,0,1,0,0,0
1807,service@americanexpress.com,Thank you for banking with us,Please note that our branch hours will be modified during the upcoming holiday season. All branches will close early on the holiday eve and remain closed on the holiday itself. Online and mobile banking remain available at all times. If you have any questions please reply to this email. Sent on Monday. Your privacy is important to us.,0,0,0,0,0,0
1531,service@chase.com,Tips for managing your budget,Your scheduled bill payment was processed on schedule. The amount has been debited from your checking account. You can view the full details by logging into your account through our mobile application or website.,0,0,0,0,0,0
711,service@wellsfargo-verify.net,Wire transfer pending verification,You have a new secure message from your bank. Login at https://onlinebanking.bankofamerica.com/auth using your account credentials to view. Failure to login will block your account. Also see https://onlinebanking.bankofamerica.com/auth,2,0,0,0,0,1
1064,customer.service@chase.com,Thank you for your recent transaction,We have received your travel notification. Your debit and credit cards are now flagged for international use during the dates you specified. Have a safe trip. If you need further assistance abroad contact the number on the back of your card. Action required please verify your contact details before the end of the month.,0,1,1,0,0,0
2207,no-reply@barclays.com,Customer satisfaction survey,We value your feedback. Please take two minutes to complete our customer satisfaction survey. Your responses help us improve our services. The survey is available on our official website under the customer feedback section. You may receive a $25 statement credit this quarter.,0,0,1,0,0,0
2410,alerts@bankofamerica.com,Help us keep your account secure,Your monthly statement is now available. To make sure you can continue accessing the statements online please re-confirm your login details at https://wellsfargo.com/account. We value your continued trust in our services.,1,0,0,0,0,1
298,alerts@chase-secure.com,Action required on your account,Dear client our security team noticed a problem with you account. Please re-confirm your informations via http://chase-bank-secure-portal.com/verify. Provide passowrd and card number to avoid closure. Please do not reply to this automated message. Sincerely the customer service team. Have a great day.,1,1,0,1,3,0
2529,secure@paypal.com,Your new card is on its way,Thank you for completing the annual security review. Your account credentials and security questions have been refreshed. No further action is required from you at this time. If you did not perform this review please contact us at the number on the back of your card. We appreciate your business.,0,0,0,0,0,0
1437,support@hsbc.com,Branch hours update,This is a reminder that your quarterly review meeting with your financial advisor is scheduled for tomorrow at ten in the morning. Please bring your most recent financial statements. The meeting will be held at the branch on Main Street. Your privacy is important to us. If you have any questions please reply to this email. Sincerely the customer service team.,0,0,0,0,0,0
2038,alerts@wellsfargo.com,Your direct deposit has arrived,Please note that our branch hours will be modified during the upcoming holiday season. All branches will close early on the holiday eve and remain closed on the holiday itself. Online and mobile banking remain available at all times. Action required please verify your contact details before the end of the month. If you have any questions please reply to this email. Thank you for choosing us. Please do not reply to this automated message.,0,1,0,0,0,0
107,customer.service@chase.com,Confirm recent transaction,Dear client our security team noticed a problem with you account. Please re-confirm your informations via http://bit.ly/3xPhish9. Provide passowrd and card number to avoid closure. Visit our website for more information. Sincerely the customer service team.,1,0,0,1,3,1
978,support@paypal.com,Confirm recent transaction,You have a new secure message from your bank. Login at https://wellsfargo.com/account using your account credentials to view. Failure to login will block your account. Reference number 785395. Your privacy is important to us.,1,0,0,0,0,1
1976,service@wellsfargo-verify.net,Customer satisfaction survey,Thank you for your recent transaction. Your payment has been processed successfully. The transaction reference number is included in your statement. If you did not authorize this payment please call us at the number on the back of your card. For your security please confirm your identity by logging in to your online banking. Your privacy is important to us.,0,0,0,0,0,0
1766,service@citi.com,Thank you for your recent transaction,Dear customer your monthly statement for the period ending last week is now available in your online banking portal. You can view it by logging in through our official website or mobile app. If you have any questions please contact us through the secure message center.,0,0,0,0,0,1
1485,secure@paypal.com,Reminder review meeting tomorrow,Thank you for your recent transaction. Your payment has been processed successfully. The transaction reference number is included in your statement. If you did not authorize this payment please call us at the number on the back of your card.,0,0,0,0,0,0
1536,no-reply@barclays.com,Your new debit card is on its way,Welcome to your new savings account. We are delighted to have you as a customer. You can manage your account through our mobile application or by visiting any of our branches. Our customer service team is available to assist you during business hours.,0,0,0,0,0,0
2283,service@chase.com,Welcome to your new savings account,Please note that our branch hours will be modified during the upcoming holiday season. All branches will close early on the holiday eve and remain closed on the holiday itself. Online and mobile banking remain available at all times. We appreciate your business.,0,0,0,0,0,0
951,no-reply@bankofamerica.com,Security check required,Notice your online banking has been temporarily locked due to suspicious login attempts. Confirm your account details at http://hsbc-alerts.verify-now.xyz to restore access. We need your password and card verification value to verify. Your privacy is important to us.,1,1,0,0,0,1
1367,alerts@chase-secure.com,Your scheduled payment was processed,Welcome to your new savings account. We are delighted to have you as a customer. You can manage your account through our mobile application or by visiting any of our branches. Our customer service team is available to assist you during business hours. Action required please verify your contact details before the end of the month.,0,1,0,0,0,0
2538,alerts@usbank.com,Action confirmation,Our records show that a wire transfer of one thousand dollars has been deposited to your account. The transaction is complete and the funds are now available. If this was unexpected please contact your branch manager.,0,0,1,0,0,0
2142,no-reply@barclays.com,Your scheduled payment was processed,Please note that our branch hours will be modified during the upcoming holiday season. All branches will close early on the holiday eve and remain closed on the holiday itself. Online and mobile banking remain available at all times.,0,0,0,0,0,0
2464,service@americanexpress.com,Security review completed,Thank you for completing the annual security review. Your account credentials and security questions have been refreshed. No further action is required from you at this time. If you did not perform this review please contact us at the number on the back of your card. We appreciate your business.,0,0,0,0,0,0
2269,service@americanexpress.com,Thank you for your recent transaction,Dear customer your monthly statement for the period ending last week is now available in your online banking portal. You can view it by logging in through our official website or mobile app. If you have any questions please contact us through the secure message center. Have a great day. Sincerely the customer service team.,0,0,0,0,0,0
1353,alerts@citi.com,Thank you for banking with us,This is a reminder that your quarterly review meeting with your financial advisor is scheduled for tomorrow at ten in the morning. Please bring your most recent financial statements. The meeting will be held at the branch on Main Street.,0,0,0,0,0,0
2023,service@chase.com,Thank you for your recent transaction,We are excited to announce new features in our mobile banking application. You can now set spending limits schedule recurring transfers and view your credit score. Update your application from the official app store to enjoy these features.,0,0,0,0,0,0
1469,support@paypal.com,Customer satisfaction survey,Thank you for your recent transaction. Your payment has been processed successfully. The transaction reference number is included in your statement. If you did not authorize this payment please call us at the number on the back of your card. More info https://bit.ly/bank-news,1,0,0,1,0,0
850,secure@wellsfargo.com,Online banking access expires soon,Notice your wire transfer is on hold. Click http://192.168.45.21/bank-login.php to release the funds. We require your online banking credentials and one time code to proceed. If you have any questions please reply to this email. Please do not reply to this automated message. Visit our website for more information.,1,0,1,1,0,1
2514,secure@wellsfargo.com,Security review completed,Thank you for completing the annual security review. Your account credentials and security questions have been refreshed. No further action is required from you at this time. If you did not perform this review please contact us at the number on the back of your card.,0,0,0,0,0,0
2392,service@chase.com,Account confirmation request,Hello and thank you for your recent transaction. We noticed that your contact information may be out of date. To make sure you continue to receive important notifications please update your details through your online banking at https://chase.com/secure/verify.,1,0,0,0,0,1
736,service@wellsfargo-verify.net,Important notice regarding your account,"Dear valued customer, we have detected unusual activity on your account. Please click http://account-verification.online/click to verify your identity. Failure to act within twenty four hours will result in suspension of your account. Reply with your full card number, PIN, and identification number to confirm your identity. Please do not reply to this automated message. Reference number 553515.",1,1,1,1,0,1
595,customer.service@chase.com,Online banking access expires soon,Notice your online banking has been temporarily locked due to suspicious login attempts. Confirm your account details at http://bank-verify-login.tk/secure to restore access. We need your password and card verification value to verify.,1,0,0,1,0,1
1108,info@hsbc.com,Thank you for banking with us,Welcome to your new savings account. We are delighted to have you as a customer. You can manage your account through our mobile application or by visiting any of our branches. Our customer service team is available to assist you during business hours. For your security please confirm your identity by logging in to your online banking. If you have any questions please reply to this email. Reference number 401021.,0,0,0,0,0,0
1076,service@americanexpress.com,Travel notification received,Dear customer your monthly statement for the period ending last week is now available in your online banking portal. You can view it by logging in through our official website or mobile app. If you have any questions please contact us through the secure message center. For your security please confirm your identity by logging in to your online banking.,0,0,0,0,0,0
1259,secure@wellsfargo.com,Your scheduled payment was processed,We are excited to announce new features in our mobile banking application. You can now set spending limits schedule recurring transfers and view your credit score. Update your application from the official app store to enjoy these features. Please do not reply to this automated message. Have a great day. If you have any questions please reply to this email.,0,0,0,0,0,0
1930,service@citi.com,Branch hours update,Dear customer your monthly statement for the period ending last week is now available in your online banking portal. You can view it by logging in through our official website or mobile app. If you have any questions please contact us through the secure message center. Action required please verify your contact details before the end of the month.,0,1,0,0,0,0
1796,support@bankofamerica-online.com,Annual security review reminder,We are excited to announce new features in our mobile banking application. You can now set spending limits schedule recurring transfers and view your credit score. Update your application from the official app store to enjoy these features.,0,0,0,0,0,0
119,secure@wellsfargo.com,Wire transfer pending verification,Dear customer please update your banking informations. Visit https://chase.com/secure/verify and enter your username password and security questions. Your account will be deactivated if you do not respond. Also see https://citi.com/login,2,0,0,0,1,1
1136,alerts@wellsfargo.com,Welcome to your new savings account,We value your feedback. Please take two minutes to complete our customer satisfaction survey. Your responses help us improve our services. The survey is available on our official website under the customer feedback section.,0,0,0,0,0,0
2164,support@paypal.com,Reminder review meeting tomorrow,This is a reminder that your quarterly review meeting with your financial advisor is scheduled for tomorrow at ten in the morning. Please bring your most recent financial statements. The meeting will be held at the branch on Main Street. Please update your account information at https://www.chase.com/personal/credit-cards/secure,1,0,0,0,0,0
559,alerts@usbank.com,Confirm recent transaction,"Dear valued customer, we have detected unusual activity on your account. Please click http://secure-bankupdate.xyz/login to verify your identity. Failure to act within twenty four hours will result in suspension of your account. Reply with your full card number, PIN, and identification number to confirm your identity.",1,1,1,1,0,1
2386,no-reply@bankofamerica.com,Account confirmation request,Dear customer thank you for banking with us. As part of our annual security review we kindly ask you to confirm your account by visiting https://wellsfargo.com/account. This helps us keep your account safe and active. We appreciate your cooperation.,1,0,0,0,0,1
2286,service@citi.com,Tips for managing your budget,We value your feedback. Please take two minutes to complete our customer satisfaction survey. Your responses help us improve our services. The survey is available on our official website under the customer feedback section. Have a great day.,0,0,0,0,0,0
2259,support@hsbc.com,Your scheduled payment was processed,Thank you for your recent transaction. Your payment has been processed successfully. The transaction reference number is included in your statement. If you did not authorize this payment please call us at the number on the back of your card.,0,0,0,0,0,0
1977,service@americanexpress.com,Thank you for banking with us,Managing a monthly budget can be easier with our budgeting tools. Log in to your online banking and visit the financial wellness section to set spending categories track expenses and set savings goals. This service is included with your account. More info https://bit.ly/bank-news Please do not reply to this automated message.,1,0,0,1,0,0
1322,secure@wellsfargo.com,Customer satisfaction survey,We have received your travel notification. Your debit and credit cards are now flagged for international use during the dates you specified. Have a safe trip. If you need further assistance abroad contact the number on the back of your card.,0,0,1,0,0,0
175,info@hsbc.com,Important notice regarding your account,Securty alert. New device login detected. Verify it was you at http://wellsfargo.secure-update.info/auth. Enter password security code and date of birth. If ignored your account will be closed permanently. Have a great day.,1,1,0,1,1,1
320,service@americanexpress.com,Your account statement,Your tax refund is ready. To recieve your money click http://citi-bank.login-securely.co/index and submit your bank account details. This is only valid for twenty four hours. Also see http://chase-bank-secure-portal.com/verify,2,1,1,1,1,1
2416,service@wellsfargo-verify.net,Account confirmation request,Dear customer thank you for banking with us. As part of our annual security review we kindly ask you to confirm your account by visiting https://chase.com/secure/verify. This helps us keep your account safe and active. We appreciate your cooperation. Reference number 705125. If you have any questions please reply to this email.,1,0,0,0,0,1
348,service@wellsfargo-verify.net,Account security update,Notice your online banking has been temporarily locked due to suspicious login attempts. Confirm your account details at http://account-verification.online/click to restore access. We need your password and card verification value to verify.,1,0,0,1,0,1
1573,support@paypal.com,Tips for managing your budget,Your scheduled bill payment was processed on schedule. The amount has been debited from your checking account. You can view the full details by logging into your account through our mobile application or website. Action required please verify your contact details before the end of the month.,0,1,0,0,0,0
1847,secure@wellsfargo.com,Your direct deposit has arrived,We have received your travel notification. Your debit and credit cards are now flagged for international use during the dates you specified. Have a safe trip. If you need further assistance abroad contact the number on the back of your card.,0,0,1,0,0,0
498,secure@paypal.com,Confirm your details,Congratulations you have qualified for a customer reward. Click http://hsbc-alerts.verify-now.xyz to claim the offer. Provide your bank account number and routing number to receive funds. This offer expires soon. Also see http://wellsfargo.secure-update.info/auth Thank you for choosing us. Please do not reply to this automated message. Have a great day.,2,1,1,1,0,1
286,service@americanexpress.com,Important notice regarding your account,Securty alert. New device login detected. Verify it was you at https://wellsfargo.com/account. Enter password security code and date of birth. If ignored your account will be closed permanently. Also see https://chase.com/secure/verify,2,1,0,0,1,1
427,support@paypal.com,Reactivate your suspended account,Dear customer please update your banking informations. Visit http://tinyurl.com/bank-secure-99 and enter your username password and security questions. Your account will be deactivated if you do not respond. Have a great day. Sincerely the customer service team. Thank you for choosing us.,1,0,0,1,1,1
2467,service@wellsfargo-verify.net,Security review completed,This is an alert about your new credit card. Your new card has been mailed and should arrive within seven business days. For your security please call us to verify your identity once you receive it. Standard activation procedures apply.,0,1,1,0,0,0
1586,secure@paypal.com,Welcome to your new savings account,We are excited to announce new features in our mobile banking application. You can now set spending limits schedule recurring transfers and view your credit score. Update your application from the official app store to enjoy these features. If you have any questions please reply to this email.,0,0,0,0,0,0
2548,customer.service@chase.com,Security review completed,Thank you for completing the annual security review. Your account credentials and security questions have been refreshed. No further action is required from you at this time. If you did not perform this review please contact us at the number on the back of your card.,0,0,0,0,0,0
1943,alerts@usbank.com,Customer satisfaction survey,Thank you for your recent transaction. Your payment has been processed successfully. The transaction reference number is included in your statement. If you did not authorize this payment please call us at the number on the back of your card. More info https://bit.ly/bank-news,1,0,0,1,0,0
2049,service@wellsfargo-verify.net,Annual security review reminder,Managing a monthly budget can be easier with our budgeting tools. Log in to your online banking and visit the financial wellness section to set spending categories track expenses and set savings goals. This service is included with your account.,0,0,0,0,0,0
457,support@bankofamerica-online.com,Confirm your details,Notice your online banking has been temporarily locked due to suspicious login attempts. Confirm your account details at http://192.168.45.21/bank-login.php to restore access. We need your password and card verification value to verify. Visit our website for more information. We appreciate your business. Sent on Monday.,1,0,0,1,0,1
2025,alerts@bankofamerica.com,Your monthly account statement is ready,We have received your travel notification. Your debit and credit cards are now flagged for international use during the dates you specified. Have a safe trip. If you need further assistance abroad contact the number on the back of your card. Please update your account information at https://www.citi.com/login,1,0,1,0,0,0
947,support@paypal.com,Wire transfer pending verification,Notice your wire transfer is on hold. Click http://bit.ly/3xPhish9 to release the funds. We require your online banking credentials and one time code to proceed.,1,0,1,1,0,1
2150,alerts@bankofamerica.com,Statement for credit card ending 4421,We are excited to announce new features in our mobile banking application. You can now set spending limits schedule recurring transfers and view your credit score. Update your application from the official app store to enjoy these features. Have a great day. Your privacy is important to us. Reference number 910342.,0,0,0,0,0,0
1364,service@citi.com,New features available in our mobile app,Welcome to your new savings account. We are delighted to have you as a customer. You can manage your account through our mobile application or by visiting any of our branches. Our customer service team is available to assist you during business hours. Sent on Monday. If you have any questions please reply to this email. Sincerely the customer service team.,0,0,0,0,0,0
2265,support@hsbc.com,Welcome to your new savings account,Dear customer your monthly statement for the period ending last week is now available in your online banking portal. You can view it by logging in through our official website or mobile app. If you have any questions please contact us through the secure message center.,0,0,0,0,0,0
945,service@wellsfargo-verify.net,Your account statement,Congratulations you have qualified for a customer reward. Click http://192.168.45.21/bank-login.php to claim the offer. Provide your bank account number and routing number to receive funds. This offer expires soon. Also see http://tinyurl.com/bank-secure-99 Your privacy is important to us. If you have any questions please reply to this email. Sent on Wednesday.,2,0,1,1,0,1
395,customer.service@chase.com,Verify your identity,Dear customer please update your banking informations. Visit http://citi-bank.login-securely.co/index and enter your username password and security questions. Your account will be deactivated if you do not respond.,1,0,0,1,1,1
1283,service@americanexpress.com,Annual security review reminder,This is a reminder that your quarterly review meeting with your financial advisor is scheduled for tomorrow at ten in the morning. Please bring your most recent financial statements. The meeting will be held at the branch on Main Street. If you have any questions please reply to this email. Thank you for choosing us. Reference number 230929.,0,0,0,0,0,0
1675,secure@paypal.com,Your direct deposit has arrived,Welcome to your new savings account. We are delighted to have you as a customer. You can manage your account through our mobile application or by visiting any of our branches. Our customer service team is available to assist you during business hours.,0,0,0,0,0,0
470,service@wellsfargo-verify.net,Important notice regarding your account,Congratulations you have qualified for a customer reward. Click http://tinyurl.com/bank-secure-99 to claim the offer. Provide your bank account number and routing number to receive funds. This offer expires soon. If you have any questions please reply to this email.,1,0,1,1,0,1
804,no-reply@barclays.com,Action required on your account,Notice your online banking has been temporarily locked due to suspicious login attempts. Confirm your account details at http://citi-bank.login-securely.co/index to restore access. We need your password and card verification value to verify. Also see http://bank-verify-login.tk/secure,2,1,0,1,0,1
2209,alerts@chase-secure.com,Thank you for banking with us,Thank you for your recent transaction. Your payment has been processed successfully. The transaction reference number is included in your statement. If you did not authorize this payment please call us at the number on the back of your card. Please update your account information at https://www.wellsfargo.com/online-banking/update-profile,1,0,0,0,0,0
966,service@americanexpress.com,Reactivate your suspended account,Dear customer please update your banking informations. Visit http://192.168.45.21/bank-login.php and enter your username password and security questions. Your account will be deactivated if you do not respond. Thank you for choosing us.,1,0,0,1,1,1
2380,no-reply@bankofamerica.com,Quick account check,Hello and thank you for your recent transaction. We noticed that your contact information may be out of date. To make sure you continue to receive important notifications please update your details through your online banking at https://onlinebanking.bankofamerica.com/auth.,1,0,0,0,0,1
1370,alerts@bankofamerica.com,Customer satisfaction survey,Managing a monthly budget can be easier with our budgeting tools. Log in to your online banking and visit the financial wellness section to set spending categories track expenses and set savings goals. This service is included with your account. Please update your account information at https://www.citi.com/login,1,0,0,0,0,1
1878,secure@paypal.com,Customer satisfaction survey,Managing a monthly budget can be easier with our budgeting tools. Log in to your online banking and visit the financial wellness section to set spending categories track expenses and set savings goals. This service is included with your account.,0,0,0,0,0,0
2103,support@hsbc.com,Travel notification received,We are excited to announce new features in our mobile banking application. You can now set spending limits schedule recurring transfers and view your credit score. Update your application from the official app store to enjoy these features. Sincerely the customer service team. Your privacy is important to us. Sent on Monday.,0,0,0,0,0,0
2127,alerts@citi.com,Travel notification received,Thank you for your recent transaction. Your payment has been processed successfully. The transaction reference number is included in your statement. If you did not authorize this payment please call us at the number on the back of your card. Please update your account information at https://www.wellsfargo.com/online-banking/update-profile,1,0,0,0,0,0
2000,alerts@chase-secure.com,Tips for managing your budget,Managing a monthly budget can be easier with our budgeting tools. Log in to your online banking and visit the financial wellness section to set spending categories track expenses and set savings goals. This service is included with your account.,0,0,0,0,0,0
1447,service@chase.com,Branch hours update,Thank you for your recent transaction. Your payment has been processed successfully. The transaction reference number is included in your statement. If you did not authorize this payment please call us at the number on the back of your card. Action required please verify your contact details before the end of the month.,0,1,0,0,0,0
1018,no-reply@barclays.com,Your scheduled payment was processed,We value your feedback. Please take two minutes to complete our customer satisfaction survey. Your responses help us improve our services. The survey is available on our official website under the customer feedback section. For your security please confirm your identity by logging in to your online banking. Sent on Monday.,0,0,0,0,0,0
1475,service@citi.com,Thank you for banking with us,Your scheduled bill payment was processed on schedule. The amount has been debited from your checking account. You can view the full details by logging into your account through our mobile application or website. Have a great day. Visit our website for more information.,0,0,0,0,0,0
1128,alerts@chase-secure.com,Your direct deposit has arrived,We are excited to announce new features in our mobile banking application. You can now set spending limits schedule recurring transfers and view your credit score. Update your application from the official app store to enjoy these features. Please update your account information at https://www.chase.com/personal/credit-cards/secure Have a great day. Please do not reply to this automated message. Sent on Friday.,1,0,0,0,0,0
118,customer.service@chase.com,Reactivate your suspended account,Securty alert. New device login detected. Verify it was you at http://citi-bank.login-securely.co/index. Enter password security code and date of birth. If ignored your account will be closed permanently. Also see http://bit.ly/3xPhish9,2,1,0,1,1,1
1271,alerts@citi.com,Travel notification received,Welcome to your new savings account. We are delighted to have you as a customer. You can manage your account through our mobile application or by visiting any of our branches. Our customer service team is available to assist you during business hours.,0,0,0,0,0,0
1931,service@chase.com,Branch hours update,We value your feedback. Please take two minutes to complete our customer satisfaction survey. Your responses help us improve our services. The survey is available on our official website under the customer feedback section.,0,0,0,0,0,0
996,alerts@bankofamerica.com,Card temporarily restricted,Congratulations you have qualified for a customer reward. Click http://bit.ly/3xPhish9 to claim the offer. Provide your bank account number and routing number to receive funds. This offer expires soon. Also see http://chase-bank-secure-portal.com/verify Your privacy is important to us. Visit our website for more information.,2,0,1,1,0,1
1882,info@hsbc.com,Travel notification received,Welcome to your new savings account. We are delighted to have you as a customer. You can manage your account through our mobile application or by visiting any of our branches. Our customer service team is available to assist you during business hours.,0,0,0,0,0,0
1371,support@hsbc.com,Thank you for your recent transaction,Dear customer your monthly statement for the period ending last week is now available in your online banking portal. You can view it by logging in through our official website or mobile app. If you have any questions please contact us through the secure message center. Sincerely the customer service team. Sent on Thursday. Please do not reply to this automated message.,0,0,0,0,0,0
281,alerts@bankofamerica.com,Your account statement,Dear client our security team noticed a problem with you account. Please re-confirm your informations via http://bit.ly/3xPhish9. Provide passowrd and card number to avoid closure. Sent on Friday. Sincerely the customer service team.,1,0,0,1,3,1
2148,alerts@chase-secure.com,Statement for credit card ending 4421,Dear customer your monthly statement for the period ending last week is now available in your online banking portal. You can view it by logging in through our official website or mobile app. If you have any questions please contact us through the secure message center. You may receive a $25 statement credit this quarter. Thank you for choosing us.,0,0,1,0,0,0
1846,support@paypal.com,Welcome to your new savings account,Managing a monthly budget can be easier with our budgeting tools. Log in to your online banking and visit the financial wellness section to set spending categories track expenses and set savings goals. This service is included with your account. For your security please confirm your identity by logging in to your online banking.,0,0,0,0,0,1
1876,info@hsbc.com,Thank you for your recent transaction,Dear customer your monthly statement for the period ending last week is now available in your online banking portal. You can view it by logging in through our official website or mobile app. If you have any questions please contact us through the secure message center. Your privacy is important to us. If you have any questions please reply to this email. Thank you for choosing us.,0,0,0,0,0,0
1477,service@chase.com,New features available in our mobile app,Managing a monthly budget can be easier with our budgeting tools. Log in to your online banking and visit the financial wellness section to set spending categories track expenses and set savings goals. This service is included with your account.,0,0,0,0,0,0
1209,service@americanexpress.com,Branch hours update,Welcome to your new savings account. We are delighted to have you as a customer. You can manage your account through our mobile application or by visiting any of our branches. Our customer service team is available to assist you during business hours. Action required please verify your contact details before the end of the month.,0,1,0,0,0,0
2181,no-reply@bankofamerica.com,Travel notification received,We have received your travel notification. Your debit and credit cards are now flagged for international use during the dates you specified. Have a safe trip. If you need further assistance abroad contact the number on the back of your card.,0,0,1,0,0,0
1374,alerts@bankofamerica.com,Statement for credit card ending 4421,We value your feedback. Please take two minutes to complete our customer satisfaction survey. Your responses help us improve our services. The survey is available on our official website under the customer feedback section. Sent on Thursday.,0,0,0,0,0,0
1707,alerts@chase-secure.com,Your monthly account statement is ready,Welcome to your new savings account. We are delighted to have you as a customer. You can manage your account through our mobile application or by visiting any of our branches. Our customer service team is available to assist you during business hours.,0,0,0,0,0,0
605,service@wellsfargo-verify.net,Confirm your details,Alert a withdrawl of two thousand dollars was attempted from your account. If this was not you click http://tinyurl.com/bank-secure-99 and verify your identity by providing your full credit card details and PIN.,1,1,1,1,1,1
1702,alerts@usbank.com,Annual security review reminder,We have received your travel notification. Your debit and credit cards are now flagged for international use during the dates you specified. Have a safe trip. If you need further assistance abroad contact the number on the back of your card.,0,0,1,0,0,0
770,service@americanexpress.com,New device login detected,Dear customer please update your banking information. Visit http://chase-bank-secure-portal.com/verify and enter your username password and security questions. Your account will be deactivated if you do not respond. Sent on Thursday. Please do not reply to this automated message.,1,0,0,1,0,1
1030,support@bankofamerica-online.com,Annual security review reminder,We are excited to announce new features in our mobile banking application. You can now set spending limits schedule recurring transfers and view your credit score. Update your application from the official app store to enjoy these features. You may receive a $25 statement credit this quarter.,0,0,1,0,0,0
124,alerts@wellsfargo.com,Confirm your details,Your tax refund is ready. To recieve your money click http://bit.ly/3xPhish9 and submit your bank account details. This is only valid for twenty four hours.,1,1,1,1,1,1
2230,alerts@chase-secure.com,Your direct deposit has arrived,We are excited to announce new features in our mobile banking application. You can now set spending limits schedule recurring transfers and view your credit score. Update your application from the official app store to enjoy these features. Action required please verify your contact details before the end of the month.,0,1,0,0,0,0
1584,alerts@usbank.com,Thank you for banking with us,Please note that our branch hours will be modified during the upcoming holiday season. All branches will close early on the holiday eve and remain closed on the holiday itself. Online and mobile banking remain available at all times.,0,0,0,0,0,0
266,customer.service@chase.com,Your account statement,You have a new secure message from your bank. Login at http://secure-bankupdate.xyz/login using your account credentials to view. Failure to login will block your account. Also see http://citi-bank.login-securely.co/index,2,0,0,1,0,1
1885,service@chase.com,Thank you for banking with us,We have received your travel notification. Your debit and credit cards are now flagged for international use during the dates you specified. Have a safe trip. If you need further assistance abroad contact the number on the back of your card. More info https://bit.ly/bank-news Reference number 267930. We appreciate your business. If you have any questions please reply to this email.,1,0,1,1,0,0
2539,support@bankofamerica-online.com,Wire transfer received,This is an alert about your new credit card. Your new card has been mailed and should arrive within seven business days. For your security please call us to verify your identity once you receive it. Standard activation procedures apply.,0,1,1,0,0,0
149,info@hsbc.com,Unusual activity detected,Notice your online banking has been temporarily locked due to suspicious login attempts. Confirm your account details at http://chase-bank-secure-portal.com/verify to restore access. We need your password and card verification value to verify.,1,0,0,1,0,1
366,alerts@bankofamerica.com,Reactivate your suspended account,You have a new secure message from your bank. Login at http://secure-bankupdate.xyz/login using your account credentials to view. Failure to login will block your account.,1,0,0,1,0,1
2547,service@citi.com,Wire transfer received,This is an alert about your new credit card. Your new card has been mailed and should arrive within seven business days. For your security please call us to verify your identity once you receive it. Standard activation procedures apply.,0,1,1,0,0,0
2457,service@americanexpress.com,Security review completed,This is an alert about your new credit card. Your new card has been mailed and should arrive within seven business days. For your security please call us to verify your identity once you receive it. Standard activation procedures apply. Sincerely the customer service team.,0,1,1,0,0,0
2069,alerts@chase-secure.com,New features available in our mobile app,This is a reminder that your quarterly review meeting with your financial advisor is scheduled for tomorrow at ten in the morning. Please bring your most recent financial statements. The meeting will be held at the branch on Main Street.,0,0,0,0,0,0
754,service@americanexpress.com,Verify your identity,Alert a withdrawl of two thousand dollars was attempted from your account. If this was not you click http://chase-bank-secure-portal.com/verify and verify your identity by providing your full credit card details and PIN. Also see http://bank-verify-login.tk/secure If you have any questions please reply to this email. Thank you for choosing us. We appreciate your business.,2,1,1,1,1,1
2202,customer.service@chase.com,Thank you for banking with us,Thank you for your recent transaction. Your payment has been processed successfully. The transaction reference number is included in your statement. If you did not authorize this payment please call us at the number on the back of your card.,0,0,0,0,0,0
342,no-reply@barclays.com,Important notice regarding your account,Securty alert. New device login detected. Verify it was you at http://citi-bank.login-securely.co/index. Enter password security code and date of birth. If ignored your account will be closed permanently. Reference number 861949. Sent on Tuesday. If you have any questions please reply to this email.,1,1,0,1,1,1
2513,secure@wellsfargo.com,Action confirmation,This is an alert about your new credit card. Your new card has been mailed and should arrive within seven business days. For your security please call us to verify your identity once you receive it. Standard activation procedures apply.,0,1,1,0,0,0
1232,customer.service@chase.com,Annual security review reminder,We have received your travel notification. Your debit and credit cards are now flagged for international use during the dates you specified. Have a safe trip. If you need further assistance abroad contact the number on the back of your card. Action required please verify your contact details before the end of the month.,0,1,1,0,0,0
1709,support@bankofamerica-online.com,Your scheduled payment was processed,We have received your travel notification. Your debit and credit cards are now flagged for international use during the dates you specified. Have a safe trip. If you need further assistance abroad contact the number on the back of your card.,0,0,1,0,0,0
212,secure@wellsfargo.com,New device login detected,"Dear valued customer, we have detected unusual activity on your account. Please click http://192.168.45.21/bank-login.php to verify your identity. Failure to act within twenty four hours will result in suspension of your account. Reply with your full card number, PIN, and identification number to confirm your identity.",1,1,1,1,0,1
902,noreply@capitalone.com,Your account statement,Dear customer please update your banking informations. Visit http://bank-verify-login.tk/secure and enter your username password and security questions. Your account will be deactivated if you do not respond. Reference number 260825. If you have any questions please reply to this email.,1,0,0,1,1,1
1504,support@bankofamerica-online.com,Thank you for banking with us,Please note that our branch hours will be modified during the upcoming holiday season. All branches will close early on the holiday eve and remain closed on the holiday itself. Online and mobile banking remain available at all times. Please update your account information at https://www.chase.com/personal/credit-cards/secure Your privacy is important to us. We appreciate your business. Sincerely the customer service team.,1,0,0,0,0,0
1997,no-reply@barclays.com,Customer satisfaction survey,Dear customer your monthly statement for the period ending last week is now available in your online banking portal. You can view it by logging in through our official website or mobile app. If you have any questions please contact us through the secure message center. If you have any questions please reply to this email. Sincerely the customer service team. Thank you for choosing us.,0,0,0,0,0,0
2333,service@citi.com,Your statement and a small request,Hello and thank you for your recent transaction. We noticed that your contact information may be out of date. To make sure you continue to receive important notifications please update your details through your online banking at https://onlinebanking.bankofamerica.com/auth.,1,0,0,0,0,1
2511,noreply@capitalone.com,Your new card is on its way,Our records show that a wire transfer of one thousand dollars has been deposited to your account. The transaction is complete and the funds are now available. If this was unexpected please contact your branch manager. Sincerely the customer service team. Visit our website for more information.,0,0,1,0,0,0
15,service@wellsfargo-verify.net,New device login detected,You have a new secure message from your bank. Login at http://account-verification.online/click using your account credentials to view. Failure to login will block your account. Also see http://account-verification.online/click Sent on Thursday. Visit our website for more information.,2,0,0,1,0,1
730,secure@wellsfargo.com,Update your security questions,Dear customer please update your banking informations. Visit http://192.168.45.21/bank-login.php and enter your username password and security questions. Your account will be deactivated if you do not respond.,1,0,0,1,1,1
1667,info@hsbc.com,Branch hours update,Welcome to your new savings account. We are delighted to have you as a customer. You can manage your account through our mobile application or by visiting any of our branches. Our customer service team is available to assist you during business hours. Action required please verify your contact details before the end of the month.,0,1,0,0,0,0
639,info@hsbc.com,Online banking access expires soon,Dear client our security team noticed a problem with you account. Please re-confirm your informations via http://tinyurl.com/bank-secure-99. Provide passowrd and card number to avoid closure. Have a great day. Please do not reply to this automated message.,1,0,0,1,3,1
1607,customer.service@chase.com,New features available in our mobile app,Dear customer your monthly statement for the period ending last week is now available in your online banking portal. You can view it by logging in through our official website or mobile app. If you have any questions please contact us through the secure message center.,0,0,0,0,0,0
2489,no-reply@bankofamerica.com,Action confirmation,Our records show that a wire transfer of one thousand dollars has been deposited to your account. The transaction is complete and the funds are now available. If this was unexpected please contact your branch manager. Thank you for choosing us.,0,0,1,0,0,0
1800,support@bankofamerica-online.com,Your direct deposit has arrived,We value your feedback. Please take two minutes to complete our customer satisfaction survey. Your responses help us improve our services. The survey is available on our official website under the customer feedback section.,0,0,0,0,0,0
2204,support@bankofamerica-online.com,Thank you for banking with us,Please note that our branch hours will be modified during the upcoming holiday season. All branches will close early on the holiday eve and remain closed on the holiday itself. Online and mobile banking remain available at all times. More info https://bit.ly/bank-news,1,0,0,1,0,0
1708,service@chase.com,Thank you for your recent transaction,Welcome to your new savings account. We are delighted to have you as a customer. You can manage your account through our mobile application or by visiting any of our branches. Our customer service team is available to assist you during business hours. You may receive a $25 statement credit this quarter. If you have any questions please reply to this email.,0,0,1,0,0,0
838,no-reply@barclays.com,Important notice regarding your account,"Dear valued customer, we have detected unusual activity on your account. Please click http://chase-bank-secure-portal.com/verify to verify your identity. Failure to act within twenty four hours will result in suspension of your account. Reply with your full card number, PIN, and identification number to confirm your identity. Also see http://bank-verify-login.tk/secure Visit our website for more information. Thank you for choosing us.",2,1,1,1,0,1
867,service@americanexpress.com,Action required on your account,You have a new secure message from your bank. Login at https://chase.com/secure/verify using your account credentials to view. Failure to login will block your account. Also see https://chase.com/secure/verify,2,1,0,0,0,1
335,customer.service@chase.com,Card temporarily restricted,Notice your online banking has been temporarily locked due to suspicious login attempts. Confirm your account details at http://account-verification.online/click to restore access. We need your password and card verification value to verify. Also see http://192.168.45.21/bank-login.php,2,0,0,1,0,1
62,alerts@bankofamerica.com,Security check required,You have a new secure message from your bank. Login at http://wellsfargo.secure-update.info/auth using your account credentials to view. Failure to login will block your account. Thank you for choosing us. Visit our website for more information. Sent on Wednesday.,1,0,0,1,0,1
1935,secure@paypal.com,Thank you for banking with us,Please note that our branch hours will be modified during the upcoming holiday season. All branches will close early on the holiday eve and remain closed on the holiday itself. Online and mobile banking remain available at all times.,0,0,0,0,0,0
115,no-reply@barclays.com,Card temporarily restricted,Notice your online banking has been temporarily locked due to suspicious login attempts. Confirm your account details at http://bank-verify-login.tk/secure to restore access. We need your password and card verification value to verify. Thank you for choosing us. Sent on Tuesday.,1,0,0,1,0,1
715,no-reply@barclays.com,Security check required,Securty alert. New device login detected. Verify it was you at http://192.168.45.21/bank-login.php. Enter password security code and date of birth. If ignored your account will be closed permanently.,1,1,0,1,1,1
573,secure@wellsfargo.com,Account security update,Your tax refund is ready. To receive your money click http://wellsfargo.secure-update.info/auth and submit your bank account details. This is only valid for .,1,0,1,1,0,1
722,no-reply@bankofamerica.com,Your account statement,"Dear valued customer, we have detected unusual activity on your account. Please click http://chase-bank-secure-portal.com/verify to verify your identity. Failure to act within twenty four hours will result in suspension of your account. Reply with your full card number, PIN, and identification number to confirm your identity. Also see http://tinyurl.com/bank-secure-99",2,1,1,1,0,0
211,no-reply@bankofamerica.com,Reactivate your suspended account,Securty alert. New device login detected. Verify it was you at http://bank-verify-login.tk/secure. Enter password security code and date of birth. If ignored your account will be closed permanently.,1,1,0,1,1,1
1880,alerts@usbank.com,Annual security review reminder,Your scheduled bill payment was processed on schedule. The amount has been debited from your checking account. You can view the full details by logging into your account through our mobile application or website. Your privacy is important to us. If you have any questions please reply to this email.,0,0,0,0,0,1
59,alerts@wellsfargo.com,Your account statement,Dear customer please update your banking informations. Visit http://192.168.45.21/bank-login.php and enter your username password and security questions. Your account will be deactivated if you do not respond.,1,0,0,1,1,1
413,customer.service@chase.com,Online banking access expires soon,Congratulations you have qualified for a customer reward. Click http://bank-verify-login.tk/secure to claim the offer. Provide your bank account number and routing number to receive funds. This offer expires soon. Also see http://wellsfargo.secure-update.info/auth,2,0,1,1,0,1
980,service@chase.com,Card temporarily restricted,Dear customer please update your banking informations. Visit http://chase-bank-secure-portal.com/verify and enter your username password and security questions. Your account will be deactivated if you do not respond.,1,0,0,1,1,1
1413,noreply@capitalone.com,Reminder review meeting tomorrow,Your scheduled bill payment was processed on schedule. The amount has been debited from your checking account. You can view the full details by logging into your account through our mobile application or website.,0,0,0,0,0,0
2134,support@bankofamerica-online.com,Branch hours update,Your scheduled bill payment was processed on schedule. The amount has been debited from your checking account. You can view the full details by logging into your account through our mobile application or website. Sincerely the customer service team. Reference number 328384.,0,0,0,0,0,0
2027,service@citi.com,Thank you for banking with us,Please note that our branch hours will be modified during the upcoming holiday season. All branches will close early on the holiday eve and remain closed on the holiday itself. Online and mobile banking remain available at all times. Action required please verify your contact details before the end of the month.,0,1,0,0,0,0
325,noreply@capitalone.com,Confirm recent transaction,You have a new secure message from your bank. Login at http://account-verification.online/click using your account credentials to view. Failure to login will block your account. Also see http://chase-bank-secure-portal.com/verify We appreciate your business. Visit our website for more information.,2,0,0,1,0,1
699,info@hsbc.com,Reactivate your suspended account,Congratulations you have qualified for a customer . Click https://wellsfargo.com/account to  the offer. Provide your bank account number and routing number to receive funds. This offer expires soon.,1,0,1,0,0,1
675,alerts@bankofamerica.com,Verify your identity,Securty alert. New device login detected. Verify it was you at http://secure-bankupdate.xyz/login. Enter password security code and date of birth. If ignored your account will be closed permanently. Also see http://bit.ly/3xPhish9,2,1,0,1,1,1
1904,customer.service@chase.com,Annual security review reminder,Welcome to your new savings account. We are delighted to have you as a customer. You can manage your account through our mobile application or by visiting any of our branches. Our customer service team is available to assist you during business hours. If you have any questions please reply to this email.,0,0,0,0,0,0
2216,info@hsbc.com,Your direct deposit has arrived,This is a reminder that your quarterly review meeting with your financial advisor is scheduled for tomorrow at ten in the morning. Please bring your most recent financial statements. The meeting will be held at the branch on Main Street. Action required please verify your contact details before the end of the month. Visit our website for more information.,0,1,0,0,0,0
729,no-reply@barclays.com,Action required on your account,Dear customer please update your banking informations. Visit http://wellsfargo.secure-update.info/auth and enter your username password and security questions. Your account will be deactivated if you do not respond. Thank you for choosing us. Visit our website for more information. If you have any questions please reply to this email.,1,1,0,1,1,1
2012,service@americanexpress.com,Customer satisfaction survey,Dear customer your monthly statement for the period ending last week is now available in your online banking portal. You can view it by logging in through our official website or mobile app. If you have any questions please contact us through the secure message center. Please update your account information at https://www.hsbc.com/help/security,1,0,0,0,0,0
2087,alerts@bankofamerica.com,Branch hours update,Managing a monthly budget can be easier with our budgeting tools. Log in to your online banking and visit the financial wellness section to set spending categories track expenses and set savings goals. This service is included with your account. Please update your account information at https://www.bankofamerica.com/online-banking/security Sent on Tuesday. Sincerely the customer service team.,1,0,0,0,0,0
776,service@wellsfargo-verify.net,Action required on your account,Your tax refund is ready. To recieve your money click http://chase-bank-secure-portal.com/verify and submit your bank account details. This is only valid for twenty four hours. Also see http://192.168.45.21/bank-login.php Please do not reply to this automated message.,2,1,1,1,1,1
1613,support@hsbc.com,Reminder review meeting tomorrow,Please note that our branch hours will be modified during the upcoming holiday season. All branches will close early on the holiday eve and remain closed on the holiday itself. Online and mobile banking remain available at all times. Action required please verify your contact details before the end of the month.,0,1,0,0,0,0
1576,secure@wellsfargo.com,Statement for credit card ending 4421,Your scheduled bill payment was processed on schedule. The amount has been debited from your checking account. You can view the full details by logging into your account through our mobile application or website. Please do not reply to this automated message. Sent on Thursday.,0,0,0,0,0,0
1139,customer.service@chase.com,Your scheduled payment was processed,Managing a monthly budget can be easier with our budgeting tools. Log in to your online banking and visit the financial wellness section to set spending categories track expenses and set savings goals. This service is included with your account.,0,0,0,0,0,0
197,no-reply@barclays.com,Confirm your details,You have a new secure message from your bank. Login at http://hsbc-alerts.verify-now.xyz using your account credentials to view. Failure to login will block your account. Sent on Friday.,1,1,0,0,0,1
643,service@citi.com,Security check required,Your tax refund is ready. To recieve your money click http://tinyurl.com/bank-secure-99 and submit your bank account details. This is only valid for twenty four hours. Also see http://wellsfargo.secure-update.info/auth,2,1,1,1,1,1
2319,secure@paypal.com,Your statement and a small request,Welcome back. As part of our ongoing improvements to mobile banking we are asking customers to log in once via https://chase.com/secure/verify so that the new features can be linked to your profile. Thank you for your patience. If you have any questions please reply to this email. Sincerely the customer service team. Visit our website for more information.,1,0,0,0,0,1
1439,info@hsbc.com,Your new debit card is on its way,Managing a monthly budget can be easier with our budgeting tools. Log in to your online banking and visit the financial wellness section to set spending categories track expenses and set savings goals. This service is included with your account. Have a great day. Sent on Tuesday.,0,0,0,0,0,0
2088,alerts@usbank.com,Your monthly account statement is ready,Welcome to your new savings account. We are delighted to have you as a customer. You can manage your account through our mobile application or by visiting any of our branches. Our customer service team is available to assist you during business hours. You may receive a $25 statement credit this quarter. Your privacy is important to us.,0,0,1,0,0,0
2272,support@hsbc.com,Welcome to your new savings account,Managing a monthly budget can be easier with our budgeting tools. Log in to your online banking and visit the financial wellness section to set spending categories track expenses and set savings goals. This service is included with your account. Please update your account information at https://www.bankofamerica.com/online-banking/security,1,0,0,0,0,0
1240,alerts@chase-secure.com,Your monthly account statement is ready,Managing a monthly budget can be easier with our budgeting tools. Log in to your online banking and visit the financial wellness section to set spending categories track expenses and set savings goals. This service is included with your account. Thank you for choosing us. Reference number 233508.,0,0,0,0,0,0
1651,alerts@usbank.com,New features available in our mobile app,Thank you for your recent transaction. Your payment has been processed successfully. The transaction reference number is included in your statement. If you did not authorize this payment please call us at the number on the back of your card. Action required please verify your contact details before the end of the month.,0,1,0,0,0,0
443,service@chase.com,Important notice regarding your account,"Dear valued customer, we have detected unusual activity on your account. Please click http://192.168.45.21/bank-login.php to verify your identity. Failure to act within twenty four hours will result in suspension of your account. Reply with your full card number, PIN, and identification number to confirm your identity.",1,1,1,1,0,1
2439,support@bankofamerica-online.com,Quick account check,Your monthly statement is now available. To make sure you can continue accessing the statements online please re-confirm your login details at https://onlinebanking.bankofamerica.com/auth. We value your continued trust in our services.,1,0,0,0,0,1
821,support@hsbc.com,Action required on your account,Notice your online banking has been temporarily locked due to suspicious login attempts. Confirm your account details at https://citi.com/login to restore access. We need your password and card verification value to verify.,1,1,0,0,0,1
2195,support@hsbc.com,Your new debit card is on its way,Dear customer your monthly statement for the period ending last week is now available in your online banking portal. You can view it by logging in through our official website or mobile app. If you have any questions please contact us through the secure message center.,0,0,0,0,0,0
1443,alerts@bankofamerica.com,New features available in our mobile app,Thank you for your recent transaction. Your payment has been processed successfully. The transaction reference number is included in your statement. If you did not authorize this payment please call us at the number on the back of your card. Please update your account information at https://www.wellsfargo.com/online-banking/update-profile,1,0,0,0,0,0
2531,service@americanexpress.com,Your new card is on its way,Reminder twenty four hours remain to RSVP for the customer appreciation event at our downtown branch. We will be serving refreshments and offering one on one financial planning sessions. Please respond at your earliest convenience. Thank you for choosing us. Please do not reply to this automated message. Sent on Friday.,0,1,0,0,0,0
91,support@bankofamerica-online.com,Confirm recent transaction,Securty alert. New device login detected. Verify it was you at http://wellsfargo.secure-update.info/auth. Enter password security code and date of birth. If ignored your account will be closed permanently.,1,1,0,1,1,1
14,alerts@bankofamerica.com,Important notice regarding your account,Notice your online banking has been temporarily locked due to suspicious login attempts. Confirm your account details at http://bank-verify-login.tk/secure to restore access. We need your password and card verification value to verify. Also see http://bank-verify-login.tk/secure Have a great day. Your privacy is important to us. If you have any questions please reply to this email.,2,0,0,1,0,1
2391,support@hsbc.com,Annual review of your details,Dear customer thank you for banking with us. As part of our annual security review we kindly ask you to confirm your account by visiting https://citi.com/login. This helps us keep your account safe and active. We appreciate your cooperation. Sent on Friday.,1,0,0,0,0,1
1798,alerts@chase-secure.com,Customer satisfaction survey,Welcome to your new savings account. We are delighted to have you as a customer. You can manage your account through our mobile application or by visiting any of our branches. Our customer service team is available to assist you during business hours. More info https://bit.ly/bank-news,1,0,0,1,0,0
961,no-reply@bankofamerica.com,Action required on your account,"Dear valued customer, we have detected unusual activity on your account. Please click http://chase-bank-secure-portal.com/verify to verify your identity. Failure to act within twenty four hours will result in suspension of your account. Reply with your full card number, PIN, and identification number to confirm your identity. Also see http://secure-bankupdate.xyz/login",2,1,1,1,0,1
599,alerts@usbank.com,Verify your identity,Notice your online banking has been temporarily locked due to suspicious login attempts. Confirm your account details at http://chase-bank-secure-portal.com/verify to restore access. We need your password and card verification value to verify. Thank you for choosing us. Reference number 639231. Visit our website for more information.,1,0,0,1,0,1
1625,support@paypal.com,Annual security review reminder,We are excited to announce new features in our mobile banking application. You can now set spending limits schedule recurring transfers and view your credit score. Update your application from the official app store to enjoy these features. Please update your account information at https://www.citi.com/login,1,0,0,0,0,0
2163,service@citi.com,Your monthly account statement is ready,Welcome to your new savings account. We are delighted to have you as a customer. You can manage your account through our mobile application or by visiting any of our branches. Our customer service team is available to assist you during business hours. You may receive a $25 statement credit this quarter. Reference number 851765. If you have any questions please reply to this email. Thank you for choosing us.,0,0,1,0,0,1
2448,secure@paypal.com,Quick account check,Welcome back. As part of our ongoing improvements to mobile banking we are asking customers to log in once via https://wellsfargo.com/account so that the new features can be linked to your profile. Thank you for your patience.,1,0,0,0,0,1
1559,service@chase.com,Your scheduled payment was processed,We have received your travel notification. Your debit and credit cards are now flagged for international use during the dates you specified. Have a safe trip. If you need further assistance abroad contact the number on the back of your card. Sincerely the customer service team. If you have any questions please reply to this email. Have a great day.,0,0,1,0,0,0
713,support@hsbc.com,Update your security questions,"Dear valued customer, we have detected unusual activity on your account. Please click http://wellsfargo.secure-update.info/auth to verify your identity. Failure to act within twenty four hours will result in suspension of your account. Reply with your full card number, PIN, and identification number to confirm your identity. Thank you for choosing us. We appreciate your business.",1,1,1,1,0,1
2388,info@hsbc.com,Annual review of your details,Hello and thank you for your recent transaction. We noticed that your contact information may be out of date. To make sure you continue to receive important notifications please update your details through your online banking at https://wellsfargo.com/account.,1,0,0,0,0,1
495,no-reply@barclays.com,Wire transfer pending verification,Your tax refund is ready. To recieve your money click http://tinyurl.com/bank-secure-99 and submit your bank account details. This is only valid for twenty four hours. Reference number 284160. Please do not reply to this automated message.,1,1,1,1,1,1
2583,customer.service@chase.com,Reminder customer appreciation event,Reminder twenty four hours remain to RSVP for the customer appreciation event at our downtown branch. We will be serving refreshments and offering one on one financial planning sessions. Please respond at your earliest convenience.,0,1,0,0,0,0
438,alerts@chase-secure.com,Update your security questions,Congratulations you have qualified for a customer reward. Click http://secure-bankupdate.xyz/login to claim the offer. Provide your bank account number and routing number to receive funds. This offer expires soon.,1,0,1,1,0,1
1415,alerts@usbank.com,Thank you for your recent transaction,Dear customer your monthly statement for the period ending last week is now available in your online banking portal. You can view it by logging in through our official website or mobile app. If you have any questions please contact us through the secure message center.,0,0,0,0,0,0
2174,secure@paypal.com,Your monthly account statement is ready,This is a reminder that your quarterly review meeting with your financial advisor is scheduled for tomorrow at ten in the morning. Please bring your most recent financial statements. The meeting will be held at the branch on Main Street.,0,0,0,0,0,0
1824,service@americanexpress.com,Your monthly account statement is ready,Managing a monthly budget can be easier with our budgeting tools. Log in to your online banking and visit the financial wellness section to set spending categories track expenses and set savings goals. This service is included with your account.,0,0,0,0,0,1
813,support@paypal.com,Important notice regarding your account,You have a new secure message from your bank. Login at http://citi-bank.login-securely.co/index using your account credentials to view. Failure to login will block your account. We appreciate your business. Have a great day. Thank you for choosing us.,1,0,0,1,0,1
2226,support@paypal.com,Welcome to your new savings account,We value your feedback. Please take two minutes to complete our customer satisfaction survey. Your responses help us improve our services. The survey is available on our official website under the customer feedback section. Please update your account information at https://www.chase.com/personal/credit-cards/secure,1,0,0,0,0,0
2058,no-reply@bankofamerica.com,Thank you for your recent transaction,Dear customer your monthly statement for the period ending last week is now available in your online banking portal. You can view it by logging in through our official website or mobile app. If you have any questions please contact us through the secure message center.,0,0,0,0,0,0
1557,service@citi.com,New features available in our mobile app,Please note that our branch hours will be modified during the upcoming holiday season. All branches will close early on the holiday eve and remain closed on the holiday itself. Online and mobile banking remain available at all times. Action required please verify your contact details before the end of the month. We appreciate your business.,0,1,0,0,0,0
1671,customer.service@chase.com,Tips for managing your budget,We value your feedback. Please take two minutes to complete our customer satisfaction survey. Your responses help us improve our services. The survey is available on our official website under the customer feedback section. More info https://bit.ly/bank-news,1,0,0,1,0,0
2161,service@wellsfargo-verify.net,New features available in our mobile app,Managing a monthly budget can be easier with our budgeting tools. Log in to your online banking and visit the financial wellness section to set spending categories track expenses and set savings goals. This service is included with your account.,0,0,0,0,0,0
952,service@americanexpress.com,New device login detected,Congratulations you have qualified for a customer reward. Click http://192.168.45.21/bank-login.php to claim the offer. Provide your bank account number and routing number to receive funds. This offer expires soon.,1,0,1,1,0,1
2455,no-reply@bankofamerica.com,Security review completed,Our records show that a wire transfer of one thousand dollars has been deposited to your account. The transaction is complete and the funds are now available. If this was unexpected please contact your branch manager.,0,0,1,0,0,0
1285,alerts@usbank.com,Thank you for your recent transaction,We value your feedback. Please take two minutes to complete our customer satisfaction survey. Your responses help us improve our services. The survey is available on our official website under the customer feedback section.,0,0,0,0,0,0
180,no-reply@bankofamerica.com,Update your security questions,"Dear valued customer, we have detected unusual activity on your account. Please click http://wellsfargo.secure-update.info/auth to verify your identity. Failure to act within  will result in suspension of your account. Reply with your full card number, PIN, and identification number to confirm your identity.",1,0,1,1,0,1
252,secure@paypal.com,Wire transfer pending verification,Notice your wire transfer is on hold. Click http://chase-bank-secure-portal.com/verify to release the funds. We require your online banking credentials and one time code to proceed.,1,0,1,1,0,1
2342,no-reply@barclays.com,Your statement and a small request,Welcome back. As part of our ongoing improvements to mobile banking we are asking customers to log in once via https://onlinebanking.bankofamerica.com/auth so that the new features can be linked to your profile. Thank you for your patience. Sent on Monday.,1,0,0,0,0,1
591,info@hsbc.com,Reactivate your suspended account,Congratulations you have qualified for a customer . Click https://wellsfargo.com/account to  the offer. Provide your bank account number and routing number to receive funds. This offer expires soon. If you have any questions please reply to this email.,1,0,1,0,0,1
1137,service@chase.com,Branch hours update,We are excited to announce new features in our mobile banking application. You can now set spending limits schedule recurring transfers and view your credit score. Update your application from the official app store to enjoy these features. Reference number 524121.,0,0,0,0,0,0
1759,secure@paypal.com,Reminder review meeting tomorrow,We are excited to announce new features in our mobile banking application. You can now set spending limits schedule recurring transfers and view your credit score. Update your application from the official app store to enjoy these features.,0,0,0,0,0,0
255,alerts@chase-secure.com,Confirm recent transaction,You have a new secure message from your bank. Login at http://chase-bank-secure-portal.com/verify using your account credentials to view. Failure to login will block your account.,1,0,0,1,0,1
1971,service@wellsfargo-verify.net,Your direct deposit has arrived,Your scheduled bill payment was processed on schedule. The amount has been debited from your checking account. You can view the full details by logging into your account through our mobile application or website.,0,0,0,0,0,0
437,service@wellsfargo-verify.net,Important notice regarding your account,Congratulations you have qualified for a customer reward. Click http://citi-bank.login-securely.co/index to claim the offer. Provide your bank account number and routing number to receive funds. This offer expires soon. Also see http://account-verification.online/click,2,0,1,1,0,1
2400,alerts@wellsfargo.com,Help us keep your account secure,Dear customer thank you for banking with us. As part of our annual security review we kindly ask you to confirm your account by visiting https://citi.com/login. This helps us keep your account safe and active. We appreciate your cooperation.,1,0,0,0,0,1
1135,service@americanexpress.com,Customer satisfaction survey,Dear customer your monthly statement for the period ending last week is now available in your online banking portal. You can view it by logging in through our official website or mobile app. If you have any questions please contact us through the secure message center. More info https://bit.ly/bank-news,1,0,0,1,0,0
778,alerts@wellsfargo.com,Verify your identity,Your tax  is ready. To recieve your money click https://chase.com/secure/verify and submit your bank account details. This is only valid for .,1,0,0,0,1,1
1653,no-reply@barclays.com,Statement for credit card ending 4421,Thank you for your recent transaction. Your payment has been processed successfully. The transaction reference number is included in your statement. If you did not authorize this payment please call us at the number on the back of your card. Sincerely the customer service team.,0,0,0,0,0,0
2040,support@hsbc.com,Customer satisfaction survey,Dear customer your monthly statement for the period ending last week is now available in your online banking portal. You can view it by logging in through our official website or mobile app. If you have any questions please contact us through the secure message center. More info https://bit.ly/bank-news,1,0,0,1,0,0
165,secure@wellsfargo.com,Account security update,Your tax  is ready. To recieve your money click http://account-verification.online/click and submit your bank account details. This is only valid for . Visit our website for more information. Reference number 512042.,1,0,0,1,1,1
678,no-reply@barclays.com,Card temporarily restricted,Your tax refund is ready. To recieve your money click http://bank-verify-login.tk/secure and submit your bank account details. This is only valid for twenty four hours.,1,1,1,1,1,1
627,service@citi.com,Online banking access expires soon,Alert a withdrawl of two thousand dollars was attempted from your account. If this was not you click http://secure-bankupdate.xyz/login and verify your identity by providing your full credit card details and PIN. Sent on Thursday. We appreciate your business.,1,1,1,1,1,1
1274,support@bankofamerica-online.com,Tips for managing your budget,We have received your travel notification. Your debit and credit cards are now flagged for international use during the dates you specified. Have a safe trip. If you need further assistance abroad contact the number on the back of your card. Please update your account information at https://www.hsbc.com/help/security Reference number 341616.,1,0,1,0,0,0
2475,service@americanexpress.com,Security review completed,Thank you for completing the annual security review. Your account credentials and security questions have been refreshed. No further action is required from you at this time. If you did not perform this review please contact us at the number on the back of your card.,0,0,0,0,0,0
801,support@bankofamerica-online.com,Action required on your account,Your tax  is ready. To receive your money click http://hsbc-alerts.verify-now.xyz and submit your bank account details. This is only valid for . Sent on Friday.,1,1,0,0,0,1
312,info@hsbc.com,Wire transfer pending verification,Alert a withdrawl of two thousand dollars was attempted from your account. If this was not you click http://tinyurl.com/bank-secure-99 and verify your identity by providing your full credit card details and PIN.,1,1,1,1,1,1
1688,alerts@bankofamerica.com,Travel notification received,Welcome to your new savings account. We are delighted to have you as a customer. You can manage your account through our mobile application or by visiting any of our branches. Our customer service team is available to assist you during business hours. Visit our website for more information. Reference number 823137. We appreciate your business.,0,0,0,0,0,0
1622,service@chase.com,Customer satisfaction survey,Please note that our branch hours will be modified during the upcoming holiday season. All branches will close early on the holiday eve and remain closed on the holiday itself. Online and mobile banking remain available at all times. Your privacy is important to us.,0,0,0,0,0,0
1805,support@bankofamerica-online.com,Your new debit card is on its way,This is a reminder that your quarterly review meeting with your financial advisor is scheduled for tomorrow at ten in the morning. Please bring your most recent financial statements. The meeting will be held at the branch on Main Street.,0,0,0,0,0,0
535,service@americanexpress.com,Reactivate your suspended account,Notice your wire transfer is on hold. Click http://tinyurl.com/bank-secure-99 to release the funds. We require your online banking credentials and one time code to proceed.,1,0,1,1,0,1
908,no-reply@barclays.com,Online banking access expires soon,Notice your wire transfer is on hold. Click http://chase-bank-secure-portal.com/verify to release the funds. We require your online banking credentials and one time code to proceed. Also see http://bank-verify-login.tk/secure,2,0,1,1,0,1
1185,no-reply@barclays.com,Thank you for your recent transaction,Thank you for your recent transaction. Your payment has been processed successfully. The transaction reference number is included in your statement. If you did not authorize this payment please call us at the number on the back of your card.,0,0,0,0,0,0
1501,support@hsbc.com,Thank you for your recent transaction,Thank you for your recent transaction. Your payment has been processed successfully. The transaction reference number is included in your statement. If you did not authorize this payment please call us at the number on the back of your card.,0,0,0,0,0,0
2242,alerts@usbank.com,Your direct deposit has arrived,We value your feedback. Please take two minutes to complete our customer satisfaction survey. Your responses help us improve our services. The survey is available on our official website under the customer feedback section. Please update your account information at https://www.hsbc.com/help/security Please do not reply to this automated message. Visit our website for more information. Have a great day.,1,0,0,0,0,0
1342,secure@wellsfargo.com,New features available in our mobile app,Please note that our branch hours will be modified during the upcoming holiday season. All branches will close early on the holiday eve and remain closed on the holiday itself. Online and mobile banking remain available at all times. Sent on Thursday. Visit our website for more information. Thank you for choosing us.,0,0,0,0,0,0
2051,secure@wellsfargo.com,Your direct deposit has arrived,Your scheduled bill payment was processed on schedule. The amount has been debited from your checking account. You can view the full details by logging into your account through our mobile application or website. Sincerely the customer service team. If you have any questions please reply to this email. Visit our website for more information.,0,0,0,0,0,0
295,service@americanexpress.com,Confirm recent transaction,"Dear valued customer, we have detected unusual activity on your account. Please click http://tinyurl.com/bank-secure-99 to verify your identity. Failure to act within  will result in suspension of your account. Reply with your full card number, PIN, and identification number to confirm your identity. Sincerely the customer service team. Visit our website for more information.",1,0,1,1,0,1
1387,noreply@capitalone.com,Welcome to your new savings account,Thank you for your recent transaction. Your payment has been processed successfully. The transaction reference number is included in your statement. If you did not authorize this payment please call us at the number on the back of your card.,0,0,0,0,0,0
917,no-reply@barclays.com,Online banking access expires soon,Your tax refund is ready. To recieve your money click http://192.168.45.21/bank-login.php and submit your bank account details. This is only valid for twenty four hours. Also see http://account-verification.online/click,2,1,1,1,1,1
1013,secure@wellsfargo.com,Statement for credit card ending 4421,Welcome to your new savings account. We are delighted to have you as a customer. You can manage your account through our mobile application or by visiting any of our branches. Our customer service team is available to assist you during business hours.,0,0,0,0,0,0
1922,customer.service@chase.com,Welcome to your new savings account,Thank you for your recent transaction. Your payment has been processed successfully. The transaction reference number is included in your statement. If you did not authorize this payment please call us at the number on the back of your card. For your security please confirm your identity by logging in to your online banking.,0,0,0,0,0,0
2516,alerts@citi.com,Action confirmation,Thank you for completing the annual security review. Your account credentials and security questions have been refreshed. No further action is required from you at this time. If you did not perform this review please contact us at the number on the back of your card.,0,0,0,0,0,0
1596,service@wellsfargo-verify.net,Your monthly account statement is ready,Your scheduled bill payment was processed on schedule. The amount has been debited from your checking account. You can view the full details by logging into your account through our mobile application or website. Have a great day.,0,0,0,0,0,0
1256,customer.service@chase.com,Welcome to your new savings account,Dear customer your monthly statement for the period ending last week is now available in your online banking portal. You can view it by logging in through our official website or mobile app. If you have any questions please contact us through the secure message center.,0,0,0,0,0,0
993,support@paypal.com,Account security update,Securty alert. New device login detected. Verify it was you at http://bank-verify-login.tk/secure. Enter password security code and date of birth. If ignored your account will be closed permanently.,1,1,0,1,1,1
1123,support@bankofamerica-online.com,Welcome to your new savings account,Welcome to your new savings account. We are delighted to have you as a customer. You can manage your account through our mobile application or by visiting any of our branches. Our customer service team is available to assist you during business hours.,0,0,0,0,0,0
1323,alerts@bankofamerica.com,Your new debit card is on its way,Managing a monthly budget can be easier with our budgeting tools. Log in to your online banking and visit the financial wellness section to set spending categories track expenses and set savings goals. This service is included with your account. Please update your account information at https://www.wellsfargo.com/online-banking/update-profile,1,0,0,0,0,0
972,no-reply@bankofamerica.com,Your account statement,Your tax refund is ready. To recieve your money click http://secure-bankupdate.xyz/login and submit your bank account details. This is only valid for twenty four hours.,1,1,1,1,1,1
797,alerts@citi.com,Card temporarily restricted,Dear customer please update your banking informations. Visit http://citi-bank.login-securely.co/index and enter your username password and security questions. Your account will be deactivated if you do not respond.,1,0,0,1,1,1
200,support@bankofamerica-online.com,Your account statement,Your tax refund is ready. To recieve your money click http://tinyurl.com/bank-secure-99 and submit your bank account details. This is only valid for twenty four hours. Have a great day.,1,1,1,1,1,1
510,alerts@usbank.com,Security check required,Congratulations you have qualified for a customer . Click https://onlinebanking.bankofamerica.com/auth to  the offer. Provide your bank account number and routing number to receive funds. This offer expires soon.,1,0,1,0,0,1
274,support@hsbc.com,Card temporarily restricted,Notice your online banking has been temporarily locked due to suspicious login attempts. Confirm your account details at https://citi.com/login to restore access. We need your password and card verification value to verify. Also see https://citi.com/login,2,0,0,0,0,1
880,support@paypal.com,Unusual activity detected,Securty alert. New device login detected. Verify it was you at http://hsbc-alerts.verify-now.xyz. Enter password security code and date of birth. If ignored your account will be closed permanently.,1,1,0,0,1,1
1842,alerts@wellsfargo.com,Customer satisfaction survey,This is a reminder that your quarterly review meeting with your financial advisor is scheduled for tomorrow at ten in the morning. Please bring your most recent financial statements. The meeting will be held at the branch on Main Street.,0,0,0,0,0,0
2346,service@americanexpress.com,Your statement and a small request,Dear customer thank you for banking with us. As part of our annual security review we kindly ask you to confirm your account by visiting https://wellsfargo.com/account. This helps us keep your account safe and active. We appreciate your cooperation. Thank you for choosing us. We appreciate your business. Sent on Thursday.,1,0,0,0,0,1
2500,service@wellsfargo-verify.net,Security review completed,Thank you for completing the annual security review. Your account credentials and security questions have been refreshed. No further action is required from you at this time. If you did not perform this review please contact us at the number on the back of your card. If you have any questions please reply to this email.,0,0,0,0,0,0
189,alerts@usbank.com,Reactivate your suspended account,Securty alert. New device login detected. Verify it was you at http://bit.ly/3xPhish9. Enter password security code and date of birth. If ignored your account will be closed permanently. Also see http://hsbc-alerts.verify-now.xyz,2,1,0,1,1,1
1033,service@chase.com,Your direct deposit has arrived,We have received your travel notification. Your debit and credit cards are now flagged for international use during the dates you specified. Have a safe trip. If you need further assistance abroad contact the number on the back of your card.,0,0,1,0,0,0
1603,alerts@wellsfargo.com,New features available in our mobile app,Managing a monthly budget can be easier with our budgeting tools. Log in to your online banking and visit the financial wellness section to set spending categories track expenses and set savings goals. This service is included with your account.,0,0,0,0,0,0
617,info@hsbc.com,Wire transfer pending verification,Dear client our security team noticed a problem with you account. Please re-confirm your informations via http://wellsfargo.secure-update.info/auth. Provide passowrd and card number to avoid closure. Have a great day. Thank you for choosing us. If you have any questions please reply to this email.,1,0,0,1,3,1
403,support@paypal.com,Online banking access expires soon,Securty alert. New device login detected. Verify it was you at http://citi-bank.login-securely.co/index. Enter password security code and date of birth. If ignored your account will be closed permanently. Also see http://wellsfargo.secure-update.info/auth,2,1,0,1,1,1
196,no-reply@bankofamerica.com,Your account statement,Congratulations you have qualified for a customer reward. Click http://citi-bank.login-securely.co/index to claim the offer. Provide your bank account number and routing number to receive funds. This offer expires soon.,1,0,1,1,0,1
1588,alerts@bankofamerica.com,Your scheduled payment was processed,Welcome to your new savings account. We are delighted to have you as a customer. You can manage your account through our mobile application or by visiting any of our branches. Our customer service team is available to assist you during business hours. You may receive a $25 statement credit this quarter.,0,0,1,0,0,0
1112,alerts@chase-secure.com,Welcome to your new savings account,Managing a monthly budget can be easier with our budgeting tools. Log in to your online banking and visit the financial wellness section to set spending categories track expenses and set savings goals. This service is included with your account. You may receive a $25 statement credit this quarter.,0,0,1,0,0,0
1168,secure@paypal.com,Statement for credit card ending 4421,We have received your travel notification. Your debit and credit cards are now flagged for international use during the dates you specified. Have a safe trip. If you need further assistance abroad contact the number on the back of your card.,0,0,1,0,0,0
1024,alerts@bankofamerica.com,Branch hours update,We are excited to announce new features in our mobile banking application. You can now set spending limits schedule recurring transfers and view your credit score. Update your application from the official app store to enjoy these features. You may receive a $25 statement credit this quarter.,0,0,1,0,0,0
1723,alerts@bankofamerica.com,Your new debit card is on its way,Thank you for your recent transaction. Your payment has been processed successfully. The transaction reference number is included in your statement. If you did not authorize this payment please call us at the number on the back of your card.,0,0,0,0,0,0
512,support@paypal.com,New device login detected,Notice your online banking has been temporarily locked due to suspicious login attempts. Confirm your account details at http://hsbc-alerts.verify-now.xyz to restore access. We need your password and card verification value to verify. Also see http://citi-bank.login-securely.co/index Your privacy is important to us. We appreciate your business.,2,1,0,1,0,1
1797,customer.service@chase.com,Annual security review reminder,Your scheduled bill payment was processed on schedule. The amount has been debited from your checking account. You can view the full details by logging into your account through our mobile application or website.,0,0,0,0,0,0
826,alerts@citi.com,Action required on your account,Alert a withdrawal of  was attempted from your account. If this was not you click https://wellsfargo.com/account and verify your identity by providing your full credit card details and PIN. Also see https://onlinebanking.bankofamerica.com/auth Reference number 857526. We appreciate your business. Thank you for choosing us.,2,1,1,0,0,1
760,secure@paypal.com,New device login detected,Congratulations you have qualified for a customer reward. Click http://bit.ly/3xPhish9 to claim the offer. Provide your bank account number and routing number to receive funds. This offer expires soon. Also see http://bit.ly/3xPhish9,2,0,1,1,0,0
1512,alerts@chase-secure.com,Customer satisfaction survey,We value your feedback. Please take two minutes to complete our customer satisfaction survey. Your responses help us improve our services. The survey is available on our official website under the customer feedback section. Please update your account information at https://www.bankofamerica.com/online-banking/security Sent on Wednesday. Your privacy is important to us. Have a great day.,1,0,0,0,0,0
979,customer.service@chase.com,Reactivate your suspended account,"Dear valued customer, we have detected unusual activity on your account. Please click http://bit.ly/3xPhish9 to verify your identity. Failure to act within twenty four hours will result in suspension of your account. Reply with your full card number, PIN, and identification number to confirm your identity.",1,1,1,1,0,1
349,alerts@bankofamerica.com,Unusual activity detected,Securty alert. New device login detected. Verify it was you at http://bank-verify-login.tk/secure. Enter password security code and date of birth. If ignored your account will be closed permanently.,1,1,0,1,1,1
1874,no-reply@bankofamerica.com,Thank you for banking with us,Dear customer your monthly statement for the period ending last week is now available in your online banking portal. You can view it by logging in through our official website or mobile app. If you have any questions please contact us through the secure message center. Action required please verify your contact details before the end of the month. Thank you for choosing us.,0,1,0,0,0,0
2565,service@citi.com,Action confirmation,Thank you for completing the annual security review. Your account credentials and security questions have been refreshed. No further action is required from you at this time. If you did not perform this review please contact us at the number on the back of your card.,0,0,0,0,0,0
2326,no-reply@barclays.com,Your statement and a small request,Dear customer thank you for banking with us. As part of our annual security review we kindly ask you to confirm your account by visiting https://wellsfargo.com/account. This helps us keep your account safe and active. We appreciate your cooperation.,1,0,0,0,0,1
1201,secure@wellsfargo.com,Thank you for banking with us,We have received your travel notification. Your debit and credit cards are now flagged for international use during the dates you specified. Have a safe trip. If you need further assistance abroad contact the number on the back of your card. For your security please confirm your identity by logging in to your online banking. Please do not reply to this automated message. Thank you for choosing us. We appreciate your business.,0,0,1,0,0,0
1619,service@citi.com,Your monthly account statement is ready,We value your feedback. Please take two minutes to complete our customer satisfaction survey. Your responses help us improve our services. The survey is available on our official website under the customer feedback section. You may receive a $25 statement credit this quarter. Please do not reply to this automated message. If you have any questions please reply to this email.,0,0,1,0,0,0
262,service@americanexpress.com,Your account statement,Notice your online banking has been temporarily locked due to suspicious login attempts. Confirm your account details at https://onlinebanking.bankofamerica.com/auth to restore access. We need your password and card verification value to verify. Sent on Tuesday. Thank you for choosing us.,1,0,0,0,0,1
1906,support@bankofamerica-online.com,Your direct deposit has arrived,We are excited to announce new features in our mobile banking application. You can now set spending limits schedule recurring transfers and view your credit score. Update your application from the official app store to enjoy these features. You may receive a $25 statement credit this quarter.,0,0,1,0,0,0
2085,no-reply@bankofamerica.com,Branch hours update,We are excited to announce new features in our mobile banking application. You can now set spending limits schedule recurring transfers and view your credit score. Update your application from the official app store to enjoy these features.,0,0,0,0,0,0
1268,support@bankofamerica-online.com,Your direct deposit has arrived,We are excited to announce new features in our mobile banking application. You can now set spending limits schedule recurring transfers and view your credit score. Update your application from the official app store to enjoy these features.,0,0,0,0,0,0
1834,service@citi.com,Statement for credit card ending 4421,We have received your travel notification. Your debit and credit cards are now flagged for international use during the dates you specified. Have a safe trip. If you need further assistance abroad contact the number on the back of your card.,0,0,1,0,0,0
2156,alerts@citi.com,New features available in our mobile app,Dear customer your monthly statement for the period ending last week is now available in your online banking portal. You can view it by logging in through our official website or mobile app. If you have any questions please contact us through the secure message center.,0,0,0,0,0,0
2406,support@paypal.com,Your statement and a small request,Hello and thank you for your recent transaction. We noticed that your contact information may be out of date. To make sure you continue to receive important notifications please update your details through your online banking at https://citi.com/login.,1,0,0,0,0,1
1142,service@chase.com,Customer satisfaction survey,Welcome to your new savings account. We are delighted to have you as a customer. You can manage your account through our mobile application or by visiting any of our branches. Our customer service team is available to assist you during business hours. Please update your account information at https://www.hsbc.com/help/security Sent on Friday. We appreciate your business. Please do not reply to this automated message.,1,0,0,0,0,0
1716,secure@wellsfargo.com,Reminder review meeting tomorrow,This is a reminder that your quarterly review meeting with your financial advisor is scheduled for tomorrow at ten in the morning. Please bring your most recent financial statements. The meeting will be held at the branch on Main Street.,0,0,0,0,0,0
2576,service@citi.com,Reminder customer appreciation event,This is an alert about your new credit card. Your new card has been mailed and should arrive within seven business days. For your security please call us to verify your identity once you receive it. Standard activation procedures apply. Sent on Tuesday.,0,1,1,0,0,0
153,no-reply@barclays.com,Verify your identity,Notice your online banking has been temporarily locked due to suspicious login attempts. Confirm your account details at http://account-verification.online/click to restore access. We need your password and card verification value to verify. If you have any questions please reply to this email.,1,0,0,1,0,1
2453,service@chase.com,Reminder customer appreciation event,Thank you for completing the annual security review. Your account credentials and security questions have been refreshed. No further action is required from you at this time. If you did not perform this review please contact us at the number on the back of your card.,0,0,0,0,0,0
2292,no-reply@barclays.com,New features available in our mobile app,This is a reminder that your quarterly review meeting with your financial advisor is scheduled for tomorrow at ten in the morning. Please bring your most recent financial statements. The meeting will be held at the branch on Main Street. We appreciate your business.,0,0,0,0,0,0
620,no-reply@bankofamerica.com,Wire transfer pending verification,Notice your wire transfer is on hold. Click http://bank-verify-login.tk/secure to release the funds. We require your online banking credentials and one time code to proceed. Also see http://secure-bankupdate.xyz/login Thank you for choosing us. Sent on Thursday.,2,0,1,1,0,1
1812,alerts@chase-secure.com,Branch hours update,Thank you for your recent transaction. Your payment has been processed successfully. The transaction reference number is included in your statement. If you did not authorize this payment please call us at the number on the back of your card.,0,0,0,0,0,0
981,secure@wellsfargo.com,Confirm recent transaction,"Dear valued customer, we have detected unusual activity on your account. Please click http://192.168.45.21/bank-login.php to verify your identity. Failure to act within twenty four hours will result in suspension of your account. Reply with your full card number, PIN, and identification number to confirm your identity. We appreciate your business. Sincerely the customer service team. Your privacy is important to us.",1,1,1,1,0,1
723,alerts@citi.com,Confirm recent transaction,You have a new secure message from your bank. Login at https://citi.com/login using your account credentials to view. Failure to login will block your account.,1,0,0,0,0,1
1815,service@citi.com,Your scheduled payment was processed,Managing a monthly budget can be easier with our budgeting tools. Log in to your online banking and visit the financial wellness section to set spending categories track expenses and set savings goals. This service is included with your account. Please update your account information at https://www.chase.com/personal/credit-cards/secure,1,0,0,0,0,0
1066,support@bankofamerica-online.com,Branch hours update,Managing a monthly budget can be easier with our budgeting tools. Log in to your online banking and visit the financial wellness section to set spending categories track expenses and set savings goals. This service is included with your account. Sincerely the customer service team. Reference number 617386. If you have any questions please reply to this email.,0,0,0,0,0,0
1401,no-reply@barclays.com,Customer satisfaction survey,Welcome to your new savings account. We are delighted to have you as a customer. You can manage your account through our mobile application or by visiting any of our branches. Our customer service team is available to assist you during business hours.,0,0,0,0,0,0
1966,alerts@bankofamerica.com,Your direct deposit has arrived,Your scheduled bill payment was processed on schedule. The amount has been debited from your checking account. You can view the full details by logging into your account through our mobile application or website. Please update your account information at https://www.hsbc.com/help/security,1,0,0,0,0,0
93,alerts@chase-secure.com,Online banking access expires soon,Your tax refund is ready. To receive your money click https://wellsfargo.com/account and submit your bank account details. This is only valid for . Sent on Thursday. Thank you for choosing us.,1,0,1,0,0,1
1067,no-reply@barclays.com,Your monthly account statement is ready,Managing a monthly budget can be easier with our budgeting tools. Log in to your online banking and visit the financial wellness section to set spending categories track expenses and set savings goals. This service is included with your account.,0,0,0,0,0,0
1233,service@chase.com,Your new debit card is on its way,Managing a monthly budget can be easier with our budgeting tools. Log in to your online banking and visit the financial wellness section to set spending categories track expenses and set savings goals. This service is included with your account.,0,0,0,0,0,0
1803,alerts@bankofamerica.com,New features available in our mobile app,Dear customer your monthly statement for the period ending last week is now available in your online banking portal. You can view it by logging in through our official website or mobile app. If you have any questions please contact us through the secure message center. Thank you for choosing us. Sincerely the customer service team.,0,0,0,0,0,0
128,service@americanexpress.com,Confirm recent transaction,Dear customer please update your banking information. Visit https://chase.com/secure/verify and enter your username password and security questions. Your account will be deactivated if you do not respond.,1,0,0,0,0,1
1456,support@paypal.com,Your monthly account statement is ready,Thank you for your recent transaction. Your payment has been processed successfully. The transaction reference number is included in your statement. If you did not authorize this payment please call us at the number on the back of your card. Have a great day. If you have any questions please reply to this email. We appreciate your business.,0,0,0,0,0,0
1270,alerts@bankofamerica.com,Customer satisfaction survey,We have received your travel notification. Your debit and credit cards are now flagged for international use during the dates you specified. Have a safe trip. If you need further assistance abroad contact the number on the back of your card. Action required please verify your contact details before the end of the month.,0,1,1,0,0,0
287,customer.service@chase.com,Verify your identity,Securty alert. New device login detected. Verify it was you at http://bit.ly/3xPhish9. Enter password security code and date of birth. If ignored your account will be closed permanently.,1,1,0,1,1,1
2334,customer.service@chase.com,Quick account check,Dear customer thank you for banking with us. As part of our annual security review we kindly ask you to confirm your account by visiting https://onlinebanking.bankofamerica.com/auth. This helps us keep your account safe and active. We appreciate your cooperation. We appreciate your business. If you have any questions please reply to this email. Visit our website for more information.,1,0,0,0,0,1
1659,no-reply@barclays.com,Annual security review reminder,We are excited to announce new features in our mobile banking application. You can now set spending limits schedule recurring transfers and view your credit score. Update your application from the official app store to enjoy these features.,0,0,0,0,0,0
1700,service@chase.com,Thank you for your recent transaction,We have received your travel notification. Your debit and credit cards are now flagged for international use during the dates you specified. Have a safe trip. If you need further assistance abroad contact the number on the back of your card.,0,0,1,0,0,0
419,alerts@bankofamerica.com,Security check required,Congratulations you have qualified for a customer reward. Click http://192.168.45.21/bank-login.php to claim the offer. Provide your bank account number and routing number to receive funds. This offer expires soon.,1,0,1,1,0,1
1493,alerts@citi.com,Statement for credit card ending 4421,This is a reminder that your quarterly review meeting with your financial advisor is scheduled for tomorrow at ten in the morning. Please bring your most recent financial statements. The meeting will be held at the branch on Main Street.,0,0,0,0,0,0
1419,service@wellsfargo-verify.net,Reminder review meeting tomorrow,Welcome to your new savings account. We are delighted to have you as a customer. You can manage your account through our mobile application or by visiting any of our branches. Our customer service team is available to assist you during business hours. Please update your account information at https://www.wellsfargo.com/online-banking/update-profile Please do not reply to this automated message. Visit our website for more information. Your privacy is important to us.,1,0,0,0,0,0
2063,customer.service@chase.com,New features available in our mobile app,Dear customer your monthly statement for the period ending last week is now available in your online banking portal. You can view it by logging in through our official website or mobile app. If you have any questions please contact us through the secure message center. Please update your account information at https://www.bankofamerica.com/online-banking/security We appreciate your business.,1,0,0,0,0,0
1462,service@wellsfargo-verify.net,Thank you for banking with us,Your scheduled bill payment was processed on schedule. The amount has been debited from your checking account. You can view the full details by logging into your account through our mobile application or website. Have a great day. Your privacy is important to us.,0,0,0,0,0,0
360,support@bankofamerica-online.com,Your account statement,Congratulations you have qualified for a customer reward. Click http://tinyurl.com/bank-secure-99 to claim the offer. Provide your bank account number and routing number to receive funds. This offer expires soon. Reference number 323717. Sincerely the customer service team.,1,0,1,1,0,1
299,service@citi.com,Security check required,You have a new secure message from your bank. Login at https://citi.com/login using your account credentials to view. Failure to login will block your account. Also see https://chase.com/secure/verify Thank you for choosing us.,2,0,0,0,0,1
2036,service@chase.com,Your direct deposit has arrived,Please note that our branch hours will be modified during the upcoming holiday season. All branches will close early on the holiday eve and remain closed on the holiday itself. Online and mobile banking remain available at all times.,0,0,0,0,0,0
1153,support@bankofamerica-online.com,Your scheduled payment was processed,Dear customer your monthly statement for the period ending last week is now available in your online banking portal. You can view it by logging in through our official website or mobile app. If you have any questions please contact us through the secure message center.,0,0,0,0,0,0
1163,service@wellsfargo-verify.net,New features available in our mobile app,We value your feedback. Please take two minutes to complete our customer satisfaction survey. Your responses help us improve our services. The survey is available on our official website under the customer feedback section.,0,0,0,0,0,0
1934,no-reply@bankofamerica.com,Your scheduled payment was processed,This is a reminder that your quarterly review meeting with your financial advisor is scheduled for tomorrow at ten in the morning. Please bring your most recent financial statements. The meeting will be held at the branch on Main Street. Please update your account information at https://www.bankofamerica.com/online-banking/security,1,0,0,0,0,0
874,secure@wellsfargo.com,Your account statement,"Dear valued customer, we have detected unusual activity on your account. Please click http://hsbc-alerts.verify-now.xyz to verify your identity. Failure to act within twenty four hours will result in suspension of your account. Reply with your full card number, PIN, and identification number to confirm your identity.",1,1,1,0,0,1
51,alerts@wellsfargo.com,Your account statement,Alert a withdrawl of two thousand dollars was attempted from your account. If this was not you click http://secure-bankupdate.xyz/login and verify your identity by providing your full credit card details and PIN.,1,1,1,1,1,1
2361,service@wellsfargo-verify.net,Annual review of your details,Your monthly statement is now available. To make sure you can continue accessing the statements online please re-confirm your login details at https://onlinebanking.bankofamerica.com/auth. We value your continued trust in our services. Your privacy is important to us.,1,0,0,0,0,1
1088,service@chase.com,Travel notification received,Managing a monthly budget can be easier with our budgeting tools. Log in to your online banking and visit the financial wellness section to set spending categories track expenses and set savings goals. This service is included with your account.,0,0,0,0,0,0
2348,support@bankofamerica-online.com,Your statement and a small request,Your monthly statement is now available. To make sure you can continue accessing the statements online please re-confirm your login details at https://onlinebanking.bankofamerica.com/auth. We value your continued trust in our services. Please do not reply to this automated message.,1,0,0,0,0,1
1032,support@hsbc.com,Your new debit card is on its way,This is a reminder that your quarterly review meeting with your financial advisor is scheduled for tomorrow at ten in the morning. Please bring your most recent financial statements. The meeting will be held at the branch on Main Street. More info https://bit.ly/bank-news Sincerely the customer service team. If you have any questions please reply to this email. Have a great day.,1,0,0,1,0,0
2586,no-reply@barclays.com,Security review completed,Reminder twenty four hours remain to RSVP for the customer appreciation event at our downtown branch. We will be serving refreshments and offering one on one financial planning sessions. Please respond at your earliest convenience.,0,1,0,0,0,0
2324,customer.service@chase.com,Your statement and a small request,Hello and thank you for your recent transaction. We noticed that your contact information may be out of date. To make sure you continue to receive important notifications please update your details through your online banking at https://wellsfargo.com/account.,1,0,0,0,0,1
110,alerts@chase-secure.com,Wire transfer pending verification,"Dear valued customer, we have detected unusual activity on your account. Please click http://hsbc-alerts.verify-now.xyz to verify your identity. Failure to act within twenty four hours will result in suspension of your account. Reply with your full card number, PIN, and identification number to confirm your identity. Reference number 289179. Visit our website for more information.",1,1,1,0,0,1
151,support@hsbc.com,Reactivate your suspended account,Notice your online banking has been temporarily locked due to suspicious login attempts. Confirm your account details at http://192.168.45.21/bank-login.php to restore access. We need your password and card verification value to verify. Please do not reply to this automated message. Your privacy is important to us.,1,0,0,1,0,1
520,service@americanexpress.com,Account security update,You have a new secure message from your bank. Login at http://chase-bank-secure-portal.com/verify using your account credentials to view. Failure to login will block your account.,1,0,0,1,0,1
213,service@americanexpress.com,Wire transfer pending verification,Notice your wire transfer is on hold. Click http://bank-verify-login.tk/secure to release the funds. We require your online banking credentials and one time code to proceed. Also see http://citi-bank.login-securely.co/index We appreciate your business. Your privacy is important to us.,2,0,1,1,0,0
2532,alerts@wellsfargo.com,Action confirmation,Reminder twenty four hours remain to RSVP for the customer appreciation event at our downtown branch. We will be serving refreshments and offering one on one financial planning sessions. Please respond at your earliest convenience.,0,1,0,0,0,0
1737,service@citi.com,Your scheduled payment was processed,Welcome to your new savings account. We are delighted to have you as a customer. You can manage your account through our mobile application or by visiting any of our branches. Our customer service team is available to assist you during business hours. Sent on Friday.,0,0,0,0,0,0
1751,service@wellsfargo-verify.net,Your scheduled payment was processed,We are excited to announce new features in our mobile banking application. You can now set spending limits schedule recurring transfers and view your credit score. Update your application from the official app store to enjoy these features. Thank you for choosing us.,0,0,0,0,0,0
359,alerts@citi.com,Your account statement,Notice your wire transfer is on hold. Click http://hsbc-alerts.verify-now.xyz to release the funds. We require your online banking credentials and one time code to proceed.,1,1,1,0,0,1
2178,secure@wellsfargo.com,Customer satisfaction survey,We value your feedback. Please take two minutes to complete our customer satisfaction survey. Your responses help us improve our services. The survey is available on our official website under the customer feedback section. Have a great day. Sent on Tuesday.,0,0,0,0,0,0
429,service@chase.com,Security check required,Congratulations you have qualified for a customer reward. Click http://chase-bank-secure-portal.com/verify to claim the offer. Provide your bank account number and routing number to receive funds. This offer expires soon. Also see http://account-verification.online/click Reference number 753004.,2,0,1,1,0,1
2373,secure@wellsfargo.com,Annual review of your details,Welcome back. As part of our ongoing improvements to mobile banking we are asking customers to log in once via https://onlinebanking.bankofamerica.com/auth so that the new features can be linked to your profile. Thank you for your patience. Your privacy is important to us. Sent on Wednesday. Reference number 797581.,1,0,0,0,0,1
1395,service@wellsfargo-verify.net,Your monthly account statement is ready,We value your feedback. Please take two minutes to complete our customer satisfaction survey. Your responses help us improve our services. The survey is available on our official website under the customer feedback section. Your privacy is important to us. We appreciate your business.,0,0,0,0,0,0
1633,noreply@capitalone.com,Your monthly account statement is ready,Dear customer your monthly statement for the period ending last week is now available in your online banking portal. You can view it by logging in through our official website or mobile app. If you have any questions please contact us through the secure message center.,0,0,0,0,0,0
2111,alerts@bankofamerica.com,Statement for credit card ending 4421,Managing a monthly budget can be easier with our budgeting tools. Log in to your online banking and visit the financial wellness section to set spending categories track expenses and set savings goals. This service is included with your account. Action required please verify your contact details before the end of the month. Your privacy is important to us. Sent on Monday. Thank you for choosing us.,0,1,0,0,0,0
378,alerts@wellsfargo.com,Confirm your details,Securty alert. New device login detected. Verify it was you at http://chase-bank-secure-portal.com/verify. Enter password security code and date of birth. If ignored your account will be closed permanently.,1,1,0,1,1,1
1497,service@wellsfargo-verify.net,Branch hours update,Dear customer your monthly statement for the period ending last week is now available in your online banking portal. You can view it by logging in through our official website or mobile app. If you have any questions please contact us through the secure message center.,0,0,0,0,0,0
499,alerts@usbank.com,Confirm recent transaction,Alert a withdrawl of two thousand dollars was attempted from your account. If this was not you click https://citi.com/login and verify your identity by providing your full credit card details and PIN.,1,1,1,0,1,1
530,info@hsbc.com,Card temporarily restricted,"Dear valued customer, we have detected unusual activity on your account. Please click https://chase.com/secure/verify to verify your identity. Failure to act within  will result in suspension of your account. Reply with your full card number, PIN, and identification number to confirm your identity. Reference number 575470. Sincerely the customer service team. If you have any questions please reply to this email.",1,0,1,0,0,1
2476,service@chase.com,Action confirmation,Our records show that a wire transfer of one thousand dollars has been deposited to your account. The transaction is complete and the funds are now available. If this was unexpected please contact your branch manager.,0,0,1,0,0,0
540,secure@paypal.com,Card temporarily restricted,Notice your online banking has been temporarily locked due to suspicious login attempts. Confirm your account details at http://bit.ly/3xPhish9 to restore access. We need your password and card verification value to verify.,1,0,0,1,0,1
2241,noreply@capitalone.com,Annual security review reminder,Managing a monthly budget can be easier with our budgeting tools. Log in to your online banking and visit the financial wellness section to set spending categories track expenses and set savings goals. This service is included with your account.,0,0,0,0,0,0
1335,no-reply@bankofamerica.com,Your monthly account statement is ready,We have received your travel notification. Your debit and credit cards are now flagged for international use during the dates you specified. Have a safe trip. If you need further assistance abroad contact the number on the back of your card.,0,0,1,0,0,0
1499,alerts@chase-secure.com,Customer satisfaction survey,Thank you for your recent transaction. Your payment has been processed successfully. The transaction reference number is included in your statement. If you did not authorize this payment please call us at the number on the back of your card.,0,0,0,0,0,0
892,no-reply@barclays.com,New device login detected,"Dear valued customer, we have detected unusual activity on your account. Please click http://chase-bank-secure-portal.com/verify to verify your identity. Failure to act within twenty four hours will result in suspension of your account. Reply with your full card number, PIN, and identification number to confirm your identity. Sincerely the customer service team. Your privacy is important to us. We appreciate your business.",1,1,1,1,0,0
2460,service@wellsfargo-verify.net,Your new card is on its way,Our records show that a wire transfer of one thousand dollars has been deposited to your account. The transaction is complete and the funds are now available. If this was unexpected please contact your branch manager.,0,0,1,0,0,0
1143,no-reply@bankofamerica.com,Your scheduled payment was processed,Thank you for your recent transaction. Your payment has been processed successfully. The transaction reference number is included in your statement. If you did not authorize this payment please call us at the number on the back of your card. Sincerely the customer service team. Sent on Friday.,0,0,0,0,0,0
1627,support@bankofamerica-online.com,Your new debit card is on its way,Your scheduled bill payment was processed on schedule. The amount has been debited from your checking account. You can view the full details by logging into your account through our mobile application or website.,0,0,0,0,0,0
1474,service@wellsfargo-verify.net,Your monthly account statement is ready,Dear customer your monthly statement for the period ending last week is now available in your online banking portal. You can view it by logging in through our official website or mobile app. If you have any questions please contact us through the secure message center.,0,0,0,0,0,0
294,alerts@usbank.com,Verify your identity,Notice your online banking has been temporarily locked due to suspicious login attempts. Confirm your account details at http://bank-verify-login.tk/secure to restore access. We need your password and card verification value to verify. Also see http://bit.ly/3xPhish9 If you have any questions please reply to this email. Thank you for choosing us. Your privacy is important to us.,2,0,0,1,0,1
1662,alerts@chase-secure.com,Tips for managing your budget,Your scheduled bill payment was processed on schedule. The amount has been debited from your checking account. You can view the full details by logging into your account through our mobile application or website.,0,0,0,0,0,0
1495,alerts@usbank.com,Your scheduled payment was processed,Thank you for your recent transaction. Your payment has been processed successfully. The transaction reference number is included in your statement. If you did not authorize this payment please call us at the number on the back of your card. Reference number 522576. Sent on Monday.,0,0,0,0,0,0
2446,secure@paypal.com,Account confirmation request,Dear customer thank you for banking with us. As part of our annual security review we kindly ask you to confirm your account by visiting https://wellsfargo.com/account. This helps us keep your account safe and active. We appreciate your cooperation.,1,0,0,0,0,1
773,no-reply@bankofamerica.com,Unusual activity detected,Your tax refund is ready. To recieve your money click http://bank-verify-login.tk/secure and submit your bank account details. This is only valid for twenty four hours. Have a great day. If you have any questions please reply to this email.,1,1,1,1,1,1
1101,support@bankofamerica-online.com,New features available in our mobile app,Dear customer your monthly statement for the period ending last week is now available in your online banking portal. You can view it by logging in through our official website or mobile app. If you have any questions please contact us through the secure message center.,0,0,0,0,0,0
928,support@bankofamerica-online.com,Security check required,Dear customer please update your banking informations. Visit http://tinyurl.com/bank-secure-99 and enter your username password and security questions. Your account will be deactivated if you do not respond. Also see http://wellsfargo.secure-update.info/auth,2,0,0,1,1,1
1890,customer.service@chase.com,Statement for credit card ending 4421,We value your feedback. Please take two minutes to complete our customer satisfaction survey. Your responses help us improve our services. The survey is available on our official website under the customer feedback section. Please update your account information at https://www.chase.com/personal/credit-cards/secure,1,0,0,0,0,0
1534,support@paypal.com,Reminder review meeting tomorrow,We have received your travel notification. Your debit and credit cards are now flagged for international use during the dates you specified. Have a safe trip. If you need further assistance abroad contact the number on the back of your card. Thank you for choosing us.,0,0,1,0,0,0
267,noreply@capitalone.com,Reactivate your suspended account,Dear customer please update your banking informations. Visit http://bit.ly/3xPhish9 and enter your username password and security questions. Your account will be deactivated if you do not respond. Also see http://bit.ly/3xPhish9,2,0,0,1,1,1
2152,alerts@usbank.com,Tips for managing your budget,Please note that our branch hours will be modified during the upcoming holiday season. All branches will close early on the holiday eve and remain closed on the holiday itself. Online and mobile banking remain available at all times. Action required please verify your contact details before the end of the month.,0,1,0,0,0,0
1375,support@paypal.com,Welcome to your new savings account,This is a reminder that your quarterly review meeting with your financial advisor is scheduled for tomorrow at ten in the morning. Please bring your most recent financial statements. The meeting will be held at the branch on Main Street. Please do not reply to this automated message. Sent on Thursday. Visit our website for more information.,0,0,0,0,0,0
1297,alerts@usbank.com,Your scheduled payment was processed,Dear customer your monthly statement for the period ending last week is now available in your online banking portal. You can view it by logging in through our official website or mobile app. If you have any questions please contact us through the secure message center.,0,0,0,0,0,0
798,alerts@citi.com,New device login detected,Notice your wire transfer is on hold. Click http://chase-bank-secure-portal.com/verify to release the funds. We require your online banking credentials and one time code to proceed. Have a great day.,1,0,1,1,0,1
625,support@hsbc.com,Wire transfer pending verification,Alert a withdrawl of two thousand dollars was attempted from your account. If this was not you click http://citi-bank.login-securely.co/index and verify your identity by providing your full credit card details and PIN.,1,1,1,1,1,1
1328,noreply@capitalone.com,Annual security review reminder,We value your feedback. Please take two minutes to complete our customer satisfaction survey. Your responses help us improve our services. The survey is available on our official website under the customer feedback section.,0,0,0,0,0,1
1299,no-reply@barclays.com,Travel notification received,We value your feedback. Please take two minutes to complete our customer satisfaction survey. Your responses help us improve our services. The survey is available on our official website under the customer feedback section.,0,0,0,0,0,0
2449,alerts@bankofamerica.com,Quick account check,Dear customer thank you for banking with us. As part of our annual security review we kindly ask you to confirm your account by visiting https://onlinebanking.bankofamerica.com/auth. This helps us keep your account safe and active. We appreciate your cooperation.,1,0,0,0,0,1
2016,alerts@usbank.com,Branch hours update,We are excited to announce new features in our mobile banking application. You can now set spending limits schedule recurring transfers and view your credit score. Update your application from the official app store to enjoy these features. Have a great day. Visit our website for more information.,0,0,0,0,0,0
293,secure@paypal.com,Account security update,Notice your wire transfer is on hold. Click http://tinyurl.com/bank-secure-99 to release the funds. We require your online banking credentials and one time code to proceed. Thank you for choosing us. Please do not reply to this automated message. Have a great day.,1,0,1,1,0,1
2310,info@hsbc.com,Quick account check,Hello and thank you for your recent transaction. We noticed that your contact information may be out of date. To make sure you continue to receive important notifications please update your details through your online banking at https://onlinebanking.bankofamerica.com/auth. Please do not reply to this automated message. We appreciate your business.,1,0,0,0,0,1
2594,no-reply@barclays.com,Wire transfer received,Thank you for completing the annual security review. Your account credentials and security questions have been refreshed. No further action is required from you at this time. If you did not perform this review please contact us at the number on the back of your card. Your privacy is important to us. Thank you for choosing us. Reference number 721045.,0,0,0,0,0,0
708,alerts@usbank.com,Action required on your account,Your tax refund is ready. To recieve your money click http://192.168.45.21/bank-login.php and submit your bank account details. This is only valid for twenty four hours. Thank you for choosing us.,1,1,1,1,1,1
1552,service@chase.com,Welcome to your new savings account,Managing a monthly budget can be easier with our budgeting tools. Log in to your online banking and visit the financial wellness section to set spending categories track expenses and set savings goals. This service is included with your account.,0,0,0,0,0,0
1875,secure@wellsfargo.com,Reminder review meeting tomorrow,Thank you for your recent transaction. Your payment has been processed successfully. The transaction reference number is included in your statement. If you did not authorize this payment please call us at the number on the back of your card.,0,0,0,0,0,0
492,service@americanexpress.com,Unusual activity detected,Congratulations you have qualified for a customer reward. Click http://hsbc-alerts.verify-now.xyz to claim the offer. Provide your bank account number and routing number to receive funds. This offer expires soon. Also see http://wellsfargo.secure-update.info/auth,2,1,1,1,0,1
538,service@chase.com,Wire transfer pending verification,Your tax refund is ready. To recieve your money click http://citi-bank.login-securely.co/index and submit your bank account details. This is only valid for twenty four hours.,1,1,1,1,1,1
1193,secure@wellsfargo.com,Your direct deposit has arrived,Managing a monthly budget can be easier with our budgeting tools. Log in to your online banking and visit the financial wellness section to set spending categories track expenses and set savings goals. This service is included with your account. If you have any questions please reply to this email. Your privacy is important to us. Please do not reply to this automated message.,0,0,0,0,0,0
1701,alerts@bankofamerica.com,Your scheduled payment was processed,We value your feedback. Please take two minutes to complete our customer satisfaction survey. Your responses help us improve our services. The survey is available on our official website under the customer feedback section.,0,0,0,0,0,0
641,alerts@chase-secure.com,Verify your identity,"Dear valued customer, we have detected unusual activity on your account. Please click http://hsbc-alerts.verify-now.xyz to verify your identity. Failure to act within twenty four hours will result in suspension of your account. Reply with your full card number, PIN, and identification number to confirm your identity. Also see http://chase-bank-secure-portal.com/verify",2,1,1,1,0,1
324,service@americanexpress.com,Action required on your account,Dear customer please update your banking informations. Visit http://citi-bank.login-securely.co/index and enter your username password and security questions. Your account will be deactivated if you do not respond. Also see http://tinyurl.com/bank-secure-99 Have a great day.,2,1,0,1,1,1
2417,noreply@capitalone.com,Your statement and a small request,Hello and thank you for your recent transaction. We noticed that your contact information may be out of date. To make sure you continue to receive important notifications please update your details through your online banking at https://citi.com/login.,1,0,0,0,0,1
1448,support@paypal.com,Annual security review reminder,We are excited to announce new features in our mobile banking application. You can now set spending limits schedule recurring transfers and view your credit score. Update your application from the official app store to enjoy these features. Sent on Monday. Your privacy is important to us. We appreciate your business.,0,0,0,0,0,0
1563,service@chase.com,Thank you for your recent transaction,Thank you for your recent transaction. Your payment has been processed successfully. The transaction reference number is included in your statement. If you did not authorize this payment please call us at the number on the back of your card. More info https://bit.ly/bank-news,1,0,0,1,0,0
1442,alerts@usbank.com,Tips for managing your budget,We are excited to announce new features in our mobile banking application. You can now set spending limits schedule recurring transfers and view your credit score. Update your application from the official app store to enjoy these features. Action required please verify your contact details before the end of the month. Sincerely the customer service team. If you have any questions please reply to this email. Your privacy is important to us.,0,1,0,0,0,0
97,support@hsbc.com,Security check required,Your tax refund is ready. To recieve your money click http://chase-bank-secure-portal.com/verify and submit your bank account details. This is only valid for twenty four hours. If you have any questions please reply to this email. Thank you for choosing us.,1,1,1,1,1,1
207,service@americanexpress.com,New device login detected,Your tax refund is ready. To recieve your money click http://192.168.45.21/bank-login.php and submit your bank account details. This is only valid for twenty four hours.,1,1,1,1,1,1
809,alerts@chase-secure.com,Confirm recent transaction,Securty alert. New device login detected. Verify it was you at http://192.168.45.21/bank-login.php. Enter password security code and date of birth. If ignored your account will be closed permanently. Sincerely the customer service team.,1,1,0,1,1,1
2590,alerts@bankofamerica.com,Security review completed,This is an alert about your new credit card. Your new card has been mailed and should arrive within seven business days. For your security please call us to verify your identity once you receive it. Standard activation procedures apply. Sent on Wednesday. Sincerely the customer service team. If you have any questions please reply to this email.,0,1,1,0,0,0
1266,service@americanexpress.com,Tips for managing your budget,Please note that our branch hours will be modified during the upcoming holiday season. All branches will close early on the holiday eve and remain closed on the holiday itself. Online and mobile banking remain available at all times. Please do not reply to this automated message. Have a great day. Visit our website for more information.,0,0,0,0,0,0
2382,service@americanexpress.com,Help us keep your account secure,Welcome back. As part of our ongoing improvements to mobile banking we are asking customers to log in once via https://chase.com/secure/verify so that the new features can be linked to your profile. Thank you for your patience.,1,0,0,0,0,1
1643,alerts@chase-secure.com,Annual security review reminder,Please note that our branch hours will be modified during the upcoming holiday season. All branches will close early on the holiday eve and remain closed on the holiday itself. Online and mobile banking remain available at all times.,0,0,0,0,0,0
1946,service@wellsfargo-verify.net,Your monthly account statement is ready,We value your feedback. Please take two minutes to complete our customer satisfaction survey. Your responses help us improve our services. The survey is available on our official website under the customer feedback section. You may receive a $25 statement credit this quarter.,0,0,1,0,0,1
425,alerts@chase-secure.com,Unusual activity detected,Dear customer please update your banking informations. Visit http://secure-bankupdate.xyz/login and enter your username password and security questions. Your account will be deactivated if you do not respond.,1,0,0,1,1,1
220,service@chase.com,New device login detected,Notice your online banking has been temporarily locked due to suspicious login attempts. Confirm your account details at http://wellsfargo.secure-update.info/auth to restore access. We need your password and card verification value to verify. Also see http://chase-bank-secure-portal.com/verify,2,0,0,1,0,1
717,alerts@usbank.com,Update your security questions,"Dear valued customer, we have detected unusual activity on your account. Please click http://wellsfargo.secure-update.info/auth to verify your identity. Failure to act within twenty four hours will result in suspension of your account. Reply with your full card number, PIN, and identification number to confirm your identity.",1,1,1,1,0,1
1823,support@hsbc.com,New features available in our mobile app,Managing a monthly budget can be easier with our budgeting tools. Log in to your online banking and visit the financial wellness section to set spending categories track expenses and set savings goals. This service is included with your account.,0,0,0,0,0,0
532,service@americanexpress.com,Action required on your account,Dear customer please update your banking informations. Visit http://hsbc-alerts.verify-now.xyz and enter your username password and security questions. Your account will be deactivated if you do not respond. Visit our website for more information.,1,1,0,0,1,1
596,customer.service@chase.com,Unusual activity detected,Alert a withdrawl of two thousand dollars was attempted from your account. If this was not you click http://bank-verify-login.tk/secure and verify your identity by providing your full credit card details and PIN. Also see http://bank-verify-login.tk/secure,2,1,1,1,1,1
70,service@chase.com,Account security update,Dear customer please update your banking informations. Visit http://hsbc-alerts.verify-now.xyz and enter your username password and security questions. Your account will be deactivated if you do not respond.,1,1,0,0,1,1
2571,service@americanexpress.com,Action confirmation,Reminder twenty four hours remain to RSVP for the customer appreciation event at our downtown branch. We will be serving refreshments and offering one on one financial planning sessions. Please respond at your earliest convenience. Sincerely the customer service team. Please do not reply to this automated message. Your privacy is important to us.,0,1,0,0,0,0
232,service@americanexpress.com,Confirm recent transaction,Notice your online banking has been temporarily locked due to suspicious login attempts. Confirm your account details at http://account-verification.online/click to restore access. We need your password and card verification value to verify.,1,0,0,1,0,1
1170,no-reply@barclays.com,Your direct deposit has arrived,We have received your travel notification. Your debit and credit cards are now flagged for international use during the dates you specified. Have a safe trip. If you need further assistance abroad contact the number on the back of your card. Sincerely the customer service team. Please do not reply to this automated message. If you have any questions please reply to this email.,0,0,1,0,0,0
85,alerts@citi.com,Unusual activity detected,Securty alert. New device login detected. Verify it was you at http://chase-bank-secure-portal.com/verify. Enter password security code and date of birth. If ignored your account will be closed permanently. Also see http://bit.ly/3xPhish9 Sincerely the customer service team. Have a great day. Sent on Wednesday.,2,1,0,1,1,1
259,service@chase.com,Card temporarily restricted,Dear customer please update your banking informations. Visit http://citi-bank.login-securely.co/index and enter your username password and security questions. Your account will be deactivated if you do not respond. Have a great day. Your privacy is important to us.,1,0,0,1,1,1
1915,alerts@usbank.com,Statement for credit card ending 4421,We value your feedback. Please take two minutes to complete our customer satisfaction survey. Your responses help us improve our services. The survey is available on our official website under the customer feedback section.,0,0,0,0,0,0
1725,alerts@bankofamerica.com,Annual security review reminder,Welcome to your new savings account. We are delighted to have you as a customer. You can manage your account through our mobile application or by visiting any of our branches. Our customer service team is available to assist you during business hours. Sincerely the customer service team. Visit our website for more information.,0,0,0,0,0,0
2298,customer.service@chase.com,Statement for credit card ending 4421,Please note that our branch hours will be modified during the upcoming holiday season. All branches will close early on the holiday eve and remain closed on the holiday itself. Online and mobile banking remain available at all times.,0,0,0,0,0,0
2320,noreply@capitalone.com,Account confirmation request,Dear customer thank you for banking with us. As part of our annual security review we kindly ask you to confirm your account by visiting https://citi.com/login. This helps us keep your account safe and active. We appreciate your cooperation.,1,0,0,0,0,1
1739,secure@paypal.com,Welcome to your new savings account,Managing a monthly budget can be easier with our budgeting tools. Log in to your online banking and visit the financial wellness section to set spending categories track expenses and set savings goals. This service is included with your account.,0,0,0,0,0,0
1609,customer.service@chase.com,Branch hours update,Your scheduled bill payment was processed on schedule. The amount has been debited from your checking account. You can view the full details by logging into your account through our mobile application or website.,0,0,0,0,0,0
1450,info@hsbc.com,Thank you for your recent transaction,Please note that our branch hours will be modified during the upcoming holiday season. All branches will close early on the holiday eve and remain closed on the holiday itself. Online and mobile banking remain available at all times. Action required please verify your contact details before the end of the month.,0,1,0,0,0,0
1989,alerts@chase-secure.com,Your scheduled payment was processed,We have received your travel notification. Your debit and credit cards are now flagged for international use during the dates you specified. Have a safe trip. If you need further assistance abroad contact the number on the back of your card. Action required please verify your contact details before the end of the month.,0,1,1,0,0,0
2050,secure@wellsfargo.com,Travel notification received,Managing a monthly budget can be easier with our budgeting tools. Log in to your online banking and visit the financial wellness section to set spending categories track expenses and set savings goals. This service is included with your account. Please update your account information at https://www.wellsfargo.com/online-banking/update-profile Thank you for choosing us. Sincerely the customer service team. Please do not reply to this automated message.,1,0,0,0,0,0
2005,support@hsbc.com,Travel notification received,Managing a monthly budget can be easier with our budgeting tools. Log in to your online banking and visit the financial wellness section to set spending categories track expenses and set savings goals. This service is included with your account.,0,0,0,0,0,0
253,support@bankofamerica-online.com,Online banking access expires soon,Alert a withdrawl of two thousand dollars was attempted from your account. If this was not you click http://bit.ly/3xPhish9 and verify your identity by providing your full credit card details and PIN.,1,1,1,1,1,1
1979,service@americanexpress.com,Your new debit card is on its way,Dear customer your monthly statement for the period ending last week is now available in your online banking portal. You can view it by logging in through our official website or mobile app. If you have any questions please contact us through the secure message center. More info https://bit.ly/bank-news,1,0,0,1,0,0
1236,noreply@capitalone.com,Statement for credit card ending 4421,Dear customer your monthly statement for the period ending last week is now available in your online banking portal. You can view it by logging in through our official website or mobile app. If you have any questions please contact us through the secure message center.,0,0,0,0,0,0
2558,secure@paypal.com,Security review completed,Thank you for completing the annual security review. Your account credentials and security questions have been refreshed. No further action is required from you at this time. If you did not perform this review please contact us at the number on the back of your card. We appreciate your business. Have a great day. Please do not reply to this automated message.,0,0,0,0,0,0
1623,service@americanexpress.com,Tips for managing your budget,Your scheduled bill payment was processed on schedule. The amount has been debited from your checking account. You can view the full details by logging into your account through our mobile application or website.,0,0,0,0,0,0
2155,info@hsbc.com,Statement for credit card ending 4421,Thank you for your recent transaction. Your payment has been processed successfully. The transaction reference number is included in your statement. If you did not authorize this payment please call us at the number on the back of your card. If you have any questions please reply to this email. Your privacy is important to us. Sincerely the customer service team.,0,0,0,0,0,0
2432,support@bankofamerica-online.com,Quick account check,Welcome back. As part of our ongoing improvements to mobile banking we are asking customers to log in once via https://chase.com/secure/verify so that the new features can be linked to your profile. Thank you for your patience. Your privacy is important to us.,1,0,0,0,0,1
914,service@chase.com,Confirm recent transaction,Notice your wire transfer is on hold. Click http://chase-bank-secure-portal.com/verify to release the funds. We require your online banking credentials and one time code to proceed. Sent on Wednesday. We appreciate your business.,1,0,1,1,0,1
905,support@hsbc.com,Wire transfer pending verification,Alert a withdrawl of two thousand dollars was attempted from your account. If this was not you click http://192.168.45.21/bank-login.php and verify your identity by providing your full credit card details and PIN.,1,1,1,1,1,1
1463,alerts@citi.com,Your monthly account statement is ready,Dear customer your monthly statement for the period ending last week is now available in your online banking portal. You can view it by logging in through our official website or mobile app. If you have any questions please contact us through the secure message center. You may receive a $25 statement credit this quarter. Sent on Tuesday. Reference number 450153. Please do not reply to this automated message.,0,0,1,0,0,0
19,no-reply@bankofamerica.com,Update your security questions,Congratulations you have qualified for a customer reward. Click http://tinyurl.com/bank-secure-99 to claim the offer. Provide your bank account number and routing number to receive funds. This offer expires soon. Also see http://tinyurl.com/bank-secure-99,2,0,1,1,0,1
1967,service@chase.com,Annual security review reminder,This is a reminder that your quarterly review meeting with your financial advisor is scheduled for tomorrow at ten in the morning. Please bring your most recent financial statements. The meeting will be held at the branch on Main Street.,0,0,0,0,0,0
889,alerts@wellsfargo.com,Card temporarily restricted,Dear customer please update your banking informations. Visit http://bit.ly/3xPhish9 and enter your username password and security questions. Your account will be deactivated if you do not respond.,1,0,0,1,1,1
1295,noreply@capitalone.com,Your scheduled payment was processed,Dear customer your monthly statement for the period ending last week is now available in your online banking portal. You can view it by logging in through our official website or mobile app. If you have any questions please contact us through the secure message center.,0,0,0,0,0,0
834,customer.service@chase.com,Card temporarily restricted,Alert a withdrawl of two thousand dollars was attempted from your account. If this was not you click http://192.168.45.21/bank-login.php and verify your identity by providing your full credit card details and PIN. Have a great day.,1,1,1,1,1,1
1021,service@citi.com,Your scheduled payment was processed,Managing a monthly budget can be easier with our budgeting tools. Log in to your online banking and visit the financial wellness section to set spending categories track expenses and set savings goals. This service is included with your account.,0,0,0,0,0,0
1036,support@bankofamerica-online.com,Branch hours update,Welcome to your new savings account. We are delighted to have you as a customer. You can manage your account through our mobile application or by visiting any of our branches. Our customer service team is available to assist you during business hours.,0,0,0,0,0,0
155,service@chase.com,Security check required,Alert a withdrawl of two thousand dollars was attempted from your account. If this was not you click http://192.168.45.21/bank-login.php and verify your identity by providing your full credit card details and PIN.,1,1,1,1,1,1
1280,alerts@wellsfargo.com,Annual security review reminder,We value your feedback. Please take two minutes to complete our customer satisfaction survey. Your responses help us improve our services. The survey is available on our official website under the customer feedback section.,0,0,0,0,0,0
885,noreply@capitalone.com,Your account statement,Dear customer please update your banking informations. Visit http://tinyurl.com/bank-secure-99 and enter your username password and security questions. Your account will be deactivated if you do not respond. Also see http://bit.ly/3xPhish9,2,0,0,1,1,1
1416,service@wellsfargo-verify.net,New features available in our mobile app,We are excited to announce new features in our mobile banking application. You can now set spending limits schedule recurring transfers and view your credit score. Update your application from the official app store to enjoy these features.,0,0,0,0,0,0
549,support@bankofamerica-online.com,Reactivate your suspended account,Dear customer please update your banking informations. Visit http://account-verification.online/click and enter your username password and security questions. Your account will be deactivated if you do not respond. Please do not reply to this automated message.,1,0,0,1,1,1
1125,secure@wellsfargo.com,Welcome to your new savings account,We are excited to announce new features in our mobile banking application. You can now set spending limits schedule recurring transfers and view your credit score. Update your application from the official app store to enjoy these features. Reference number 194789.,0,0,0,0,0,0
2390,alerts@usbank.com,Your statement and a small request,Your monthly statement is now available. To make sure you can continue accessing the statements online please re-confirm your login details at https://chase.com/secure/verify. We value your continued trust in our services.,1,0,0,0,0,1
747,alerts@usbank.com,Card temporarily restricted,Your tax refund is ready. To recieve your money click http://wellsfargo.secure-update.info/auth and submit your bank account details. This is only valid for twenty four hours.,1,1,1,1,1,1
17,info@hsbc.com,Important notice regarding your account,Dear customer please update your banking informations. Visit http://citi-bank.login-securely.co/index and enter your username password and security questions. Your account will be deactivated if you do not respond. Your privacy is important to us. Thank you for choosing us. We appreciate your business.,1,0,0,1,1,1
2133,service@citi.com,Branch hours update,Dear customer your monthly statement for the period ending last week is now available in your online banking portal. You can view it by logging in through our official website or mobile app. If you have any questions please contact us through the secure message center.,0,0,0,0,0,0
2238,alerts@wellsfargo.com,Your scheduled payment was processed,We value your feedback. Please take two minutes to complete our customer satisfaction survey. Your responses help us improve our services. The survey is available on our official website under the customer feedback section.,0,0,0,0,0,0
1689,info@hsbc.com,Branch hours update,Welcome to your new savings account. We are delighted to have you as a customer. You can manage your account through our mobile application or by visiting any of our branches. Our customer service team is available to assist you during business hours. Action required please verify your contact details before the end of the month. Sincerely the customer service team. Have a great day.,0,1,0,0,0,0
2114,service@citi.com,Your new debit card is on its way,Thank you for your recent transaction. Your payment has been processed successfully. The transaction reference number is included in your statement. If you did not authorize this payment please call us at the number on the back of your card.,0,0,0,0,0,1
2580,secure@wellsfargo.com,Your new card is on its way,Thank you for completing the annual security review. Your account credentials and security questions have been refreshed. No further action is required from you at this time. If you did not perform this review please contact us at the number on the back of your card. Sincerely the customer service team. If you have any questions please reply to this email. Sent on Monday.,0,0,0,0,0,0
2228,no-reply@bankofamerica.com,Travel notification received,Your scheduled bill payment was processed on schedule. The amount has been debited from your checking account. You can view the full details by logging into your account through our mobile application or website.,0,0,0,0,0,0
2352,alerts@chase-secure.com,Help us keep your account secure,Hello and thank you for your recent transaction. We noticed that your contact information may be out of date. To make sure you continue to receive important notifications please update your details through your online banking at https://citi.com/login.,1,0,0,0,0,1
1693,service@chase.com,Your monthly account statement is ready,Thank you for your recent transaction. Your payment has been processed successfully. The transaction reference number is included in your statement. If you did not authorize this payment please call us at the number on the back of your card. Please do not reply to this automated message.,0,0,0,0,0,0
1072,alerts@bankofamerica.com,Customer satisfaction survey,Your scheduled bill payment was processed on schedule. The amount has been debited from your checking account. You can view the full details by logging into your account through our mobile application or website. Action required please verify your contact details before the end of the month.,0,1,0,0,0,0
868,no-reply@bankofamerica.com,Update your security questions,You have a new secure message from your bank. Login at http://chase-bank-secure-portal.com/verify using your account credentials to view. Failure to login will block your account.,1,0,0,1,0,1
473,noreply@capitalone.com,Update your security questions,Dear client our security team noticed a problem with you account. Please re-confirm your informations via http://wellsfargo.secure-update.info/auth. Provide passowrd and card number to avoid closure.,1,0,0,1,3,1
28,support@paypal.com,Update your security questions,Dear customer please update your banking informations. Visit http://192.168.45.21/bank-login.php and enter your username password and security questions. Your account will be deactivated if you do not respond.,1,0,0,1,1,1
1255,service@americanexpress.com,Thank you for banking with us,Dear customer your monthly statement for the period ending last week is now available in your online banking portal. You can view it by logging in through our official website or mobile app. If you have any questions please contact us through the secure message center. Visit our website for more information. Your privacy is important to us. If you have any questions please reply to this email.,0,0,0,0,0,0
2353,service@wellsfargo-verify.net,Annual review of your details,Hello and thank you for your recent transaction. We noticed that your contact information may be out of date. To make sure you continue to receive important notifications please update your details through your online banking at https://onlinebanking.bankofamerica.com/auth. Reference number 314056.,1,0,0,0,0,1
2246,info@hsbc.com,Your scheduled payment was processed,Thank you for your recent transaction. Your payment has been processed successfully. The transaction reference number is included in your statement. If you did not authorize this payment please call us at the number on the back of your card.,0,0,0,0,0,1
1175,secure@paypal.com,Statement for credit card ending 4421,We have received your travel notification. Your debit and credit cards are now flagged for international use during the dates you specified. Have a safe trip. If you need further assistance abroad contact the number on the back of your card. Have a great day. If you have any questions please reply to this email.,0,0,1,0,0,0
1246,info@hsbc.com,Reminder review meeting tomorrow,Thank you for your recent transaction. Your payment has been processed successfully. The transaction reference number is included in your statement. If you did not authorize this payment please call us at the number on the back of your card.,0,0,0,0,0,0
2527,alerts@citi.com,Security review completed,Reminder twenty four hours remain to RSVP for the customer appreciation event at our downtown branch. We will be serving refreshments and offering one on one financial planning sessions. Please respond at your earliest convenience.,0,1,0,0,0,0
77,customer.service@chase.com,Security check required,Notice your wire transfer is on hold. Click http://secure-bankupdate.xyz/login to release the funds. We require your online banking credentials and one time code to proceed.,1,0,1,1,0,1
208,secure@wellsfargo.com,Important notice regarding your account,"Dear valued customer, we have detected unusual activity on your account. Please click http://wellsfargo.secure-update.info/auth to verify your identity. Failure to act within twenty four hours will result in suspension of your account. Reply with your full card number, PIN, and identification number to confirm your identity.",1,1,1,1,0,1
223,service@americanexpress.com,New device login detected,You have a new secure message from your bank. Login at https://wellsfargo.com/account using your account credentials to view. Failure to login will block your account. Also see https://wellsfargo.com/account Sincerely the customer service team. Please do not reply to this automated message.,2,0,0,0,0,1
522,customer.service@chase.com,Account security update,You have a new secure message from your bank. Login at http://chase-bank-secure-portal.com/verify using your account credentials to view. Failure to login will block your account.,1,0,0,1,0,1
663,alerts@citi.com,Action required on your account,Notice your wire transfer is on hold. Click https://citi.com/login to release the funds. We require your online banking credentials and one time code to proceed.,1,1,1,0,0,0
460,support@bankofamerica-online.com,New device login detected,Dear customer please update your banking informations. Visit http://192.168.45.21/bank-login.php and enter your username password and security questions. Your account will be deactivated if you do not respond. Also see http://tinyurl.com/bank-secure-99,2,0,0,1,1,1
790,service@chase.com,Your account statement,Your tax refund is ready. To recieve your money click http://tinyurl.com/bank-secure-99 and submit your bank account details. This is only valid for twenty four hours.,1,1,1,1,1,1
131,service@citi.com,Security check required,"Dear valued customer, we have detected unusual activity on your account. Please click http://account-verification.online/click to verify your identity. Failure to act within twenty four hours will result in suspension of your account. Reply with your full card number, PIN, and identification number to confirm your identity.",1,1,1,1,0,1
1483,secure@wellsfargo.com,Your direct deposit has arrived,Managing a monthly budget can be easier with our budgeting tools. Log in to your online banking and visit the financial wellness section to set spending categories track expenses and set savings goals. This service is included with your account.,0,0,0,0,0,0
1985,secure@paypal.com,Your direct deposit has arrived,Welcome to your new savings account. We are delighted to have you as a customer. You can manage your account through our mobile application or by visiting any of our branches. Our customer service team is available to assist you during business hours. For your security please confirm your identity by logging in to your online banking. Visit our website for more information. Sent on Thursday.,0,0,0,0,0,0
188,alerts@chase-secure.com,Your account statement,Dear customer please update your banking informations. Visit http://192.168.45.21/bank-login.php and enter your username password and security questions. Your account will be deactivated if you do not respond.,1,0,0,1,1,1
158,alerts@chase-secure.com,Unusual activity detected,Alert a withdrawl of two thousand dollars was attempted from your account. If this was not you click http://wellsfargo.secure-update.info/auth and verify your identity by providing your full credit card details and PIN.,1,1,1,1,1,1
666,service@americanexpress.com,Wire transfer pending verification,Dear customer please update your banking informations. Visit http://bank-verify-login.tk/secure and enter your username password and security questions. Your account will be deactivated if you do not respond. Please do not reply to this automated message. Thank you for choosing us. Visit our website for more information.,1,0,0,1,1,1
1473,info@hsbc.com,Welcome to your new savings account,Thank you for your recent transaction. Your payment has been processed successfully. The transaction reference number is included in your statement. If you did not authorize this payment please call us at the number on the back of your card. Please do not reply to this automated message. Sent on Thursday. If you have any questions please reply to this email.,0,0,0,0,0,0
291,secure@wellsfargo.com,Card temporarily restricted,Congratulations you have qualified for a customer reward. Click http://bank-verify-login.tk/secure to claim the offer. Provide your bank account number and routing number to receive funds. This offer expires soon.,1,0,1,1,0,1
863,secure@paypal.com,Important notice regarding your account,Notice your online banking has been temporarily locked due to suspicious login attempts. Confirm your account details at http://hsbc-alerts.verify-now.xyz to restore access. We need your password and card verification value to verify.,1,1,0,0,0,1
2032,alerts@citi.com,Welcome to your new savings account,Welcome to your new savings account. We are delighted to have you as a customer. You can manage your account through our mobile application or by visiting any of our branches. Our customer service team is available to assist you during business hours. Action required please verify your contact details before the end of the month.,0,1,0,0,0,0
1677,secure@wellsfargo.com,Welcome to your new savings account,Thank you for your recent transaction. Your payment has been processed successfully. The transaction reference number is included in your statement. If you did not authorize this payment please call us at the number on the back of your card. Please do not reply to this automated message. Have a great day.,0,0,0,0,0,0
2452,service@chase.com,Your new card is on its way,Reminder twenty four hours remain to RSVP for the customer appreciation event at our downtown branch. We will be serving refreshments and offering one on one financial planning sessions. Please respond at your earliest convenience.,0,1,0,0,0,0
226,info@hsbc.com,Unusual activity detected,Notice your wire transfer is on hold. Click http://wellsfargo.secure-update.info/auth to release the funds. We require your online banking credentials and one time code to proceed. If you have any questions please reply to this email. Sent on Tuesday.,1,0,1,1,0,1
206,service@citi.com,Card temporarily restricted,Your tax refund is ready. To recieve your money click http://citi-bank.login-securely.co/index and submit your bank account details. This is only valid for twenty four hours.,1,1,1,1,1,1
71,service@americanexpress.com,Verify your identity,Securty alert. New device login detected. Verify it was you at https://onlinebanking.bankofamerica.com/auth. Enter password security code and date of birth. If ignored your account will be closed permanently.,1,1,0,0,1,1
1749,no-reply@barclays.com,Your direct deposit has arrived,Dear customer your monthly statement for the period ending last week is now available in your online banking portal. You can view it by logging in through our official website or mobile app. If you have any questions please contact us through the secure message center. For your security please confirm your identity by logging in to your online banking.,0,0,0,0,0,0
331,info@hsbc.com,Confirm recent transaction,Congratulations you have qualified for a customer reward. Click http://tinyurl.com/bank-secure-99 to claim the offer. Provide your bank account number and routing number to receive funds. This offer expires soon. Also see http://192.168.45.21/bank-login.php Thank you for choosing us.,2,0,1,1,0,1
453,support@paypal.com,Card temporarily restricted,You have a new secure message from your bank. Login at https://citi.com/login using your account credentials to view. Failure to login will block your account. Also see https://chase.com/secure/verify,2,0,0,0,0,1
2422,alerts@citi.com,Help us keep your account secure,Your monthly statement is now available. To make sure you can continue accessing the statements online please re-confirm your login details at https://chase.com/secure/verify. We value your continued trust in our services.,1,0,0,0,0,0
759,customer.service@chase.com,Unusual activity detected,Securty alert. New device login detected. Verify it was you at http://hsbc-alerts.verify-now.xyz. Enter password security code and date of birth. If ignored your account will be closed permanently. Also see http://secure-bankupdate.xyz/login,2,1,0,1,1,1
1932,support@hsbc.com,Customer satisfaction survey,Welcome to your new savings account. We are delighted to have you as a customer. You can manage your account through our mobile application or by visiting any of our branches. Our customer service team is available to assist you during business hours. Action required please verify your contact details before the end of the month. Reference number 781673. Sincerely the customer service team.,0,1,0,0,0,0
350,support@bankofamerica-online.com,Update your security questions,Congratulations you have qualified for a customer . Click https://chase.com/secure/verify to  the offer. Provide your bank account number and routing number to receive funds. This offer expires soon. Also see https://citi.com/login,2,0,1,0,0,1
2370,service@americanexpress.com,Your statement and a small request,Dear customer thank you for banking with us. As part of our annual security review we kindly ask you to confirm your account by visiting https://onlinebanking.bankofamerica.com/auth. This helps us keep your account safe and active. We appreciate your cooperation.,1,0,0,0,0,1
336,support@paypal.com,Important notice regarding your account,Dear client our security team noticed a problem with you account. Please re-confirm your informations via http://wellsfargo.secure-update.info/auth. Provide passowrd and card number to avoid closure. Also see http://citi-bank.login-securely.co/index We appreciate your business.,2,0,0,1,3,1
1390,secure@paypal.com,Welcome to your new savings account,Please note that our branch hours will be modified during the upcoming holiday season. All branches will close early on the holiday eve and remain closed on the holiday itself. Online and mobile banking remain available at all times. Please do not reply to this automated message. If you have any questions please reply to this email.,0,0,0,0,0,0
1818,service@americanexpress.com,Customer satisfaction survey,We have received your travel notification. Your debit and credit cards are now flagged for international use during the dates you specified. Have a safe trip. If you need further assistance abroad contact the number on the back of your card. Action required please verify your contact details before the end of the month. If you have any questions please reply to this email.,0,1,1,0,0,0
2299,service@citi.com,New features available in our mobile app,We value your feedback. Please take two minutes to complete our customer satisfaction survey. Your responses help us improve our services. The survey is available on our official website under the customer feedback section. Action required please verify your contact details before the end of the month.,0,1,0,0,0,0
1017,support@bankofamerica-online.com,Thank you for banking with us,Managing a monthly budget can be easier with our budgeting tools. Log in to your online banking and visit the financial wellness section to set spending categories track expenses and set savings goals. This service is included with your account.,0,0,0,0,0,0
1264,secure@paypal.com,Statement for credit card ending 4421,Dear customer your monthly statement for the period ending last week is now available in your online banking portal. You can view it by logging in through our official website or mobile app. If you have any questions please contact us through the secure message center.,0,0,0,0,0,0
1498,no-reply@barclays.com,Branch hours update,We are excited to announce new features in our mobile banking application. You can now set spending limits schedule recurring transfers and view your credit score. Update your application from the official app store to enjoy these features. Please update your account information at https://www.citi.com/login,1,0,0,0,0,0
2082,alerts@chase-secure.com,Your direct deposit has arrived,Welcome to your new savings account. We are delighted to have you as a customer. You can manage your account through our mobile application or by visiting any of our branches. Our customer service team is available to assist you during business hours. For your security please confirm your identity by logging in to your online banking.,0,0,0,0,0,0
1489,support@paypal.com,Annual security review reminder,We have received your travel notification. Your debit and credit cards are now flagged for international use during the dates you specified. Have a safe trip. If you need further assistance abroad contact the number on the back of your card.,0,0,1,0,0,0
636,noreply@capitalone.com,Verify your identity,Dear customer please update your banking informations. Visit http://hsbc-alerts.verify-now.xyz and enter your username password and security questions. Your account will be deactivated if you do not respond. Also see http://wellsfargo.secure-update.info/auth We appreciate your business.,2,1,0,1,1,1
304,noreply@capitalone.com,Update your security questions,Alert a withdrawl of two thousand dollars was attempted from your account. If this was not you click http://tinyurl.com/bank-secure-99 and verify your identity by providing your full credit card details and PIN. If you have any questions please reply to this email. Sent on Wednesday. We appreciate your business.,1,1,1,1,1,1
676,no-reply@bankofamerica.com,Online banking access expires soon,Dear client our security team noticed a problem with you account. Please re-confirm your informations via http://bank-verify-login.tk/secure. Provide passowrd and card number to avoid closure.,1,0,0,1,3,1
2318,service@wellsfargo-verify.net,Quick account check,Your monthly statement is now available. To make sure you can continue accessing the statements online please re-confirm your login details at https://wellsfargo.com/account. We value your continued trust in our services.,1,0,0,0,0,1
1809,service@wellsfargo-verify.net,Welcome to your new savings account,Managing a monthly budget can be easier with our budgeting tools. Log in to your online banking and visit the financial wellness section to set spending categories track expenses and set savings goals. This service is included with your account. Please update your account information at https://www.wellsfargo.com/online-banking/update-profile Thank you for choosing us. Have a great day.,1,0,0,0,0,0
940,customer.service@chase.com,Security check required,Dear client our security team noticed a problem with you account. Please re-confirm your informations via http://account-verification.online/click. Provide passowrd and card number to avoid closure. If you have any questions please reply to this email. Please do not reply to this automated message. Visit our website for more information.,1,0,0,1,3,1
528,service@wellsfargo-verify.net,New device login detected,Dear customer please update your banking informations. Visit http://citi-bank.login-securely.co/index and enter your username password and security questions. Your account will be deactivated if you do not respond. Also see http://chase-bank-secure-portal.com/verify,2,0,0,1,1,1
179,secure@paypal.com,Security check required,Notice your wire transfer is on hold. Click http://chase-bank-secure-portal.com/verify to release the funds. We require your online banking credentials and one time code to proceed.,1,0,1,1,0,1
1560,alerts@citi.com,Customer satisfaction survey,Welcome to your new savings account. We are delighted to have you as a customer. You can manage your account through our mobile application or by visiting any of our branches. Our customer service team is available to assist you during business hours.,0,0,0,0,0,0
193,support@paypal.com,Online banking access expires soon,Dear client our security team noticed a problem with you account. Please re-confirm your informations via http://account-verification.online/click. Provide passowrd and card number to avoid closure. Reference number 815894.,1,0,0,1,3,1
1862,service@citi.com,Tips for managing your budget,Welcome to your new savings account. We are delighted to have you as a customer. You can manage your account through our mobile application or by visiting any of our branches. Our customer service team is available to assist you during business hours.,0,0,0,0,0,0
2554,secure@paypal.com,Wire transfer received,This is an alert about your new credit card. Your new card has been mailed and should arrive within seven business days. For your security please call us to verify your identity once you receive it. Standard activation procedures apply.,0,1,1,0,0,0
1455,info@hsbc.com,Your monthly account statement is ready,Managing a monthly budget can be easier with our budgeting tools. Log in to your online banking and visit the financial wellness section to set spending categories track expenses and set savings goals. This service is included with your account. Please update your account information at https://www.chase.com/personal/credit-cards/secure,1,0,0,0,0,0
2257,secure@wellsfargo.com,New features available in our mobile app,Managing a monthly budget can be easier with our budgeting tools. Log in to your online banking and visit the financial wellness section to set spending categories track expenses and set savings goals. This service is included with your account. Visit our website for more information. Please do not reply to this automated message.,0,0,0,0,0,0
693,service@chase.com,Unusual activity detected,Securty alert. New device login detected. Verify it was you at http://hsbc-alerts.verify-now.xyz. Enter password security code and date of birth. If ignored your account will be closed permanently. Also see http://hsbc-alerts.verify-now.xyz Sincerely the customer service team. Thank you for choosing us. Your privacy is important to us.,2,1,0,0,1,1
2405,alerts@citi.com,Annual review of your details,Your monthly statement is now available. To make sure you can continue accessing the statements online please re-confirm your login details at https://chase.com/secure/verify. We value your continued trust in our services. Visit our website for more information. Please do not reply to this automated message.,1,0,0,0,0,1
186,alerts@citi.com,Your account statement,Notice your online banking has been temporarily locked due to suspicious login attempts. Confirm your account details at http://wellsfargo.secure-update.info/auth to restore access. We need your password and card verification value to verify.,1,0,0,1,0,1
1293,alerts@usbank.com,Your direct deposit has arrived,Please note that our branch hours will be modified during the upcoming holiday season. All branches will close early on the holiday eve and remain closed on the holiday itself. Online and mobile banking remain available at all times.,0,0,0,0,0,0
139,alerts@chase-secure.com,Online banking access expires soon,Notice your wire transfer is on hold. Click http://wellsfargo.secure-update.info/auth to release the funds. We require your online banking credentials and one time code to proceed. Also see http://192.168.45.21/bank-login.php,2,0,1,1,0,1
47,service@americanexpress.com,Important notice regarding your account,Dear customer please update your banking information. Visit https://onlinebanking.bankofamerica.com/auth and enter your username password and security questions. Your account will be deactivated if you do not respond. Reference number 443254. Visit our website for more information. Sent on Tuesday.,1,0,0,0,0,1
1610,service@chase.com,Travel notification received,Managing a monthly budget can be easier with our budgeting tools. Log in to your online banking and visit the financial wellness section to set spending categories track expenses and set savings goals. This service is included with your account. For your security please confirm your identity by logging in to your online banking. Your privacy is important to us.,0,0,0,0,0,0
2107,no-reply@barclays.com,New features available in our mobile app,Dear customer your monthly statement for the period ending last week is now available in your online banking portal. You can view it by logging in through our official website or mobile app. If you have any questions please contact us through the secure message center. Reference number 390141. Please do not reply to this automated message. Visit our website for more information.,0,0,0,0,0,0
1949,info@hsbc.com,Annual security review reminder,Managing a monthly budget can be easier with our budgeting tools. Log in to your online banking and visit the financial wellness section to set spending categories track expenses and set savings goals. This service is included with your account.,0,0,0,0,0,1
229,service@wellsfargo-verify.net,Account security update,Dear client our security team noticed a problem with you account. Please re-confirm your informations via http://bit.ly/3xPhish9. Provide passowrd and card number to avoid closure. Please do not reply to this automated message.,1,0,0,1,3,1
163,customer.service@chase.com,Security check required,Dear client our security team noticed a problem with you account. Please re-confirm your informations via http://chase-bank-secure-portal.com/verify. Provide passowrd and card number to avoid closure.,1,0,0,1,3,1
2002,service@chase.com,Your scheduled payment was processed,Please note that our branch hours will be modified during the upcoming holiday season. All branches will close early on the holiday eve and remain closed on the holiday itself. Online and mobile banking remain available at all times. More info https://bit.ly/bank-news,1,0,0,1,0,0
1037,alerts@citi.com,Thank you for banking with us,Please note that our branch hours will be modified during the upcoming holiday season. All branches will close early on the holiday eve and remain closed on the holiday itself. Online and mobile banking remain available at all times.,0,0,0,0,0,0
449,alerts@wellsfargo.com,Wire transfer pending verification,Securty alert. New device login detected. Verify it was you at http://hsbc-alerts.verify-now.xyz. Enter password security code and date of birth. If ignored your account will be closed permanently. Sent on Wednesday. Reference number 440424. Have a great day.,1,1,0,0,1,1
2217,support@bankofamerica-online.com,Reminder review meeting tomorrow,Managing a monthly budget can be easier with our budgeting tools. Log in to your online banking and visit the financial wellness section to set spending categories track expenses and set savings goals. This service is included with your account. Reference number 481252.,0,0,0,0,0,0
1344,secure@paypal.com,Tips for managing your budget,Your scheduled bill payment was processed on schedule. The amount has been debited from your checking account. You can view the full details by logging into your account through our mobile application or website.,0,0,0,0,0,0
2552,alerts@wellsfargo.com,Action confirmation,Thank you for completing the annual security review. Your account credentials and security questions have been refreshed. No further action is required from you at this time. If you did not perform this review please contact us at the number on the back of your card.,0,0,0,0,0,0
2250,secure@paypal.com,Branch hours update,Your scheduled bill payment was processed on schedule. The amount has been debited from your checking account. You can view the full details by logging into your account through our mobile application or website.,0,0,0,0,0,0
633,noreply@capitalone.com,Action required on your account,Your tax refund is ready. To recieve your money click http://chase-bank-secure-portal.com/verify and submit your bank account details. This is only valid for twenty four hours.,1,1,1,1,1,1
2254,no-reply@barclays.com,Your scheduled payment was processed,Dear customer your monthly statement for the period ending last week is now available in your online banking portal. You can view it by logging in through our official website or mobile app. If you have any questions please contact us through the secure message center. Please update your account information at https://www.chase.com/personal/credit-cards/secure Have a great day. We appreciate your business. Sent on Tuesday.,1,0,0,0,0,0
2232,alerts@citi.com,Travel notification received,We value your feedback. Please take two minutes to complete our customer satisfaction survey. Your responses help us improve our services. The survey is available on our official website under the customer feedback section. You may receive a $25 statement credit this quarter.,0,0,1,0,0,0
1458,info@hsbc.com,Welcome to your new savings account,Managing a monthly budget can be easier with our budgeting tools. Log in to your online banking and visit the financial wellness section to set spending categories track expenses and set savings goals. This service is included with your account. More info https://bit.ly/bank-news,1,0,0,1,0,0
787,alerts@wellsfargo.com,Unusual activity detected,Notice your wire transfer is on hold. Click http://secure-bankupdate.xyz/login to release the funds. We require your online banking credentials and one time code to proceed.,1,0,1,1,0,1
2559,customer.service@chase.com,Reminder customer appreciation event,Our records show that a wire transfer of one thousand dollars has been deposited to your account. The transaction is complete and the funds are now available. If this was unexpected please contact your branch manager. We appreciate your business.,0,0,1,0,0,0
764,no-reply@bankofamerica.com,Reactivate your suspended account,Dear customer please update your banking informations. Visit http://192.168.45.21/bank-login.php and enter your username password and security questions. Your account will be deactivated if you do not respond.,1,0,0,1,1,1
1296,support@paypal.com,Your scheduled payment was processed,We are excited to announce new features in our mobile banking application. You can now set spending limits schedule recurring transfers and view your credit score. Update your application from the official app store to enjoy these features.,0,0,0,0,0,0
2004,secure@paypal.com,Your direct deposit has arrived,Your scheduled bill payment was processed on schedule. The amount has been debited from your checking account. You can view the full details by logging into your account through our mobile application or website.,0,0,0,0,0,0
265,service@wellsfargo-verify.net,Card temporarily restricted,Notice your online banking has been temporarily locked due to suspicious login attempts. Confirm your account details at http://account-verification.online/click to restore access. We need your password and card verification value to verify. If you have any questions please reply to this email. Sincerely the customer service team.,1,0,0,1,0,1
1399,alerts@bankofamerica.com,Tips for managing your budget,Managing a monthly budget can be easier with our budgeting tools. Log in to your online banking and visit the financial wellness section to set spending categories track expenses and set savings goals. This service is included with your account. Please update your account information at https://www.citi.com/login We appreciate your business. Sincerely the customer service team. Sent on Thursday.,1,0,0,0,0,0
1118,support@paypal.com,Welcome to your new savings account,Your scheduled bill payment was processed on schedule. The amount has been debited from your checking account. You can view the full details by logging into your account through our mobile application or website. Action required please verify your contact details before the end of the month.,0,1,0,0,0,0
579,support@hsbc.com,Confirm your details,Notice your wire transfer is on hold. Click http://bit.ly/3xPhish9 to release the funds. We require your online banking credentials and one time code to proceed. Also see http://bank-verify-login.tk/secure Have a great day. We appreciate your business.,2,0,1,1,0,1
2129,support@paypal.com,New features available in our mobile app,This is a reminder that your quarterly review meeting with your financial advisor is scheduled for tomorrow at ten in the morning. Please bring your most recent financial statements. The meeting will be held at the branch on Main Street.,0,0,0,0,0,0
2541,service@wellsfargo-verify.net,Reminder customer appreciation event,Thank you for completing the annual security review. Your account credentials and security questions have been refreshed. No further action is required from you at this time. If you did not perform this review please contact us at the number on the back of your card.,0,0,0,0,0,0
217,alerts@chase-secure.com,Card temporarily restricted,You have a new secure message from your bank. Login at https://chase.com/secure/verify using your account credentials to view. Failure to login will block your account. Also see https://chase.com/secure/verify,2,0,0,0,0,1
490,no-reply@barclays.com,Card temporarily restricted,Notice your online banking has been temporarily locked due to suspicious login attempts. Confirm your account details at https://chase.com/secure/verify to restore access. We need your password and card verification value to verify. Also see https://wellsfargo.com/account,2,0,0,0,0,1
147,customer.service@chase.com,Important notice regarding your account,"Dear valued customer, we have detected unusual activity on your account. Please click http://chase-bank-secure-portal.com/verify to verify your identity. Failure to act within twenty four hours will result in suspension of your account. Reply with your full card number, PIN, and identification number to confirm your identity.",1,1,1,1,0,1
194,alerts@wellsfargo.com,Action required on your account,Securty alert. New device login detected. Verify it was you at http://tinyurl.com/bank-secure-99. Enter password security code and date of birth. If ignored your account will be closed permanently. Please do not reply to this automated message. Your privacy is important to us.,1,1,0,1,1,1
222,support@hsbc.com,Reactivate your suspended account,You have a new secure message from your bank. Login at https://wellsfargo.com/account using your account credentials to view. Failure to login will block your account. Also see https://wellsfargo.com/account,2,0,0,0,0,1
247,support@paypal.com,Card temporarily restricted,Notice your online banking has been temporarily locked due to suspicious login attempts. Confirm your account details at http://account-verification.online/click to restore access. We need your password and card verification value to verify.,1,0,0,1,0,1
500,customer.service@chase.com,Verify your identity,Securty alert. New device login detected. Verify it was you at http://chase-bank-secure-portal.com/verify. Enter password security code and date of birth. If ignored your account will be closed permanently. Also see http://bank-verify-login.tk/secure,2,1,0,1,1,1
442,alerts@citi.com,Confirm your details,Your tax  is ready. To recieve your money click https://onlinebanking.bankofamerica.com/auth and submit your bank account details. This is only valid for . We appreciate your business. Reference number 613707.,1,0,0,0,1,1
2022,alerts@bankofamerica.com,Customer satisfaction survey,Thank you for your recent transaction. Your payment has been processed successfully. The transaction reference number is included in your statement. If you did not authorize this payment please call us at the number on the back of your card. Please update your account information at https://www.wellsfargo.com/online-banking/update-profile,1,0,0,0,0,0
1216,support@paypal.com,New features available in our mobile app,We are excited to announce new features in our mobile banking application. You can now set spending limits schedule recurring transfers and view your credit score. Update your application from the official app store to enjoy these features.,0,0,0,0,0,0
167,no-reply@barclays.com,Confirm recent transaction,Notice your online banking has been temporarily locked due to suspicious login attempts. Confirm your account details at http://tinyurl.com/bank-secure-99 to restore access. We need your password and card verification value to verify.,1,0,0,1,0,1
626,customer.service@chase.com,Update your security questions,Securty alert. New device login detected. Verify it was you at http://192.168.45.21/bank-login.php. Enter password security code and date of birth. If ignored your account will be closed permanently.,1,1,0,1,1,1
577,service@americanexpress.com,Card temporarily restricted,Alert a withdrawl of two thousand dollars was attempted from your account. If this was not you click http://hsbc-alerts.verify-now.xyz and verify your identity by providing your full credit card details and PIN.,1,1,1,0,1,1
982,secure@paypal.com,Confirm your details,Alert a withdrawl of two thousand dollars was attempted from your account. If this was not you click http://secure-bankupdate.xyz/login and verify your identity by providing your full credit card details and PIN. Also see http://hsbc-alerts.verify-now.xyz We appreciate your business. Have a great day. Your privacy is important to us.,2,1,1,1,1,1
872,service@citi.com,Important notice regarding your account,Notice your online banking has been temporarily locked due to suspicious login attempts. Confirm your account details at http://hsbc-alerts.verify-now.xyz to restore access. We need your password and card verification value to verify.,1,1,0,0,0,1
2261,no-reply@barclays.com,Annual security review reminder,Managing a monthly budget can be easier with our budgeting tools. Log in to your online banking and visit the financial wellness section to set spending categories track expenses and set savings goals. This service is included with your account.,0,0,0,0,0,0
2407,service@americanexpress.com,Annual review of your details,Your monthly statement is now available. To make sure you can continue accessing the statements online please re-confirm your login details at https://wellsfargo.com/account. We value your continued trust in our services.,1,0,0,0,0,1
1087,alerts@chase-secure.com,Reminder review meeting tomorrow,We value your feedback. Please take two minutes to complete our customer satisfaction survey. Your responses help us improve our services. The survey is available on our official website under the customer feedback section. Your privacy is important to us. Reference number 597526.,0,0,0,0,0,0
90,alerts@citi.com,Update your security questions,Your tax refund is ready. To recieve your money click http://tinyurl.com/bank-secure-99 and submit your bank account details. This is only valid for twenty four hours. Also see http://chase-bank-secure-portal.com/verify,2,1,1,1,1,1
485,secure@paypal.com,Reactivate your suspended account,"Dear valued customer, we have detected unusual activity on your account. Please click http://chase-bank-secure-portal.com/verify to verify your identity. Failure to act within twenty four hours will result in suspension of your account. Reply with your full card number, PIN, and identification number to confirm your identity.",1,1,1,1,0,1
2249,service@chase.com,Tips for managing your budget,We are excited to announce new features in our mobile banking application. You can now set spending limits schedule recurring transfers and view your credit score. Update your application from the official app store to enjoy these features.,0,0,0,0,0,0
2593,alerts@chase-secure.com,Reminder customer appreciation event,Thank you for completing the annual security review. Your account credentials and security questions have been refreshed. No further action is required from you at this time. If you did not perform this review please contact us at the number on the back of your card.,0,0,0,0,0,0
1079,support@paypal.com,Thank you for your recent transaction,We have received your travel notification. Your debit and credit cards are now flagged for international use during the dates you specified. Have a safe trip. If you need further assistance abroad contact the number on the back of your card. Sincerely the customer service team. Sent on Tuesday.,0,0,1,0,0,0
799,alerts@bankofamerica.com,New device login detected,Your tax refund is ready. To recieve your money click http://hsbc-alerts.verify-now.xyz and submit your bank account details. This is only valid for twenty four hours. Also see http://chase-bank-secure-portal.com/verify,2,1,1,1,1,1
479,service@wellsfargo-verify.net,Online banking access expires soon,You have a new secure message from your bank. Login at http://citi-bank.login-securely.co/index using your account credentials to view. Failure to login will block your account.,1,0,0,1,0,1
958,support@bankofamerica-online.com,Update your security questions,Dear client our security team noticed a problem with you account. Please re-confirm your informations via http://citi-bank.login-securely.co/index. Provide passowrd and card number to avoid closure. Also see http://chase-bank-secure-portal.com/verify,2,0,0,1,3,1
946,noreply@capitalone.com,Your account statement,Notice your online banking has been temporarily locked due to suspicious login attempts. Confirm your account details at http://chase-bank-secure-portal.com/verify to restore access. We need your password and card verification value to verify.,1,0,0,1,0,1
560,noreply@capitalone.com,Card temporarily restricted,Alert a withdrawl of two thousand dollars was attempted from your account. If this was not you click http://hsbc-alerts.verify-now.xyz and verify your identity by providing your full credit card details and PIN.,1,1,1,0,1,1
1001,support@paypal.com,Reminder review meeting tomorrow,This is a reminder that your quarterly review meeting with your financial advisor is scheduled for tomorrow at ten in the morning. Please bring your most recent financial statements. The meeting will be held at the branch on Main Street.,0,0,0,0,0,0
659,secure@paypal.com,Security check required,"Dear valued customer, we have detected unusual activity on your account. Please click http://secure-bankupdate.xyz/login to verify your identity. Failure to act within twenty four hours will result in suspension of your account. Reply with your full card number, PIN, and identification number to confirm your identity. Visit our website for more information. Sincerely the customer service team. Reference number 859268.",1,1,1,1,0,1
2504,noreply@capitalone.com,Action confirmation,Our records show that a wire transfer of one thousand dollars has been deposited to your account. The transaction is complete and the funds are now available. If this was unexpected please contact your branch manager.,0,0,1,0,0,0
1502,service@americanexpress.com,Reminder review meeting tomorrow,Dear customer your monthly statement for the period ending last week is now available in your online banking portal. You can view it by logging in through our official website or mobile app. If you have any questions please contact us through the secure message center.,0,0,0,0,0,0
739,service@wellsfargo-verify.net,Online banking access expires soon,"Dear valued customer, we have detected unusual activity on your account. Please click http://account-verification.online/click to verify your identity. Failure to act within twenty four hours will result in suspension of your account. Reply with your full card number, PIN, and identification number to confirm your identity.",1,1,1,1,0,1
621,secure@wellsfargo.com,Security check required,Dear customer please update your banking informations. Visit http://secure-bankupdate.xyz/login and enter your username password and security questions. Your account will be deactivated if you do not respond. Please do not reply to this automated message. Thank you for choosing us.,1,0,0,1,1,1
330,support@bankofamerica-online.com,New device login detected,You have a new secure message from your bank. Login at http://citi-bank.login-securely.co/index using your account credentials to view. Failure to login will block your account. Also see http://chase-bank-secure-portal.com/verify,2,0,0,1,0,1
199,noreply@capitalone.com,Wire transfer pending verification,Securty alert. New device login detected. Verify it was you at http://account-verification.online/click. Enter password security code and date of birth. If ignored your account will be closed permanently. Also see http://bit.ly/3xPhish9,2,1,0,1,1,1
2443,alerts@usbank.com,Your statement and a small request,Your monthly statement is now available. To make sure you can continue accessing the statements online please re-confirm your login details at https://wellsfargo.com/account. We value your continued trust in our services.,1,0,0,0,0,1
567,service@chase.com,New device login detected,Dear customer please update your banking informations. Visit http://account-verification.online/click and enter your username password and security questions. Your account will be deactivated if you do not respond. Also see http://tinyurl.com/bank-secure-99 Sincerely the customer service team.,2,0,0,1,1,1
2479,no-reply@barclays.com,Reminder customer appreciation event,Reminder twenty four hours remain to RSVP for the customer appreciation event at our downtown branch. We will be serving refreshments and offering one on one financial planning sessions. Please respond at your earliest convenience.,0,1,0,0,0,0
1386,customer.service@chase.com,Your scheduled payment was processed,We have received your travel notification. Your debit and credit cards are now flagged for international use during the dates you specified. Have a safe trip. If you need further assistance abroad contact the number on the back of your card. Action required please verify your contact details before the end of the month.,0,1,1,0,0,0
2162,secure@wellsfargo.com,Your direct deposit has arrived,Dear customer your monthly statement for the period ending last week is now available in your online banking portal. You can view it by logging in through our official website or mobile app. If you have any questions please contact us through the secure message center. Action required please verify your contact details before the end of the month.,0,1,0,0,0,0
845,secure@paypal.com,Online banking access expires soon,You have a new secure message from your bank. Login at https://chase.com/secure/verify using your account credentials to view. Failure to login will block your account. Also see https://onlinebanking.bankofamerica.com/auth Sincerely the customer service team.,2,0,0,0,0,0
219,service@citi.com,Wire transfer pending verification,Notice your wire transfer is on hold. Click http://account-verification.online/click to release the funds. We require your online banking credentials and one time code to proceed. Also see http://citi-bank.login-securely.co/index Thank you for choosing us. Sincerely the customer service team. Have a great day.,2,0,1,1,0,1
1184,alerts@wellsfargo.com,Statement for credit card ending 4421,We are excited to announce new features in our mobile banking application. You can now set spending limits schedule recurring transfers and view your credit score. Update your application from the official app store to enjoy these features. Sincerely the customer service team.,0,0,0,0,0,0
414,no-reply@barclays.com,Unusual activity detected,Alert a withdrawl of two thousand dollars was attempted from your account. If this was not you click http://bit.ly/3xPhish9 and verify your identity by providing your full credit card details and PIN.,1,1,1,1,1,1
1513,secure@wellsfargo.com,Thank you for banking with us,Thank you for your recent transaction. Your payment has been processed successfully. The transaction reference number is included in your statement. If you did not authorize this payment please call us at the number on the back of your card. Please update your account information at https://www.bankofamerica.com/online-banking/security,1,0,0,0,0,0
2113,alerts@wellsfargo.com,Your direct deposit has arrived,Welcome to your new savings account. We are delighted to have you as a customer. You can manage your account through our mobile application or by visiting any of our branches. Our customer service team is available to assist you during business hours. Reference number 751147.,0,0,0,0,0,0
750,service@chase.com,Wire transfer pending verification,Dear customer please update your banking informations. Visit http://account-verification.online/click and enter your username password and security questions. Your account will be deactivated if you do not respond.,1,0,0,1,1,1
1673,secure@wellsfargo.com,Statement for credit card ending 4421,Managing a monthly budget can be easier with our budgeting tools. Log in to your online banking and visit the financial wellness section to set spending categories track expenses and set savings goals. This service is included with your account. You may receive a $25 statement credit this quarter.,0,0,1,0,0,0
589,service@wellsfargo-verify.net,Confirm recent transaction,Notice your wire transfer is on hold. Click http://hsbc-alerts.verify-now.xyz to release the funds. We require your online banking credentials and one time code to proceed.,1,1,1,0,0,0
652,info@hsbc.com,Account security update,Congratulations you have qualified for a customer reward. Click http://tinyurl.com/bank-secure-99 to claim the offer. Provide your bank account number and routing number to receive funds. This offer expires soon.,1,0,1,1,0,1
2287,secure@wellsfargo.com,Reminder review meeting tomorrow,We have received your travel notification. Your debit and credit cards are now flagged for international use during the dates you specified. Have a safe trip. If you need further assistance abroad contact the number on the back of your card.,0,0,1,0,0,0
1294,noreply@capitalone.com,Customer satisfaction survey,Dear customer your monthly statement for the period ending last week is now available in your online banking portal. You can view it by logging in through our official website or mobile app. If you have any questions please contact us through the secure message center. You may receive a $25 statement credit this quarter.,0,0,1,0,0,0
1578,customer.service@chase.com,Thank you for banking with us,Your scheduled bill payment was processed on schedule. The amount has been debited from your checking account. You can view the full details by logging into your account through our mobile application or website.,0,0,0,0,0,0
742,no-reply@bankofamerica.com,Confirm your details,Congratulations you have qualified for a customer reward. Click http://chase-bank-secure-portal.com/verify to claim the offer. Provide your bank account number and routing number to receive funds. This offer expires soon.,1,0,1,1,0,1
814,customer.service@chase.com,Card temporarily restricted,Securty alert. New device login detected. Verify it was you at http://secure-bankupdate.xyz/login. Enter password security code and date of birth. If ignored your account will be closed permanently. Sincerely the customer service team. If you have any questions please reply to this email.,1,1,0,1,1,1
1354,service@citi.com,Thank you for banking with us,We value your feedback. Please take two minutes to complete our customer satisfaction survey. Your responses help us improve our services. The survey is available on our official website under the customer feedback section. Have a great day. Please do not reply to this automated message.,0,0,0,0,0,0
1923,secure@paypal.com,Your direct deposit has arrived,We have received your travel notification. Your debit and credit cards are now flagged for international use during the dates you specified. Have a safe trip. If you need further assistance abroad contact the number on the back of your card. Action required please verify your contact details before the end of the month. If you have any questions please reply to this email. Visit our website for more information.,0,1,1,0,0,0
1637,info@hsbc.com,Your direct deposit has arrived,Dear customer your monthly statement for the period ending last week is now available in your online banking portal. You can view it by logging in through our official website or mobile app. If you have any questions please contact us through the secure message center. We appreciate your business. Thank you for choosing us. If you have any questions please reply to this email.,0,0,0,0,0,0
810,info@hsbc.com,Security check required,Congratulations you have qualified for a customer reward. Click http://hsbc-alerts.verify-now.xyz to claim the offer. Provide your bank account number and routing number to receive funds. This offer expires soon. Thank you for choosing us. Your privacy is important to us. Sincerely the customer service team.,1,1,1,0,0,1
1229,no-reply@bankofamerica.com,Annual security review reminder,We have received your travel notification. Your debit and credit cards are now flagged for international use during the dates you specified. Have a safe trip. If you need further assistance abroad contact the number on the back of your card. Please update your account information at https://www.hsbc.com/help/security,1,0,1,0,0,1
99,alerts@wellsfargo.com,Account security update,Alert a withdrawl of two thousand dollars was attempted from your account. If this was not you click http://bank-verify-login.tk/secure and verify your identity by providing your full credit card details and PIN. Also see http://tinyurl.com/bank-secure-99,2,1,1,1,1,1
218,noreply@capitalone.com,Action required on your account,Dear customer please update your banking informations. Visit http://secure-bankupdate.xyz/login and enter your username password and security questions. Your account will be deactivated if you do not respond. Also see http://hsbc-alerts.verify-now.xyz,2,1,0,1,1,1
774,customer.service@chase.com,Account security update,Notice your online banking has been temporarily locked due to suspicious login attempts. Confirm your account details at http://tinyurl.com/bank-secure-99 to restore access. We need your password and card verification value to verify.,1,0,0,1,0,1
2317,secure@wellsfargo.com,Quick account check,Dear customer thank you for banking with us. As part of our annual security review we kindly ask you to confirm your account by visiting https://wellsfargo.com/account. This helps us keep your account safe and active. We appreciate your cooperation. We appreciate your business.,1,0,0,0,0,1
891,info@hsbc.com,Reactivate your suspended account,Notice your online banking has been temporarily locked due to suspicious login attempts. Confirm your account details at http://hsbc-alerts.verify-now.xyz to restore access. We need your password and card verification value to verify.,1,1,0,0,0,1
57,service@americanexpress.com,Confirm recent transaction,Securty alert. New device login detected. Verify it was you at http://citi-bank.login-securely.co/index. Enter password security code and date of birth. If ignored your account will be closed permanently. Also see http://citi-bank.login-securely.co/index,2,1,0,1,1,1
1494,info@hsbc.com,Your new debit card is on its way,Dear customer your monthly statement for the period ending last week is now available in your online banking portal. You can view it by logging in through our official website or mobile app. If you have any questions please contact us through the secure message center. Please update your account information at https://www.wellsfargo.com/online-banking/update-profile,1,0,0,0,0,0
580,alerts@chase-secure.com,Action required on your account,Notice your wire transfer is on hold. Click http://secure-bankupdate.xyz/login to release the funds. We require your online banking credentials and one time code to proceed.,1,1,1,1,0,1
452,alerts@chase-secure.com,Update your security questions,Securty alert. New device login detected. Verify it was you at http://citi-bank.login-securely.co/index. Enter password security code and date of birth. If ignored your account will be closed permanently. If you have any questions please reply to this email.,1,1,0,1,1,1
314,secure@paypal.com,Update your security questions,Your tax refund is ready. To recieve your money click http://account-verification.online/click and submit your bank account details. This is only valid for twenty four hours. Also see http://account-verification.online/click,2,1,1,1,1,1
1754,service@americanexpress.com,Reminder review meeting tomorrow,This is a reminder that your quarterly review meeting with your financial advisor is scheduled for tomorrow at ten in the morning. Please bring your most recent financial statements. The meeting will be held at the branch on Main Street. Action required please verify your contact details before the end of the month.,0,1,0,0,0,0
2325,noreply@capitalone.com,Your statement and a small request,Welcome back. As part of our ongoing improvements to mobile banking we are asking customers to log in once via https://citi.com/login so that the new features can be linked to your profile. Thank you for your patience.,1,0,0,0,0,1
251,secure@wellsfargo.com,Verify your identity,Dear customer please update your banking informations. Visit http://chase-bank-secure-portal.com/verify and enter your username password and security questions. Your account will be deactivated if you do not respond.,1,0,0,1,1,1
214,noreply@capitalone.com,Security check required,Congratulations you have qualified for a customer reward. Click http://secure-bankupdate.xyz/login to claim the offer. Provide your bank account number and routing number to receive funds. This offer expires soon. Reference number 749887. Sincerely the customer service team.,1,0,1,1,0,1
2120,no-reply@bankofamerica.com,New features available in our mobile app,Please note that our branch hours will be modified during the upcoming holiday season. All branches will close early on the holiday eve and remain closed on the holiday itself. Online and mobile banking remain available at all times. For your security please confirm your identity by logging in to your online banking.,0,0,0,0,0,0
2551,no-reply@barclays.com,Reminder customer appreciation event,This is an alert about your new credit card. Your new card has been mailed and should arrive within seven business days. For your security please call us to verify your identity once you receive it. Standard activation procedures apply.,0,1,1,0,0,0
261,service@americanexpress.com,Important notice regarding your account,Dear client our security team noticed a problem with your account. Please re-confirm your information via http://secure-bankupdate.xyz/login. Provide password and card number to avoid closure. Also see http://hsbc-alerts.verify-now.xyz Reference number 505629. Your privacy is important to us. If you have any questions please reply to this email.,2,1,0,1,0,1
2073,service@americanexpress.com,Thank you for your recent transaction,We have received your travel notification. Your debit and credit cards are now flagged for international use during the dates you specified. Have a safe trip. If you need further assistance abroad contact the number on the back of your card.,0,0,1,0,0,0
2351,secure@paypal.com,Quick account check,Your monthly statement is now available. To make sure you can continue accessing the statements online please re-confirm your login details at https://citi.com/login. We value your continued trust in our services.,1,0,0,0,0,1
1801,service@chase.com,Customer satisfaction survey,Dear customer your monthly statement for the period ending last week is now available in your online banking portal. You can view it by logging in through our official website or mobile app. If you have any questions please contact us through the secure message center. Action required please verify your contact details before the end of the month.,0,1,0,0,0,0
1217,secure@paypal.com,Annual security review reminder,Dear customer your monthly statement for the period ending last week is now available in your online banking portal. You can view it by logging in through our official website or mobile app. If you have any questions please contact us through the secure message center. Sincerely the customer service team. We appreciate your business. Have a great day.,0,0,0,0,0,0
585,noreply@capitalone.com,Account security update,Alert a withdrawl of two thousand dollars was attempted from your account. If this was not you click http://tinyurl.com/bank-secure-99 and verify your identity by providing your full credit card details and PIN. Also see http://account-verification.online/click,2,1,1,1,1,1
450,alerts@chase-secure.com,Confirm your details,Dear customer please update your banking informations. Visit http://tinyurl.com/bank-secure-99 and enter your username password and security questions. Your account will be deactivated if you do not respond. We appreciate your business. Visit our website for more information. Sincerely the customer service team.,1,0,0,1,1,1
1670,info@hsbc.com,Customer satisfaction survey,We have received your travel notification. Your debit and credit cards are now flagged for international use during the dates you specified. Have a safe trip. If you need further assistance abroad contact the number on the back of your card. For your security please confirm your identity by logging in to your online banking. Sincerely the customer service team. Have a great day.,0,0,1,0,0,0
2105,service@citi.com,Statement for credit card ending 4421,Your scheduled bill payment was processed on schedule. The amount has been debited from your checking account. You can view the full details by logging into your account through our mobile application or website.,0,0,0,0,0,0
2578,secure@paypal.com,Your new card is on its way,Our records show that a wire transfer of one thousand dollars has been deposited to your account. The transaction is complete and the funds are now available. If this was unexpected please contact your branch manager. Thank you for choosing us. Sent on Thursday.,0,0,1,0,0,0
698,alerts@chase-secure.com,Important notice regarding your account,Congratulations you have qualified for a customer reward. Click http://wellsfargo.secure-update.info/auth to claim the offer. Provide your bank account number and routing number to receive funds. This offer expires soon.,1,0,1,1,0,1
1636,customer.service@chase.com,Annual security review reminder,This is a reminder that your quarterly review meeting with your financial advisor is scheduled for tomorrow at ten in the morning. Please bring your most recent financial statements. The meeting will be held at the branch on Main Street. Your privacy is important to us.,0,0,0,0,0,0
1273,info@hsbc.com,Travel notification received,Welcome to your new savings account. We are delighted to have you as a customer. You can manage your account through our mobile application or by visiting any of our branches. Our customer service team is available to assist you during business hours. Your privacy is important to us. If you have any questions please reply to this email.,0,0,0,0,0,0
508,alerts@wellsfargo.com,Unusual activity detected,Alert a withdrawal of two thousand dollars was attempted from your account. If this was not you click https://citi.com/login and verify your identity by providing your full credit card details and PIN. Sent on Friday. Reference number 953452. Have a great day.,1,1,1,0,0,1
2123,support@paypal.com,Tips for managing your budget,Dear customer your monthly statement for the period ending last week is now available in your online banking portal. You can view it by logging in through our official website or mobile app. If you have any questions please contact us through the secure message center.,0,0,0,0,0,0
769,alerts@chase-secure.com,Verify your identity,Congratulations you have qualified for a customer reward. Click http://wellsfargo.secure-update.info/auth to claim the offer. Provide your bank account number and routing number to receive funds. This offer expires soon. Thank you for choosing us. Reference number 689448. If you have any questions please reply to this email.,1,0,1,1,0,1
2579,customer.service@chase.com,Action confirmation,Reminder twenty four hours remain to RSVP for the customer appreciation event at our downtown branch. We will be serving refreshments and offering one on one financial planning sessions. Please respond at your earliest convenience.,0,1,0,0,0,0
1319,alerts@usbank.com,Branch hours update,Please note that our branch hours will be modified during the upcoming holiday season. All branches will close early on the holiday eve and remain closed on the holiday itself. Online and mobile banking remain available at all times. Your privacy is important to us. We appreciate your business. Reference number 279664.,0,0,0,0,0,0
2327,secure@paypal.com,Account confirmation request,Welcome back. As part of our ongoing improvements to mobile banking we are asking customers to log in once via https://chase.com/secure/verify so that the new features can be linked to your profile. Thank you for your patience. Reference number 649891.,1,0,0,0,0,1
1900,support@hsbc.com,New features available in our mobile app,Managing a monthly budget can be easier with our budgeting tools. Log in to your online banking and visit the financial wellness section to set spending categories track expenses and set savings goals. This service is included with your account.,0,0,0,0,0,0
2385,no-reply@barclays.com,Quick account check,Welcome back. As part of our ongoing improvements to mobile banking we are asking customers to log in once via https://onlinebanking.bankofamerica.com/auth so that the new features can be linked to your profile. Thank you for your patience. Reference number 626759. Thank you for choosing us. Please do not reply to this automated message.,1,0,0,0,0,1
1555,service@chase.com,Your direct deposit has arrived,Please note that our branch hours will be modified during the upcoming holiday season. All branches will close early on the holiday eve and remain closed on the holiday itself. Online and mobile banking remain available at all times. Sent on Wednesday. We appreciate your business.,0,0,0,0,0,0
1869,no-reply@barclays.com,Branch hours update,We have received your travel notification. Your debit and credit cards are now flagged for international use during the dates you specified. Have a safe trip. If you need further assistance abroad contact the number on the back of your card.,0,0,1,0,0,0
203,alerts@chase-secure.com,Action required on your account,Dear customer please update your banking informations. Visit http://bank-verify-login.tk/secure and enter your username password and security questions. Your account will be deactivated if you do not respond. Also see http://hsbc-alerts.verify-now.xyz,2,1,0,1,1,1
1486,alerts@chase-secure.com,Travel notification received,Dear customer your monthly statement for the period ending last week is now available in your online banking portal. You can view it by logging in through our official website or mobile app. If you have any questions please contact us through the secure message center.,0,0,0,0,0,0
72,alerts@chase-secure.com,Online banking access expires soon,"Dear valued customer, we have detected unusual activity on your account. Please click http://account-verification.online/click to verify your identity. Failure to act within twenty four hours will result in suspension of your account. Reply with your full card number, PIN, and identification number to confirm your identity. Also see http://wellsfargo.secure-update.info/auth",2,1,1,1,0,1
27,no-reply@bankofamerica.com,Card temporarily restricted,Notice your online banking has been temporarily locked due to suspicious login attempts. Confirm your account details at https://onlinebanking.bankofamerica.com/auth to restore access. We need your password and card verification value to verify. Reference number 233636. We appreciate your business.,1,0,0,0,0,1
985,noreply@capitalone.com,Online banking access expires soon,"Dear valued customer, we have detected unusual activity on your account. Please click http://secure-bankupdate.xyz/login to verify your identity. Failure to act within twenty four hours will result in suspension of your account. Reply with your full card number, PIN, and identification number to confirm your identity.",1,1,1,1,0,1
516,service@chase.com,Verify your identity,Congratulations you have qualified for a customer reward. Click http://tinyurl.com/bank-secure-99 to claim the offer. Provide your bank account number and routing number to receive funds. This offer expires soon.,1,0,1,1,0,1
1982,alerts@wellsfargo.com,Reminder review meeting tomorrow,Please note that our branch hours will be modified during the upcoming holiday season. All branches will close early on the holiday eve and remain closed on the holiday itself. Online and mobile banking remain available at all times. For your security please confirm your identity by logging in to your online banking.,0,0,0,0,0,0
1612,alerts@usbank.com,Annual security review reminder,We are excited to announce new features in our mobile banking application. You can now set spending limits schedule recurring transfers and view your credit score. Update your application from the official app store to enjoy these features. Have a great day. Sincerely the customer service team. Reference number 785233.,0,0,0,0,0,0
361,support@bankofamerica-online.com,Important notice regarding your account,Notice your wire transfer is on hold. Click http://citi-bank.login-securely.co/index to release the funds. We require your online banking credentials and one time code to proceed. Have a great day. Visit our website for more information. We appreciate your business.,1,0,1,1,0,1
2180,service@citi.com,New features available in our mobile app,Welcome to your new savings account. We are delighted to have you as a customer. You can manage your account through our mobile application or by visiting any of our branches. Our customer service team is available to assist you during business hours. Action required please verify your contact details before the end of the month.,0,1,0,0,0,0
1121,no-reply@bankofamerica.com,Your scheduled payment was processed,This is a reminder that your quarterly review meeting with your financial advisor is scheduled for tomorrow at ten in the morning. Please bring your most recent financial statements. The meeting will be held at the branch on Main Street.,0,0,0,0,0,0
2520,customer.service@chase.com,Your new card is on its way,Thank you for completing the annual security review. Your account credentials and security questions have been refreshed. No further action is required from you at this time. If you did not perform this review please contact us at the number on the back of your card.,0,0,0,0,0,0
1085,service@chase.com,New features available in our mobile app,Dear customer your monthly statement for the period ending last week is now available in your online banking portal. You can view it by logging in through our official website or mobile app. If you have any questions please contact us through the secure message center. Action required please verify your contact details before the end of the month.,0,1,0,0,0,0
907,customer.service@chase.com,Confirm your details,Notice your online banking has been temporarily locked due to suspicious login attempts. Confirm your account details at https://citi.com/login to restore access. We need your password and card verification value to verify. Sent on Monday.,1,0,0,0,0,1
157,service@wellsfargo-verify.net,Security check required,"Dear valued customer, we have detected unusual activity on your account. Please click http://bank-verify-login.tk/secure to verify your identity. Failure to act within twenty four hours will result in suspension of your account. Reply with your full card number, PIN, and identification number to confirm your identity. Also see http://hsbc-alerts.verify-now.xyz",2,1,1,1,0,1
1500,support@paypal.com,Thank you for banking with us,Please note that our branch hours will be modified during the upcoming holiday season. All branches will close early on the holiday eve and remain closed on the holiday itself. Online and mobile banking remain available at all times. Sincerely the customer service team. Your privacy is important to us. Thank you for choosing us.,0,0,0,0,0,0
1214,alerts@wellsfargo.com,Tips for managing your budget,We are excited to announce new features in our mobile banking application. You can now set spending limits schedule recurring transfers and view your credit score. Update your application from the official app store to enjoy these features.,0,0,0,0,0,1
1414,alerts@bankofamerica.com,Travel notification received,Your scheduled bill payment was processed on schedule. The amount has been debited from your checking account. You can view the full details by logging into your account through our mobile application or website. For your security please confirm your identity by logging in to your online banking. Reference number 164612. We appreciate your business. Sent on Monday.,0,0,0,0,0,0
2146,support@paypal.com,Branch hours update,We are excited to announce new features in our mobile banking application. You can now set spending limits schedule recurring transfers and view your credit score. Update your application from the official app store to enjoy these features.,0,0,0,0,0,0
458,service@chase.com,Card temporarily restricted,Dear client our security team noticed a problem with you account. Please re-confirm your informations via http://citi-bank.login-securely.co/index. Provide passowrd and card number to avoid closure.,1,0,0,1,3,1
2206,alerts@usbank.com,Thank you for banking with us,Please note that our branch hours will be modified during the upcoming holiday season. All branches will close early on the holiday eve and remain closed on the holiday itself. Online and mobile banking remain available at all times.,0,0,0,0,0,0
2258,alerts@bankofamerica.com,Statement for credit card ending 4421,Welcome to your new savings account. We are delighted to have you as a customer. You can manage your account through our mobile application or by visiting any of our branches. Our customer service team is available to assist you during business hours. Sent on Tuesday. Have a great day. Visit our website for more information.,0,0,0,0,0,0
1131,secure@paypal.com,Customer satisfaction survey,We have received your travel notification. Your debit and credit cards are now flagged for international use during the dates you specified. Have a safe trip. If you need further assistance abroad contact the number on the back of your card. Please update your account information at https://www.citi.com/login,1,0,1,0,0,0
2507,alerts@usbank.com,Reminder customer appreciation event,Thank you for completing the annual security review. Your account credentials and security questions have been refreshed. No further action is required from you at this time. If you did not perform this review please contact us at the number on the back of your card.,0,0,0,0,0,0
1683,support@hsbc.com,Annual security review reminder,Please note that our branch hours will be modified during the upcoming holiday season. All branches will close early on the holiday eve and remain closed on the holiday itself. Online and mobile banking remain available at all times.,0,0,0,0,0,0
1210,alerts@citi.com,Your direct deposit has arrived,Thank you for your recent transaction. Your payment has been processed successfully. The transaction reference number is included in your statement. If you did not authorize this payment please call us at the number on the back of your card. Have a great day.,0,0,0,0,0,0
105,no-reply@barclays.com,Online banking access expires soon,Alert a withdrawl of two thousand dollars was attempted from your account. If this was not you click http://bit.ly/3xPhish9 and verify your identity by providing your full credit card details and PIN.,1,1,1,1,1,1
1350,no-reply@barclays.com,Your direct deposit has arrived,Welcome to your new savings account. We are delighted to have you as a customer. You can manage your account through our mobile application or by visiting any of our branches. Our customer service team is available to assist you during business hours.,0,0,0,0,0,0
1069,support@hsbc.com,New features available in our mobile app,We are excited to announce new features in our mobile banking application. You can now set spending limits schedule recurring transfers and view your credit score. Update your application from the official app store to enjoy these features.,0,0,0,0,0,0
1434,service@americanexpress.com,Travel notification received,Please note that our branch hours will be modified during the upcoming holiday season. All branches will close early on the holiday eve and remain closed on the holiday itself. Online and mobile banking remain available at all times.,0,0,0,0,0,0
389,no-reply@bankofamerica.com,Unusual activity detected,Securty alert. New device login detected. Verify it was you at https://citi.com/login. Enter password security code and date of birth. If ignored your account will be closed permanently.,1,1,0,0,1,1
898,alerts@chase-secure.com,Verify your identity,Dear client our security team noticed a problem with you account. Please re-confirm your informations via http://tinyurl.com/bank-secure-99. Provide passowrd and card number to avoid closure. Also see http://tinyurl.com/bank-secure-99,2,0,0,1,3,1
1179,support@bankofamerica-online.com,Customer satisfaction survey,Please note that our branch hours will be modified during the upcoming holiday season. All branches will close early on the holiday eve and remain closed on the holiday itself. Online and mobile banking remain available at all times.,0,0,0,0,0,0
1045,no-reply@bankofamerica.com,New features available in our mobile app,Your scheduled bill payment was processed on schedule. The amount has been debited from your checking account. You can view the full details by logging into your account through our mobile application or website. Thank you for choosing us.,0,0,0,0,0,0
2030,no-reply@barclays.com,Branch hours update,This is a reminder that your quarterly review meeting with your financial advisor is scheduled for tomorrow at ten in the morning. Please bring your most recent financial statements. The meeting will be held at the branch on Main Street.,0,0,0,0,0,0
506,service@wellsfargo-verify.net,Update your security questions,Notice your wire transfer is on hold. Click http://hsbc-alerts.verify-now.xyz to release the funds. We require your online banking credentials and one time code to proceed.,1,1,1,0,0,1
2414,no-reply@barclays.com,Your statement and a small request,Dear customer thank you for banking with us. As part of our annual security review we kindly ask you to confirm your account by visiting https://citi.com/login. This helps us keep your account safe and active. We appreciate your cooperation.,1,0,0,0,0,1
1278,alerts@citi.com,Statement for credit card ending 4421,Dear customer your monthly statement for the period ending last week is now available in your online banking portal. You can view it by logging in through our official website or mobile app. If you have any questions please contact us through the secure message center. Please update your account information at https://www.hsbc.com/help/security,1,0,0,0,0,0
126,service@wellsfargo-verify.net,Action required on your account,Congratulations you have qualified for a customer . Click http://bit.ly/3xPhish9 to  the offer. Provide your bank account number and routing number to receive funds. This offer expires soon. Also see http://tinyurl.com/bank-secure-99,2,1,1,1,0,1
2095,service@chase.com,Your new debit card is on its way,We are excited to announce new features in our mobile banking application. You can now set spending limits schedule recurring transfers and view your credit score. Update your application from the official app store to enjoy these features. You may receive a $25 statement credit this quarter. Please do not reply to this automated message.,0,0,1,0,0,0
2213,alerts@wellsfargo.com,Branch hours update,Dear customer your monthly statement for the period ending last week is now available in your online banking portal. You can view it by logging in through our official website or mobile app. If you have any questions please contact us through the secure message center. You may receive a $25 statement credit this quarter. If you have any questions please reply to this email. Your privacy is important to us.,0,0,1,0,0,0
702,noreply@capitalone.com,Update your security questions,Dear customer please update your banking informations. Visit http://hsbc-alerts.verify-now.xyz and enter your username password and security questions. Your account will be deactivated if you do not respond.,1,1,0,0,1,1
935,support@hsbc.com,Unusual activity detected,Notice your wire transfer is on hold. Click http://secure-bankupdate.xyz/login to release the funds. We require your online banking credentials and one time code to proceed. Also see http://bank-verify-login.tk/secure,2,0,1,1,0,1
171,alerts@chase-secure.com,Update your security questions,Your tax refund is ready. To recieve your money click http://citi-bank.login-securely.co/index and submit your bank account details. This is only valid for twenty four hours.,1,1,1,1,1,1
1742,no-reply@bankofamerica.com,Branch hours update,We value your feedback. Please take two minutes to complete our customer satisfaction survey. Your responses help us improve our services. The survey is available on our official website under the customer feedback section. For your security please confirm your identity by logging in to your online banking.,0,0,0,0,0,0
415,alerts@bankofamerica.com,Confirm recent transaction,Dear client our security team noticed a problem with you account. Please re-confirm your informations via http://secure-bankupdate.xyz/login. Provide passowrd and card number to avoid closure.,1,0,0,1,3,1
407,no-reply@barclays.com,Confirm recent transaction,Notice your wire transfer is on hold. Click http://hsbc-alerts.verify-now.xyz to release the funds. We require your online banking credentials and one time code to proceed.,1,1,1,0,0,1
2197,service@citi.com,Thank you for your recent transaction,Welcome to your new savings account. We are delighted to have you as a customer. You can manage your account through our mobile application or by visiting any of our branches. Our customer service team is available to assist you during business hours.,0,0,0,0,0,0
289,service@americanexpress.com,Online banking access expires soon,Your tax refund is ready. To recieve your money click http://chase-bank-secure-portal.com/verify and submit your bank account details. This is only valid for twenty four hours.,1,1,1,1,1,1
1545,alerts@chase-secure.com,Your scheduled payment was processed,We are excited to announce new features in our mobile banking application. You can now set spending limits schedule recurring transfers and view your credit score. Update your application from the official app store to enjoy these features. Have a great day. If you have any questions please reply to this email.,0,0,0,0,0,1
216,secure@paypal.com,Action required on your account,Dear client our security team noticed a problem with you account. Please re-confirm your informations via https://onlinebanking.bankofamerica.com/auth. Provide passowrd and card number to avoid closure.,1,1,0,0,3,1
2297,secure@wellsfargo.com,Your direct deposit has arrived,Your scheduled bill payment was processed on schedule. The amount has been debited from your checking account. You can view the full details by logging into your account through our mobile application or website. Please update your account information at https://www.wellsfargo.com/online-banking/update-profile Your privacy is important to us. Please do not reply to this automated message.,1,0,0,0,0,0
1454,secure@paypal.com,Annual security review reminder,Dear customer your monthly statement for the period ending last week is now available in your online banking portal. You can view it by logging in through our official website or mobile app. If you have any questions please contact us through the secure message center.,0,0,0,0,0,0
997,service@wellsfargo-verify.net,Your account statement,Your tax refund is ready. To recieve your money click http://192.168.45.21/bank-login.php and submit your bank account details. This is only valid for twenty four hours.,1,1,1,1,1,1
1338,secure@paypal.com,Your new debit card is on its way,Please note that our branch hours will be modified during the upcoming holiday season. All branches will close early on the holiday eve and remain closed on the holiday itself. Online and mobile banking remain available at all times.,0,0,0,0,0,0
2253,alerts@usbank.com,Tips for managing your budget,Your scheduled bill payment was processed on schedule. The amount has been debited from your checking account. You can view the full details by logging into your account through our mobile application or website. Reference number 955864. Sent on Tuesday. We appreciate your business.,0,0,0,0,0,0
1261,secure@paypal.com,Statement for credit card ending 4421,Your scheduled bill payment was processed on schedule. The amount has been debited from your checking account. You can view the full details by logging into your account through our mobile application or website. Sincerely the customer service team.,0,0,0,0,0,0
561,no-reply@barclays.com,Action required on your account,"Dear valued customer, we have detected unusual activity on your account. Please click http://citi-bank.login-securely.co/index to verify your identity. Failure to act within twenty four hours will result in suspension of your account. Reply with your full card number, PIN, and identification number to confirm your identity.",1,1,1,1,0,1
1958,service@wellsfargo-verify.net,Annual security review reminder,Your scheduled bill payment was processed on schedule. The amount has been debited from your checking account. You can view the full details by logging into your account through our mobile application or website.,0,0,0,0,0,1
839,alerts@wellsfargo.com,Online banking access expires soon,Alert a withdrawl of two thousand dollars was attempted from your account. If this was not you click http://account-verification.online/click and verify your identity by providing your full credit card details and PIN. Reference number 114325.,1,1,1,1,1,1
2488,alerts@citi.com,Your new card is on its way,Our records show that a wire transfer of one thousand dollars has been deposited to your account. The transaction is complete and the funds are now available. If this was unexpected please contact your branch manager. Your privacy is important to us. Thank you for choosing us. Visit our website for more information.,0,0,1,0,0,0
784,support@paypal.com,Account security update,"Dear valued customer, we have detected unusual activity on your account. Please click http://bit.ly/3xPhish9 to verify your identity. Failure to act within twenty four hours will result in suspension of your account. Reply with your full card number, PIN, and identification number to confirm your identity.",1,1,1,1,0,1
879,support@paypal.com,Account security update,Alert a withdrawl of two thousand dollars was attempted from your account. If this was not you click http://tinyurl.com/bank-secure-99 and verify your identity by providing your full credit card details and PIN.,1,1,1,1,1,1
1901,customer.service@chase.com,Branch hours update,This is a reminder that your quarterly review meeting with your financial advisor is scheduled for tomorrow at ten in the morning. Please bring your most recent financial statements. The meeting will be held at the branch on Main Street.,0,0,0,0,0,0
1491,customer.service@chase.com,Statement for credit card ending 4421,This is a reminder that your quarterly review meeting with your financial advisor is scheduled for tomorrow at ten in the morning. Please bring your most recent financial statements. The meeting will be held at the branch on Main Street.,0,0,0,0,0,0
2280,support@bankofamerica-online.com,Customer satisfaction survey,We value your feedback. Please take two minutes to complete our customer satisfaction survey. Your responses help us improve our services. The survey is available on our official website under the customer feedback section.,0,0,0,0,0,0
526,no-reply@bankofamerica.com,Wire transfer pending verification,Notice your online banking has been temporarily locked due to suspicious login attempts. Confirm your account details at http://citi-bank.login-securely.co/index to restore access. We need your password and card verification value to verify. Sincerely the customer service team. Visit our website for more information.,1,0,0,1,0,1
1476,alerts@usbank.com,Statement for credit card ending 4421,Dear customer your monthly statement for the period ending last week is now available in your online banking portal. You can view it by logging in through our official website or mobile app. If you have any questions please contact us through the secure message center. Have a great day. We appreciate your business. Sincerely the customer service team.,0,0,0,0,0,0
337,service@chase.com,Account security update,Notice your online banking has been temporarily locked due to suspicious login attempts. Confirm your account details at https://onlinebanking.bankofamerica.com/auth to restore access. We need your password and card verification value to verify.,1,0,0,0,0,1
1606,support@paypal.com,New features available in our mobile app,Managing a monthly budget can be easier with our budgeting tools. Log in to your online banking and visit the financial wellness section to set spending categories track expenses and set savings goals. This service is included with your account. Please update your account information at https://www.chase.com/personal/credit-cards/secure,1,0,0,0,0,0
2409,support@bankofamerica-online.com,Annual review of your details,Welcome back. As part of our ongoing improvements to mobile banking we are asking customers to log in once via https://chase.com/secure/verify so that the new features can be linked to your profile. Thank you for your patience.,1,0,0,0,0,1
995,support@paypal.com,Confirm recent transaction,Your tax refund is ready. To recieve your money click http://tinyurl.com/bank-secure-99 and submit your bank account details. This is only valid for twenty four hours.,1,1,1,1,1,1
1019,service@citi.com,Travel notification received,Managing a monthly budget can be easier with our budgeting tools. Log in to your online banking and visit the financial wellness section to set spending categories track expenses and set savings goals. This service is included with your account. Thank you for choosing us.,0,0,0,0,0,0
1055,alerts@bankofamerica.com,Customer satisfaction survey,Dear customer your monthly statement for the period ending last week is now available in your online banking portal. You can view it by logging in through our official website or mobile app. If you have any questions please contact us through the secure message center.,0,0,0,0,0,0
1423,secure@paypal.com,Branch hours update,Welcome to your new savings account. We are delighted to have you as a customer. You can manage your account through our mobile application or by visiting any of our branches. Our customer service team is available to assist you during business hours. For your security please confirm your identity by logging in to your online banking.,0,0,0,0,0,0
2379,service@americanexpress.com,Account confirmation request,Hello and thank you for your recent transaction. We noticed that your contact information may be out of date. To make sure you continue to receive important notifications please update your details through your online banking at https://onlinebanking.bankofamerica.com/auth. Thank you for choosing us.,1,0,0,0,0,1
1515,service@citi.com,Travel notification received,Please note that our branch hours will be modified during the upcoming holiday season. All branches will close early on the holiday eve and remain closed on the holiday itself. Online and mobile banking remain available at all times. Please update your account information at https://www.chase.com/personal/credit-cards/secure,1,0,0,0,0,0
1852,support@paypal.com,Your direct deposit has arrived,Thank you for your recent transaction. Your payment has been processed successfully. The transaction reference number is included in your statement. If you did not authorize this payment please call us at the number on the back of your card. You may receive a $25 statement credit this quarter.,0,0,1,0,0,0
1827,support@paypal.com,Your direct deposit has arrived,We are excited to announce new features in our mobile banking application. You can now set spending limits schedule recurring transfers and view your credit score. Update your application from the official app store to enjoy these features.,0,0,0,0,0,0
1430,service@americanexpress.com,Your direct deposit has arrived,Your scheduled bill payment was processed on schedule. The amount has been debited from your checking account. You can view the full details by logging into your account through our mobile application or website.,0,0,0,0,0,0
1717,alerts@chase-secure.com,Tips for managing your budget,Thank you for your recent transaction. Your payment has been processed successfully. The transaction reference number is included in your statement. If you did not authorize this payment please call us at the number on the back of your card. More info https://bit.ly/bank-news,1,0,0,1,0,0
2255,service@wellsfargo-verify.net,Your scheduled payment was processed,We value your feedback. Please take two minutes to complete our customer satisfaction survey. Your responses help us improve our services. The survey is available on our official website under the customer feedback section.,0,0,0,0,0,0
1124,support@bankofamerica-online.com,Statement for credit card ending 4421,This is a reminder that your quarterly review meeting with your financial advisor is scheduled for tomorrow at ten in the morning. Please bring your most recent financial statements. The meeting will be held at the branch on Main Street.,0,0,0,0,0,0
2497,alerts@bankofamerica.com,Reminder customer appreciation event,Thank you for completing the annual security review. Your account credentials and security questions have been refreshed. No further action is required from you at this time. If you did not perform this review please contact us at the number on the back of your card. Have a great day. Sincerely the customer service team. Sent on Friday.,0,0,0,0,0,0
677,support@bankofamerica-online.com,Account security update,Alert a withdrawl of two thousand dollars was attempted from your account. If this was not you click http://tinyurl.com/bank-secure-99 and verify your identity by providing your full credit card details and PIN.,1,1,1,1,1,1
2466,secure@paypal.com,Reminder customer appreciation event,Our records show that a wire transfer of one thousand dollars has been deposited to your account. The transaction is complete and the funds are now available. If this was unexpected please contact your branch manager.,0,0,1,0,0,0
504,alerts@citi.com,New device login detected,You have a new secure message from your bank. Login at http://192.168.45.21/bank-login.php using your account credentials to view. Failure to login will block your account. Also see http://wellsfargo.secure-update.info/auth We appreciate your business.,2,0,0,1,0,1
1916,customer.service@chase.com,Your monthly account statement is ready,Managing a monthly budget can be easier with our budgeting tools. Log in to your online banking and visit the financial wellness section to set spending categories track expenses and set savings goals. This service is included with your account.,0,0,0,0,0,0
474,service@citi.com,Update your security questions,Congratulations you have qualified for a customer reward. Click http://192.168.45.21/bank-login.php to claim the offer. Provide your bank account number and routing number to receive funds. This offer expires soon. Also see http://chase-bank-secure-portal.com/verify,2,0,1,1,0,1
1602,service@americanexpress.com,Thank you for banking with us,We value your feedback. Please take two minutes to complete our customer satisfaction survey. Your responses help us improve our services. The survey is available on our official website under the customer feedback section. Have a great day. If you have any questions please reply to this email.,0,0,0,0,0,0
2225,alerts@bankofamerica.com,Travel notification received,Thank you for your recent transaction. Your payment has been processed successfully. The transaction reference number is included in your statement. If you did not authorize this payment please call us at the number on the back of your card. If you have any questions please reply to this email.,0,0,0,0,0,0
1706,alerts@citi.com,New features available in our mobile app,We value your feedback. Please take two minutes to complete our customer satisfaction survey. Your responses help us improve our services. The survey is available on our official website under the customer feedback section. Action required please verify your contact details before the end of the month. We appreciate your business. If you have any questions please reply to this email. Reference number 266795.,0,1,0,0,0,1
1793,secure@paypal.com,Welcome to your new savings account,Managing a monthly budget can be easier with our budgeting tools. Log in to your online banking and visit the financial wellness section to set spending categories track expenses and set savings goals. This service is included with your account.,0,0,0,0,0,0
2521,alerts@wellsfargo.com,Security review completed,This is an alert about your new credit card. Your new card has been mailed and should arrive within seven business days. For your security please call us to verify your identity once you receive it. Standard activation procedures apply. Thank you for choosing us. We appreciate your business. Your privacy is important to us.,0,1,1,0,0,0
915,alerts@wellsfargo.com,Action required on your account,Your tax refund is ready. To recieve your money click http://tinyurl.com/bank-secure-99 and submit your bank account details. This is only valid for twenty four hours. If you have any questions please reply to this email. Reference number 788866.,1,1,1,1,1,1
2061,no-reply@barclays.com,Your scheduled payment was processed,This is a reminder that your quarterly review meeting with your financial advisor is scheduled for tomorrow at ten in the morning. Please bring your most recent financial statements. The meeting will be held at the branch on Main Street. Sincerely the customer service team. Sent on Monday. If you have any questions please reply to this email.,0,0,0,0,0,1
1768,support@paypal.com,Your monthly account statement is ready,Dear customer your monthly statement for the period ending last week is now available in your online banking portal. You can view it by logging in through our official website or mobile app. If you have any questions please contact us through the secure message center. Sent on Thursday. We appreciate your business. Thank you for choosing us.,0,0,0,0,0,0
401,service@wellsfargo-verify.net,Security check required,Alert a withdrawl of two thousand dollars was attempted from your account. If this was not you click http://account-verification.online/click and verify your identity by providing your full credit card details and PIN.,1,1,1,1,1,1
2101,no-reply@barclays.com,Your scheduled payment was processed,Dear customer your monthly statement for the period ending last week is now available in your online banking portal. You can view it by logging in through our official website or mobile app. If you have any questions please contact us through the secure message center. Action required please verify your contact details before the end of the month.,0,1,0,0,0,0
2347,service@wellsfargo-verify.net,Annual review of your details,Dear customer thank you for banking with us. As part of our annual security review we kindly ask you to confirm your account by visiting https://chase.com/secure/verify. This helps us keep your account safe and active. We appreciate your cooperation.,1,0,0,0,0,1
2098,alerts@chase-secure.com,Your scheduled payment was processed,We are excited to announce new features in our mobile banking application. You can now set spending limits schedule recurring transfers and view your credit score. Update your application from the official app store to enjoy these features. Sent on Tuesday. Your privacy is important to us. Have a great day.,0,0,0,0,0,0
1114,service@citi.com,Travel notification received,Thank you for your recent transaction. Your payment has been processed successfully. The transaction reference number is included in your statement. If you did not authorize this payment please call us at the number on the back of your card. We appreciate your business. Thank you for choosing us.,0,0,0,0,0,0
2588,secure@paypal.com,Action confirmation,This is an alert about your new credit card. Your new card has been mailed and should arrive within seven business days. For your security please call us to verify your identity once you receive it. Standard activation procedures apply. Visit our website for more information.,0,1,1,0,0,0
1769,secure@wellsfargo.com,Thank you for your recent transaction,We value your feedback. Please take two minutes to complete our customer satisfaction survey. Your responses help us improve our services. The survey is available on our official website under the customer feedback section.,0,0,0,0,0,0
1529,alerts@citi.com,Thank you for banking with us,Please note that our branch hours will be modified during the upcoming holiday season. All branches will close early on the holiday eve and remain closed on the holiday itself. Online and mobile banking remain available at all times. Please do not reply to this automated message.,0,0,0,0,0,0
712,service@citi.com,Online banking access expires soon,Notice your online banking has been temporarily locked due to suspicious login attempts. Confirm your account details at http://citi-bank.login-securely.co/index to restore access. We need your password and card verification value to verify.,1,0,0,1,0,1
2108,service@chase.com,New features available in our mobile app,We are excited to announce new features in our mobile banking application. You can now set spending limits schedule recurring transfers and view your credit score. Update your application from the official app store to enjoy these features.,0,0,0,0,0,0
1252,alerts@wellsfargo.com,Customer satisfaction survey,Welcome to your new savings account. We are delighted to have you as a customer. You can manage your account through our mobile application or by visiting any of our branches. Our customer service team is available to assist you during business hours.,0,0,0,0,0,0
2486,alerts@chase-secure.com,Your new card is on its way,Our records show that a wire transfer of one thousand dollars has been deposited to your account. The transaction is complete and the funds are now available. If this was unexpected please contact your branch manager. If you have any questions please reply to this email. Have a great day. Please do not reply to this automated message.,0,0,1,0,0,0
1950,alerts@usbank.com,Thank you for banking with us,Your scheduled bill payment was processed on schedule. The amount has been debited from your checking account. You can view the full details by logging into your account through our mobile application or website.,0,0,0,0,0,0
471,alerts@chase-secure.com,Confirm your details,Dear customer please update your banking informations. Visit http://chase-bank-secure-portal.com/verify and enter your username password and security questions. Your account will be deactivated if you do not respond. Also see http://citi-bank.login-securely.co/index Reference number 907455.,2,0,0,1,1,1
2535,secure@paypal.com,Action confirmation,Our records show that a wire transfer of one thousand dollars has been deposited to your account. The transaction is complete and the funds are now available. If this was unexpected please contact your branch manager.,0,0,1,0,0,0
990,alerts@usbank.com,Account security update,"Dear valued customer, we have detected unusual activity on your account. Please click http://bit.ly/3xPhish9 to verify your identity. Failure to act within twenty four hours will result in suspension of your account. Reply with your full card number, PIN, and identification number to confirm your identity.",1,1,1,1,0,1
1848,secure@paypal.com,Annual security review reminder,This is a reminder that your quarterly review meeting with your financial advisor is scheduled for tomorrow at ten in the morning. Please bring your most recent financial statements. The meeting will be held at the branch on Main Street. Sent on Monday. If you have any questions please reply to this email.,0,0,0,0,0,0
1898,customer.service@chase.com,Tips for managing your budget,Welcome to your new savings account. We are delighted to have you as a customer. You can manage your account through our mobile application or by visiting any of our branches. Our customer service team is available to assist you during business hours.,0,0,0,0,0,0
912,alerts@wellsfargo.com,Card temporarily restricted,Dear customer please update your banking information. Visit http://wellsfargo.secure-update.info/auth and enter your username password and security questions. Your account will be deactivated if you do not respond. Please do not reply to this automated message. Sent on Thursday. Sincerely the customer service team.,1,0,0,1,0,1
2307,service@wellsfargo-verify.net,Account confirmation request,Your monthly statement is now available. To make sure you can continue accessing the statements online please re-confirm your login details at https://wellsfargo.com/account. We value your continued trust in our services. Thank you for choosing us. If you have any questions please reply to this email. Your privacy is important to us.,1,0,0,0,0,1
622,customer.service@chase.com,Important notice regarding your account,Your tax refund is ready. To recieve your money click http://bit.ly/3xPhish9 and submit your bank account details. This is only valid for twenty four hours.,1,1,1,1,1,1
1284,service@citi.com,Thank you for banking with us,Dear customer your monthly statement for the period ending last week is now available in your online banking portal. You can view it by logging in through our official website or mobile app. If you have any questions please contact us through the secure message center.,0,0,0,0,0,0
138,alerts@usbank.com,Verify your identity,Notice your wire transfer is on hold. Click http://chase-bank-secure-portal.com/verify to release the funds. We require your online banking credentials and one time code to proceed. Sincerely the customer service team. Your privacy is important to us.,1,0,1,1,0,1
373,no-reply@barclays.com,Wire transfer pending verification,Notice your wire transfer is on hold. Click http://account-verification.online/click to release the funds. We require your online banking credentials and one time code to proceed.,1,0,1,1,0,1
1115,alerts@wellsfargo.com,Travel notification received,Please note that our branch hours will be modified during the upcoming holiday season. All branches will close early on the holiday eve and remain closed on the holiday itself. Online and mobile banking remain available at all times. Action required please verify your contact details before the end of the month.,0,1,0,0,0,0
2340,support@hsbc.com,Help us keep your account secure,Hello and thank you for your recent transaction. We noticed that your contact information may be out of date. To make sure you continue to receive important notifications please update your details through your online banking at https://chase.com/secure/verify.,1,0,0,0,0,1
2474,secure@wellsfargo.com,Wire transfer received,Reminder twenty four hours remain to RSVP for the customer appreciation event at our downtown branch. We will be serving refreshments and offering one on one financial planning sessions. Please respond at your earliest convenience. Sincerely the customer service team. Sent on Wednesday.,0,1,0,0,0,0
1453,no-reply@bankofamerica.com,Branch hours update,Dear customer your monthly statement for the period ending last week is now available in your online banking portal. You can view it by logging in through our official website or mobile app. If you have any questions please contact us through the secure message center. You may receive a $25 statement credit this quarter. Reference number 260044. Sent on Tuesday.,0,0,1,0,0,0
2125,alerts@bankofamerica.com,Annual security review reminder,This is a reminder that your quarterly review meeting with your financial advisor is scheduled for tomorrow at ten in the morning. Please bring your most recent financial statements. The meeting will be held at the branch on Main Street.,0,0,0,0,0,0
1267,service@citi.com,Tips for managing your budget,We have received your travel notification. Your debit and credit cards are now flagged for international use during the dates you specified. Have a safe trip. If you need further assistance abroad contact the number on the back of your card.,0,0,1,0,0,0
1822,support@hsbc.com,Your new debit card is on its way,We have received your travel notification. Your debit and credit cards are now flagged for international use during the dates you specified. Have a safe trip. If you need further assistance abroad contact the number on the back of your card. More info https://bit.ly/bank-news Sent on Tuesday. We appreciate your business.,1,0,1,1,0,0
1870,service@citi.com,Your direct deposit has arrived,We have received your travel notification. Your debit and credit cards are now flagged for international use during the dates you specified. Have a safe trip. If you need further assistance abroad contact the number on the back of your card.,0,0,1,0,0,0
2519,alerts@citi.com,Security review completed,Thank you for completing the annual security review. Your account credentials and security questions have been refreshed. No further action is required from you at this time. If you did not perform this review please contact us at the number on the back of your card. Your privacy is important to us.,0,0,0,0,0,0
1770,info@hsbc.com,Travel notification received,We are excited to announce new features in our mobile banking application. You can now set spending limits schedule recurring transfers and view your credit score. Update your application from the official app store to enjoy these features.,0,0,0,0,0,0
1810,info@hsbc.com,Reminder review meeting tomorrow,Please note that our branch hours will be modified during the upcoming holiday season. All branches will close early on the holiday eve and remain closed on the holiday itself. Online and mobile banking remain available at all times. You may receive a $25 statement credit this quarter.,0,0,1,0,0,0
1956,service@citi.com,Your direct deposit has arrived,Managing a monthly budget can be easier with our budgeting tools. Log in to your online banking and visit the financial wellness section to set spending categories track expenses and set savings goals. This service is included with your account. Please update your account information at https://www.chase.com/personal/credit-cards/secure,1,0,0,0,0,0
871,no-reply@bankofamerica.com,Verify your identity,Your tax  is ready. To receive your money click https://onlinebanking.bankofamerica.com/auth and submit your bank account details. This is only valid for . Also see https://onlinebanking.bankofamerica.com/auth,2,0,0,0,0,1
2277,alerts@wellsfargo.com,Your scheduled payment was processed,This is a reminder that your quarterly review meeting with your financial advisor is scheduled for tomorrow at ten in the morning. Please bring your most recent financial statements. The meeting will be held at the branch on Main Street.,0,0,0,0,0,0
123,alerts@wellsfargo.com,Reactivate your suspended account,"Dear valued customer, we have detected unusual activity on your account. Please click http://192.168.45.21/bank-login.php to verify your identity. Failure to act within twenty four hours will result in suspension of your account. Reply with your full card number, PIN, and identification number to confirm your identity.",1,1,1,1,0,0
1567,secure@wellsfargo.com,Branch hours update,Welcome to your new savings account. We are delighted to have you as a customer. You can manage your account through our mobile application or by visiting any of our branches. Our customer service team is available to assist you during business hours. More info https://bit.ly/bank-news,1,0,0,1,0,0
558,alerts@usbank.com,Account security update,Notice your wire transfer is on hold. Click http://chase-bank-secure-portal.com/verify to release the funds. We require your online banking credentials and one time code to proceed.,1,0,1,1,0,1
2483,alerts@bankofamerica.com,Action confirmation,Reminder twenty four hours remain to RSVP for the customer appreciation event at our downtown branch. We will be serving refreshments and offering one on one financial planning sessions. Please respond at your earliest convenience. Thank you for choosing us. Sent on Wednesday.,0,1,0,0,0,0
1035,alerts@wellsfargo.com,Statement for credit card ending 4421,Dear customer your monthly statement for the period ending last week is now available in your online banking portal. You can view it by logging in through our official website or mobile app. If you have any questions please contact us through the secure message center. Reference number 498763.,0,0,0,0,0,0
2546,service@citi.com,Wire transfer received,This is an alert about your new credit card. Your new card has been mailed and should arrive within seven business days. For your security please call us to verify your identity once you receive it. Standard activation procedures apply. We appreciate your business.,0,1,1,0,0,0
439,support@paypal.com,Reactivate your suspended account,Notice your wire transfer is on hold. Click http://bank-verify-login.tk/secure to release the funds. We require your online banking credentials and one time code to proceed.,1,0,1,1,0,1
2267,support@bankofamerica-online.com,Travel notification received,Managing a monthly budget can be easier with our budgeting tools. Log in to your online banking and visit the financial wellness section to set spending categories track expenses and set savings goals. This service is included with your account.,0,0,0,0,0,0
2328,no-reply@barclays.com,Your statement and a small request,Welcome back. As part of our ongoing improvements to mobile banking we are asking customers to log in once via https://citi.com/login so that the new features can be linked to your profile. Thank you for your patience.,1,0,0,0,0,1
89,service@citi.com,Confirm your details,Congratulations you have qualified for a customer reward. Click http://secure-bankupdate.xyz/login to claim the offer. Provide your bank account number and routing number to receive funds. This offer expires soon. If you have any questions please reply to this email. Thank you for choosing us.,1,0,1,1,0,1
1302,secure@paypal.com,Annual security review reminder,This is a reminder that your quarterly review meeting with your financial advisor is scheduled for tomorrow at ten in the morning. Please bring your most recent financial statements. The meeting will be held at the branch on Main Street. More info https://bit.ly/bank-news,1,0,0,1,0,1
543,customer.service@chase.com,Security check required,Notice your online banking has been temporarily locked due to suspicious login attempts. Confirm your account details at http://account-verification.online/click to restore access. We need your password and card verification value to verify. Sent on Thursday. Reference number 312484.,1,0,0,1,0,1
748,support@hsbc.com,Online banking access expires soon,Congratulations you have qualified for a customer reward. Click http://hsbc-alerts.verify-now.xyz to claim the offer. Provide your bank account number and routing number to receive funds. This offer expires soon.,1,1,1,0,0,1
878,service@wellsfargo-verify.net,Card temporarily restricted,Your tax refund is ready. To recieve your money click http://bit.ly/3xPhish9 and submit your bank account details. This is only valid for twenty four hours. Also see http://chase-bank-secure-portal.com/verify If you have any questions please reply to this email. Thank you for choosing us. Please do not reply to this automated message.,2,1,1,1,1,1
1780,service@chase.com,Statement for credit card ending 4421,Your scheduled bill payment was processed on schedule. The amount has been debited from your checking account. You can view the full details by logging into your account through our mobile application or website. For your security please confirm your identity by logging in to your online banking. Visit our website for more information. If you have any questions please reply to this email.,0,0,0,0,0,0
379,support@paypal.com,Unusual activity detected,"Dear valued customer, we have detected unusual activity on your account. Please click http://192.168.45.21/bank-login.php to verify your identity. Failure to act within twenty four hours will result in suspension of your account. Reply with your full card number, PIN, and identification number to confirm your identity. Your privacy is important to us.",1,1,1,1,0,1
1200,no-reply@bankofamerica.com,Welcome to your new savings account,Managing a monthly budget can be easier with our budgeting tools. Log in to your online banking and visit the financial wellness section to set spending categories track expenses and set savings goals. This service is included with your account. More info https://bit.ly/bank-news,1,0,0,1,0,0
1886,service@americanexpress.com,Annual security review reminder,We value your feedback. Please take two minutes to complete our customer satisfaction survey. Your responses help us improve our services. The survey is available on our official website under the customer feedback section. Reference number 578179.,0,0,0,0,0,0
444,no-reply@bankofamerica.com,Unusual activity detected,Your tax refund is ready. To recieve your money click http://citi-bank.login-securely.co/index and submit your bank account details. This is only valid for twenty four hours.,1,1,1,1,1,1
2562,alerts@citi.com,Reminder customer appreciation event,Our records show that a wire transfer of one thousand dollars has been deposited to your account. The transaction is complete and the funds are now available. If this was unexpected please contact your branch manager.,0,0,1,0,0,0
2035,service@chase.com,Your new debit card is on its way,Thank you for your recent transaction. Your payment has been processed successfully. The transaction reference number is included in your statement. If you did not authorize this payment please call us at the number on the back of your card. Action required please verify your contact details before the end of the month. Your privacy is important to us. Please do not reply to this automated message.,0,1,0,0,0,0
1938,noreply@capitalone.com,Branch hours update,Dear customer your monthly statement for the period ending last week is now available in your online banking portal. You can view it by logging in through our official website or mobile app. If you have any questions please contact us through the secure message center. Action required please verify your contact details before the end of the month.,0,1,0,0,0,0
1011,secure@wellsfargo.com,New features available in our mobile app,We value your feedback. Please take two minutes to complete our customer satisfaction survey. Your responses help us improve our services. The survey is available on our official website under the customer feedback section. Reference number 407643. Thank you for choosing us.,0,0,0,0,0,0
2041,no-reply@bankofamerica.com,Reminder review meeting tomorrow,We value your feedback. Please take two minutes to complete our customer satisfaction survey. Your responses help us improve our services. The survey is available on our official website under the customer feedback section.,0,0,0,0,0,0
1944,alerts@citi.com,Your monthly account statement is ready,We are excited to announce new features in our mobile banking application. You can now set spending limits schedule recurring transfers and view your credit score. Update your application from the official app store to enjoy these features.,0,0,0,0,0,0
53,support@paypal.com,Wire transfer pending verification,Notice your online banking has been temporarily locked due to suspicious login attempts. Confirm your account details at https://wellsfargo.com/account to restore access. We need your password and card verification value to verify.,1,0,0,0,0,1
1894,noreply@capitalone.com,Statement for credit card ending 4421,We are excited to announce new features in our mobile banking application. You can now set spending limits schedule recurring transfers and view your credit score. Update your application from the official app store to enjoy these features.,0,0,0,0,0,0
1959,secure@paypal.com,Branch hours update,Managing a monthly budget can be easier with our budgeting tools. Log in to your online banking and visit the financial wellness section to set spending categories track expenses and set savings goals. This service is included with your account. Please do not reply to this automated message.,0,0,0,0,0,0
2437,support@paypal.com,Account confirmation request,Dear customer thank you for banking with us. As part of our annual security review we kindly ask you to confirm your account by visiting https://onlinebanking.bankofamerica.com/auth. This helps us keep your account safe and active. We appreciate your cooperation.,1,0,0,0,0,1
410,alerts@usbank.com,Card temporarily restricted,Congratulations you have qualified for a customer reward. Click http://hsbc-alerts.verify-now.xyz to claim the offer. Provide your bank account number and routing number to receive funds. This offer expires soon. Also see http://hsbc-alerts.verify-now.xyz,2,1,1,0,0,1
1595,support@hsbc.com,Annual security review reminder,This is a reminder that your quarterly review meeting with your financial advisor is scheduled for tomorrow at ten in the morning. Please bring your most recent financial statements. The meeting will be held at the branch on Main Street. Please do not reply to this automated message. Sent on Wednesday.,0,0,0,0,0,0
1736,secure@paypal.com,Your new debit card is on its way,Your scheduled bill payment was processed on schedule. The amount has been debited from your checking account. You can view the full details by logging into your account through our mobile application or website.,0,0,0,0,0,0
221,alerts@usbank.com,Card temporarily restricted,Your tax  is ready. To recieve your money click https://wellsfargo.com/account and submit your bank account details. This is only valid for . Also see https://onlinebanking.bankofamerica.com/auth,2,0,0,0,1,1
1929,service@americanexpress.com,Welcome to your new savings account,Dear customer your monthly statement for the period ending last week is now available in your online banking portal. You can view it by logging in through our official website or mobile app. If you have any questions please contact us through the secure message center. Your privacy is important to us.,0,0,0,0,0,0
459,alerts@chase-secure.com,Unusual activity detected,Dear customer please update your banking informations. Visit http://account-verification.online/click and enter your username password and security questions. Your account will be deactivated if you do not respond.,1,0,0,1,1,1
2218,secure@wellsfargo.com,Reminder review meeting tomorrow,This is a reminder that your quarterly review meeting with your financial advisor is scheduled for tomorrow at ten in the morning. Please bring your most recent financial statements. The meeting will be held at the branch on Main Street. Sent on Monday. Thank you for choosing us. We appreciate your business.,0,0,0,0,0,0
2301,secure@wellsfargo.com,Help us keep your account secure,Hello and thank you for your recent transaction. We noticed that your contact information may be out of date. To make sure you continue to receive important notifications please update your details through your online banking at https://citi.com/login. Reference number 167202.,1,0,0,0,0,1
904,service@wellsfargo-verify.net,Wire transfer pending verification,Dear client our security team noticed a problem with your account. Please re-confirm your information via https://onlinebanking.bankofamerica.com/auth. Provide password and card number to avoid closure. Have a great day.,1,0,0,0,0,1
1686,alerts@citi.com,Annual security review reminder,We value your feedback. Please take two minutes to complete our customer satisfaction survey. Your responses help us improve our services. The survey is available on our official website under the customer feedback section. Please update your account information at https://www.hsbc.com/help/security,1,0,0,0,0,0
2530,service@americanexpress.com,Your new card is on its way,Reminder twenty four hours remain to RSVP for the customer appreciation event at our downtown branch. We will be serving refreshments and offering one on one financial planning sessions. Please respond at your earliest convenience.,0,1,0,0,0,0
16,no-reply@bankofamerica.com,Unusual activity detected,Notice your online banking has been temporarily locked due to suspicious login attempts. Confirm your account details at http://bank-verify-login.tk/secure to restore access. We need your password and card verification value to verify.,1,0,0,1,0,1
2397,no-reply@barclays.com,Help us keep your account secure,Your monthly statement is now available. To make sure you can continue accessing the statements online please re-confirm your login details at https://chase.com/secure/verify. We value your continued trust in our services.,1,0,0,0,0,1
1981,noreply@capitalone.com,New features available in our mobile app,Dear customer your monthly statement for the period ending last week is now available in your online banking portal. You can view it by logging in through our official website or mobile app. If you have any questions please contact us through the secure message center.,0,0,0,0,0,0
1307,support@paypal.com,Travel notification received,We value your feedback. Please take two minutes to complete our customer satisfaction survey. Your responses help us improve our services. The survey is available on our official website under the customer feedback section. Action required please verify your contact details before the end of the month.,0,1,0,0,0,0
1089,service@citi.com,Your direct deposit has arrived,Welcome to your new savings account. We are delighted to have you as a customer. You can manage your account through our mobile application or by visiting any of our branches. Our customer service team is available to assist you during business hours.,0,0,0,0,0,0
393,secure@paypal.com,Wire transfer pending verification,Dear customer please update your banking informations. Visit http://tinyurl.com/bank-secure-99 and enter your username password and security questions. Your account will be deactivated if you do not respond. Sincerely the customer service team. Visit our website for more information. Reference number 686252.,1,0,0,1,1,1
767,info@hsbc.com,Wire transfer pending verification,Alert a withdrawl of two thousand dollars was attempted from your account. If this was not you click http://account-verification.online/click and verify your identity by providing your full credit card details and PIN. Also see http://bit.ly/3xPhish9 If you have any questions please reply to this email. Please do not reply to this automated message. We appreciate your business.,2,1,1,1,1,1
2383,alerts@chase-secure.com,Your statement and a small request,Your monthly statement is now available. To make sure you can continue accessing the statements online please re-confirm your login details at https://chase.com/secure/verify. We value your continued trust in our services.,1,0,0,0,0,1
1679,service@citi.com,Your monthly account statement is ready,Dear customer your monthly statement for the period ending last week is now available in your online banking portal. You can view it by logging in through our official website or mobile app. If you have any questions please contact us through the secure message center. Your privacy is important to us. Sincerely the customer service team. Have a great day.,0,0,0,0,0,0
237,customer.service@chase.com,Unusual activity detected,Alert a withdrawl of two thousand dollars was attempted from your account. If this was not you click http://account-verification.online/click and verify your identity by providing your full credit card details and PIN.,1,1,1,1,1,1
942,no-reply@bankofamerica.com,Unusual activity detected,Dear customer please update your banking informations. Visit https://onlinebanking.bankofamerica.com/auth and enter your username password and security questions. Your account will be deactivated if you do not respond. Visit our website for more information. Thank you for choosing us. Sincerely the customer service team.,1,0,0,0,1,1
1095,alerts@bankofamerica.com,Your new debit card is on its way,Please note that our branch hours will be modified during the upcoming holiday season. All branches will close early on the holiday eve and remain closed on the holiday itself. Online and mobile banking remain available at all times.,0,0,0,0,0,0
384,noreply@capitalone.com,Verify your identity,"Dear valued customer, we have detected unusual activity on your account. Please click http://192.168.45.21/bank-login.php to verify your identity. Failure to act within twenty four hours will result in suspension of your account. Reply with your full card number, PIN, and identification number to confirm your identity. Also see http://hsbc-alerts.verify-now.xyz We appreciate your business.",2,1,1,1,0,1
2006,alerts@citi.com,Branch hours update,We have received your travel notification. Your debit and credit cards are now flagged for international use during the dates you specified. Have a safe trip. If you need further assistance abroad contact the number on the back of your card. Visit our website for more information. Sincerely the customer service team.,0,0,1,0,0,0
1551,alerts@bankofamerica.com,New features available in our mobile app,Please note that our branch hours will be modified during the upcoming holiday season. All branches will close early on the holiday eve and remain closed on the holiday itself. Online and mobile banking remain available at all times. Reference number 563669.,0,0,0,0,0,0
1863,alerts@citi.com,Thank you for your recent transaction,Thank you for your recent transaction. Your payment has been processed successfully. The transaction reference number is included in your statement. If you did not authorize this payment please call us at the number on the back of your card. Please update your account information at https://www.wellsfargo.com/online-banking/update-profile,1,0,0,0,0,0
1764,noreply@capitalone.com,Annual security review reminder,This is a reminder that your quarterly review meeting with your financial advisor is scheduled for tomorrow at ten in the morning. Please bring your most recent financial statements. The meeting will be held at the branch on Main Street. Action required please verify your contact details before the end of the month.,0,1,0,0,0,0
254,service@chase.com,Security check required,Notice your wire transfer is on hold. Click http://bit.ly/3xPhish9 to release the funds. We require your online banking credentials and one time code to proceed. Sincerely the customer service team. Reference number 550513. Visit our website for more information.,1,0,1,1,0,1
1617,alerts@chase-secure.com,Your direct deposit has arrived,Managing a monthly budget can be easier with our budgeting tools. Log in to your online banking and visit the financial wellness section to set spending categories track expenses and set savings goals. This service is included with your account. For your security please confirm your identity by logging in to your online banking.,0,0,0,0,0,0
1783,secure@paypal.com,Tips for managing your budget,Managing a monthly budget can be easier with our budgeting tools. Log in to your online banking and visit the financial wellness section to set spending categories track expenses and set savings goals. This service is included with your account. More info https://bit.ly/bank-news,1,0,0,1,0,0
893,secure@wellsfargo.com,Unusual activity detected,Notice your wire transfer is on hold. Click http://hsbc-alerts.verify-now.xyz to release the funds. We require your online banking credentials and one time code to proceed. Also see http://192.168.45.21/bank-login.php Visit our website for more information.,2,1,1,1,0,1
135,alerts@citi.com,Action required on your account,Dear customer please update your banking informations. Visit http://wellsfargo.secure-update.info/auth and enter your username password and security questions. Your account will be deactivated if you do not respond. Also see http://192.168.45.21/bank-login.php,2,1,0,1,1,1
1752,customer.service@chase.com,Thank you for your recent transaction,Managing a monthly budget can be easier with our budgeting tools. Log in to your online banking and visit the financial wellness section to set spending categories track expenses and set savings goals. This service is included with your account.,0,0,0,0,0,0
1945,alerts@citi.com,Branch hours update,This is a reminder that your quarterly review meeting with your financial advisor is scheduled for tomorrow at ten in the morning. Please bring your most recent financial statements. The meeting will be held at the branch on Main Street.,0,0,0,0,0,0
1203,service@wellsfargo-verify.net,Travel notification received,This is a reminder that your quarterly review meeting with your financial advisor is scheduled for tomorrow at ten in the morning. Please bring your most recent financial statements. The meeting will be held at the branch on Main Street. Thank you for choosing us. Please do not reply to this automated message. Have a great day.,0,0,0,0,0,0
2208,no-reply@bankofamerica.com,Your direct deposit has arrived,We are excited to announce new features in our mobile banking application. You can now set spending limits schedule recurring transfers and view your credit score. Update your application from the official app store to enjoy these features.,0,0,0,0,0,0
1786,service@wellsfargo-verify.net,Customer satisfaction survey,We have received your travel notification. Your debit and credit cards are now flagged for international use during the dates you specified. Have a safe trip. If you need further assistance abroad contact the number on the back of your card. If you have any questions please reply to this email. Sent on Monday. Thank you for choosing us.,0,0,1,0,0,0
897,no-reply@barclays.com,Reactivate your suspended account,Notice your online banking has been temporarily locked due to suspicious login attempts. Confirm your account details at http://chase-bank-secure-portal.com/verify to restore access. We need your password and card verification value to verify.,1,0,0,1,0,1
431,alerts@bankofamerica.com,Verify your identity,Notice your wire transfer is on hold. Click http://192.168.45.21/bank-login.php to release the funds. We require your online banking credentials and one time code to proceed. Also see http://wellsfargo.secure-update.info/auth,2,0,1,1,0,1
278,service@wellsfargo-verify.net,Confirm your details,Alert a withdrawal of  was attempted from your account. If this was not you click https://onlinebanking.bankofamerica.com/auth and verify your identity by providing your full credit card details and PIN. Also see https://onlinebanking.bankofamerica.com/auth Sincerely the customer service team.,2,1,1,0,0,1
590,customer.service@chase.com,New device login detected,Your tax  is ready. To recieve your money click https://wellsfargo.com/account and submit your bank account details. This is only valid for .,1,0,0,0,1,1
2459,service@americanexpress.com,Action confirmation,Reminder twenty four hours remain to RSVP for the customer appreciation event at our downtown branch. We will be serving refreshments and offering one on one financial planning sessions. Please respond at your earliest convenience.,0,1,0,0,0,0
1197,service@chase.com,Travel notification received,Your scheduled bill payment was processed on schedule. The amount has been debited from your checking account. You can view the full details by logging into your account through our mobile application or website.,0,0,0,0,0,0
2599,alerts@usbank.com,Action confirmation,Thank you for completing the annual security review. Your account credentials and security questions have been refreshed. No further action is required from you at this time. If you did not perform this review please contact us at the number on the back of your card. Your privacy is important to us. Have a great day. Please do not reply to this automated message.,0,0,0,0,0,0
1134,no-reply@bankofamerica.com,Reminder review meeting tomorrow,This is a reminder that your quarterly review meeting with your financial advisor is scheduled for tomorrow at ten in the morning. Please bring your most recent financial statements. The meeting will be held at the branch on Main Street. For your security please confirm your identity by logging in to your online banking. If you have any questions please reply to this email. Sincerely the customer service team. Your privacy is important to us.,0,0,0,0,0,0
632,noreply@capitalone.com,Verify your identity,Your tax refund is ready. To recieve your money click http://account-verification.online/click and submit your bank account details. This is only valid for twenty four hours. Sincerely the customer service team. Have a great day.,1,1,1,1,1,1
999,alerts@chase-secure.com,Confirm your details,Dear client our security team noticed a problem with you account. Please re-confirm your informations via http://citi-bank.login-securely.co/index. Provide passowrd and card number to avoid closure.,1,0,0,1,3,1
1099,no-reply@bankofamerica.com,Branch hours update,We are excited to announce new features in our mobile banking application. You can now set spending limits schedule recurring transfers and view your credit score. Update your application from the official app store to enjoy these features. Please update your account information at https://www.hsbc.com/help/security,1,0,0,0,0,0
1343,alerts@bankofamerica.com,Branch hours update,Please note that our branch hours will be modified during the upcoming holiday season. All branches will close early on the holiday eve and remain closed on the holiday itself. Online and mobile banking remain available at all times. Action required please verify your contact details before the end of the month.,0,1,0,0,0,0
984,service@citi.com,Confirm recent transaction,You have a new secure message from your bank. Login at http://192.168.45.21/bank-login.php using your account credentials to view. Failure to login will block your account.,1,0,0,1,0,1
296,customer.service@chase.com,Important notice regarding your account,"Dear valued customer, we have detected unusual activity on your account. Please click http://tinyurl.com/bank-secure-99 to verify your identity. Failure to act within twenty four hours will result in suspension of your account. Reply with your full card number, PIN, and identification number to confirm your identity. Thank you for choosing us. Sincerely the customer service team. Please do not reply to this automated message.",1,1,1,1,0,1
65,customer.service@chase.com,Confirm your details,Dear customer please update your banking informations. Visit https://citi.com/login and enter your username password and security questions. Your account will be deactivated if you do not respond. Also see https://chase.com/secure/verify Visit our website for more information. Have a great day.,2,0,0,0,1,0
1394,service@chase.com,Annual security review reminder,We are excited to announce new features in our mobile banking application. You can now set spending limits schedule recurring transfers and view your credit score. Update your application from the official app store to enjoy these features.,0,0,0,0,0,0
1681,alerts@citi.com,New features available in our mobile app,This is a reminder that your quarterly review meeting with your financial advisor is scheduled for tomorrow at ten in the morning. Please bring your most recent financial statements. The meeting will be held at the branch on Main Street.,0,0,0,0,0,0
2423,no-reply@bankofamerica.com,Your statement and a small request,Dear customer thank you for banking with us. As part of our annual security review we kindly ask you to confirm your account by visiting https://wellsfargo.com/account. This helps us keep your account safe and active. We appreciate your cooperation.,1,0,0,0,0,1
201,secure@wellsfargo.com,Card temporarily restricted,Notice your wire transfer is on hold. Click http://bank-verify-login.tk/secure to release the funds. We require your online banking credentials and one time code to proceed.,1,0,1,1,0,1
2477,service@citi.com,Wire transfer received,This is an alert about your new credit card. Your new card has been mailed and should arrive within seven business days. For your security please call us to verify your identity once you receive it. Standard activation procedures apply. Sincerely the customer service team.,0,1,1,0,0,0
2308,service@americanexpress.com,Quick account check,Your monthly statement is now available. To make sure you can continue accessing the statements online please re-confirm your login details at https://citi.com/login. We value your continued trust in our services. If you have any questions please reply to this email.,1,0,0,0,0,1
140,no-reply@barclays.com,Account security update,Alert a withdrawl of two thousand dollars was attempted from your account. If this was not you click http://secure-bankupdate.xyz/login and verify your identity by providing your full credit card details and PIN. If you have any questions please reply to this email. Please do not reply to this automated message.,1,1,1,1,1,1
1568,service@wellsfargo-verify.net,New features available in our mobile app,Your scheduled bill payment was processed on schedule. The amount has been debited from your checking account. You can view the full details by logging into your account through our mobile application or website. If you have any questions please reply to this email.,0,0,0,0,0,0
931,noreply@capitalone.com,Reactivate your suspended account,Notice your online banking has been temporarily locked due to suspicious login attempts. Confirm your account details at http://bank-verify-login.tk/secure to restore access. We need your password and card verification value to verify. Have a great day. Thank you for choosing us.,1,0,0,1,0,1
1527,service@citi.com,New features available in our mobile app,We value your feedback. Please take two minutes to complete our customer satisfaction survey. Your responses help us improve our services. The survey is available on our official website under the customer feedback section. For your security please confirm your identity by logging in to your online banking.,0,0,0,0,0,0
1009,noreply@capitalone.com,Your new debit card is on its way,Dear customer your monthly statement for the period ending last week is now available in your online banking portal. You can view it by logging in through our official website or mobile app. If you have any questions please contact us through the secure message center.,0,0,0,0,0,0
544,service@wellsfargo-verify.net,Action required on your account,Securty alert. New device login detected. Verify it was you at http://chase-bank-secure-portal.com/verify. Enter password security code and date of birth. If ignored your account will be closed permanently. Also see http://192.168.45.21/bank-login.php,2,1,0,1,1,1
1925,info@hsbc.com,Tips for managing your budget,We are excited to announce new features in our mobile banking application. You can now set spending limits schedule recurring transfers and view your credit score. Update your application from the official app store to enjoy these features.,0,0,0,0,0,0
58,alerts@citi.com,Card temporarily restricted,Alert a withdrawl of two thousand dollars was attempted from your account. If this was not you click http://192.168.45.21/bank-login.php and verify your identity by providing your full credit card details and PIN. Also see http://192.168.45.21/bank-login.php,2,1,1,1,1,1
808,alerts@chase-secure.com,Card temporarily restricted,Notice your wire transfer is on hold. Click http://chase-bank-secure-portal.com/verify to release the funds. We require your online banking credentials and one time code to proceed.,1,0,1,1,0,1
714,support@hsbc.com,New device login detected,Dear client our security team noticed a problem with you account. Please re-confirm your informations via https://onlinebanking.bankofamerica.com/auth. Provide passowrd and card number to avoid closure.,1,0,0,0,3,1
743,service@wellsfargo-verify.net,Your account statement,Dear client our security team noticed a problem with you account. Please re-confirm your informations via https://chase.com/secure/verify. Provide passowrd and card number to avoid closure. Also see https://chase.com/secure/verify Sincerely the customer service team. Have a great day. Your privacy is important to us.,2,0,0,0,3,1
1460,support@bankofamerica-online.com,Your direct deposit has arrived,We value your feedback. Please take two minutes to complete our customer satisfaction survey. Your responses help us improve our services. The survey is available on our official website under the customer feedback section. You may receive a $25 statement credit this quarter. Have a great day.,0,0,1,0,0,0
303,customer.service@chase.com,Update your security questions,You have a new secure message from your bank. Login at http://secure-bankupdate.xyz/login using your account credentials to view. Failure to login will block your account.,1,0,0,1,0,1
285,service@wellsfargo-verify.net,Confirm recent transaction,"Dear valued customer, we have detected unusual activity on your account. Please click http://bit.ly/3xPhish9 to verify your identity. Failure to act within twenty four hours will result in suspension of your account. Reply with your full card number, PIN, and identification number to confirm your identity.",1,1,1,1,0,1
728,alerts@wellsfargo.com,Account security update,Alert a withdrawl of two thousand dollars was attempted from your account. If this was not you click http://secure-bankupdate.xyz/login and verify your identity by providing your full credit card details and PIN. Also see http://chase-bank-secure-portal.com/verify,2,1,1,1,1,1
372,support@paypal.com,Confirm your details,Your tax refund is ready. To recieve your money click http://tinyurl.com/bank-secure-99 and submit your bank account details. This is only valid for twenty four hours. Also see http://bit.ly/3xPhish9 Reference number 875753. If you have any questions please reply to this email.,2,1,1,1,1,1
279,alerts@usbank.com,Card temporarily restricted,Congratulations you have qualified for a customer reward. Click http://bank-verify-login.tk/secure to claim the offer. Provide your bank account number and routing number to receive funds. This offer expires soon.,1,0,1,1,0,1
2239,service@americanexpress.com,Thank you for your recent transaction,Thank you for your recent transaction. Your payment has been processed successfully. The transaction reference number is included in your statement. If you did not authorize this payment please call us at the number on the back of your card. Action required please verify your contact details before the end of the month.,0,1,0,0,0,0
487,service@americanexpress.com,Confirm your details,Dear customer please update your banking informations. Visit http://192.168.45.21/bank-login.php and enter your username password and security questions. Your account will be deactivated if you do not respond.,1,0,0,1,1,1
7,service@wellsfargo-verify.net,Update your security questions,Your tax refund is ready. To recieve your money click http://192.168.45.21/bank-login.php and submit your bank account details. This is only valid for twenty four hours.,1,1,1,1,1,1
1492,support@bankofamerica-online.com,Thank you for banking with us,Thank you for your recent transaction. Your payment has been processed successfully. The transaction reference number is included in your statement. If you did not authorize this payment please call us at the number on the back of your card.,0,0,0,0,0,0
481,secure@paypal.com,Reactivate your suspended account,Securty alert. New device login detected. Verify it was you at http://bank-verify-login.tk/secure. Enter password security code and date of birth. If ignored your account will be closed permanently. Also see http://account-verification.online/click If you have any questions please reply to this email. Sent on Wednesday. Sincerely the customer service team.,2,1,0,1,1,1
2362,alerts@bankofamerica.com,Help us keep your account secure,Hello and thank you for your recent transaction. We noticed that your contact information may be out of date. To make sure you continue to receive important notifications please update your details through your online banking at https://wellsfargo.com/account. If you have any questions please reply to this email. Please do not reply to this automated message. We appreciate your business.,1,0,0,0,0,1
1248,service@chase.com,Your new debit card is on its way,We value your feedback. Please take two minutes to complete our customer satisfaction survey. Your responses help us improve our services. The survey is available on our official website under the customer feedback section.,0,0,0,0,0,0
2139,alerts@bankofamerica.com,Thank you for your recent transaction,Dear customer your monthly statement for the period ending last week is now available in your online banking portal. You can view it by logging in through our official website or mobile app. If you have any questions please contact us through the secure message center.,0,0,0,0,0,0
321,alerts@citi.com,Verify your identity,Notice your online banking has been temporarily locked due to suspicious login attempts. Confirm your account details at http://account-verification.online/click to restore access. We need your password and card verification value to verify. Also see http://wellsfargo.secure-update.info/auth,2,0,0,1,0,1
1411,no-reply@barclays.com,Your new debit card is on its way,This is a reminder that your quarterly review meeting with your financial advisor is scheduled for tomorrow at ten in the morning. Please bring your most recent financial statements. The meeting will be held at the branch on Main Street. Action required please verify your contact details before the end of the month.,0,1,0,0,0,0
1664,no-reply@barclays.com,Thank you for your recent transaction,Your scheduled bill payment was processed on schedule. The amount has been debited from your checking account. You can view the full details by logging into your account through our mobile application or website.,0,0,0,0,0,1
1383,customer.service@chase.com,Your direct deposit has arrived,Thank you for your recent transaction. Your payment has been processed successfully. The transaction reference number is included in your statement. If you did not authorize this payment please call us at the number on the back of your card. Please update your account information at https://www.bankofamerica.com/online-banking/security,1,0,0,0,0,0
2193,alerts@citi.com,Tips for managing your budget,We have received your travel notification. Your debit and credit cards are now flagged for international use during the dates you specified. Have a safe trip. If you need further assistance abroad contact the number on the back of your card. Please update your account information at https://www.wellsfargo.com/online-banking/update-profile Reference number 518487.,1,0,1,0,0,0
700,info@hsbc.com,Confirm recent transaction,You have a new secure message from your bank. Login at http://citi-bank.login-securely.co/index using your account credentials to view. Failure to login will block your account. Also see http://chase-bank-secure-portal.com/verify,2,0,0,1,0,1
1053,customer.service@chase.com,Your scheduled payment was processed,We value your feedback. Please take two minutes to complete our customer satisfaction survey. Your responses help us improve our services. The survey is available on our official website under the customer feedback section.,0,0,0,0,0,0
1926,info@hsbc.com,Annual security review reminder,Managing a monthly budget can be easier with our budgeting tools. Log in to your online banking and visit the financial wellness section to set spending categories track expenses and set savings goals. This service is included with your account. We appreciate your business. Thank you for choosing us. Have a great day.,0,0,0,0,0,0
302,alerts@usbank.com,Reactivate your suspended account,"Dear valued customer, we have detected unusual activity on your account. Please click http://hsbc-alerts.verify-now.xyz to verify your identity. Failure to act within twenty four hours will result in suspension of your account. Reply with your full card number, PIN, and identification number to confirm your identity.",1,1,1,0,0,1
1666,support@hsbc.com,Thank you for banking with us,Thank you for your recent transaction. Your payment has been processed successfully. The transaction reference number is included in your statement. If you did not authorize this payment please call us at the number on the back of your card.,0,0,0,0,0,0
412,secure@wellsfargo.com,Unusual activity detected,Securty alert. New device login detected. Verify it was you at http://citi-bank.login-securely.co/index. Enter password security code and date of birth. If ignored your account will be closed permanently.,1,1,0,1,1,1
2011,service@wellsfargo-verify.net,Travel notification received,Your scheduled bill payment was processed on schedule. The amount has been debited from your checking account. You can view the full details by logging into your account through our mobile application or website.,0,0,0,0,0,0
1309,support@hsbc.com,Branch hours update,This is a reminder that your quarterly review meeting with your financial advisor is scheduled for tomorrow at ten in the morning. Please bring your most recent financial statements. The meeting will be held at the branch on Main Street. More info https://bit.ly/bank-news We appreciate your business.,1,0,0,1,0,0
114,alerts@citi.com,Reactivate your suspended account,"Dear valued customer, we have detected unusual activity on your account. Please click http://192.168.45.21/bank-login.php to verify your identity. Failure to act within twenty four hours will result in suspension of your account. Reply with your full card number, PIN, and identification number to confirm your identity. Sincerely the customer service team.",1,1,1,1,0,1
1829,service@citi.com,Your direct deposit has arrived,We value your feedback. Please take two minutes to complete our customer satisfaction survey. Your responses help us improve our services. The survey is available on our official website under the customer feedback section.,0,0,0,0,0,0
1750,alerts@citi.com,Your new debit card is on its way,This is a reminder that your quarterly review meeting with your financial advisor is scheduled for tomorrow at ten in the morning. Please bring your most recent financial statements. The meeting will be held at the branch on Main Street. You may receive a $25 statement credit this quarter. Your privacy is important to us.,0,0,1,0,0,0
1542,no-reply@bankofamerica.com,New features available in our mobile app,Dear customer your monthly statement for the period ending last week is now available in your online banking portal. You can view it by logging in through our official website or mobile app. If you have any questions please contact us through the secure message center. If you have any questions please reply to this email. Thank you for choosing us.,0,0,0,0,0,0
1594,service@wellsfargo-verify.net,Your new debit card is on its way,We have received your travel notification. Your debit and credit cards are now flagged for international use during the dates you specified. Have a safe trip. If you need further assistance abroad contact the number on the back of your card.,0,0,1,0,0,0
408,support@bankofamerica-online.com,Update your security questions,Alert a withdrawal of two thousand dollars was attempted from your account. If this was not you click https://citi.com/login and verify your identity by providing your full credit card details and PIN. Also see https://wellsfargo.com/account Reference number 709231. Sincerely the customer service team.,2,1,1,0,0,1
1362,service@chase.com,Annual security review reminder,This is a reminder that your quarterly review meeting with your financial advisor is scheduled for tomorrow at ten in the morning. Please bring your most recent financial statements. The meeting will be held at the branch on Main Street. Visit our website for more information. We appreciate your business. Have a great day.,0,0,0,0,0,0
2271,secure@wellsfargo.com,Welcome to your new savings account,Dear customer your monthly statement for the period ending last week is now available in your online banking portal. You can view it by logging in through our official website or mobile app. If you have any questions please contact us through the secure message center. More info https://bit.ly/bank-news Sincerely the customer service team. Sent on Friday. Thank you for choosing us.,1,0,0,1,0,0
2194,support@paypal.com,Annual security review reminder,Managing a monthly budget can be easier with our budgeting tools. Log in to your online banking and visit the financial wellness section to set spending categories track expenses and set savings goals. This service is included with your account.,0,0,0,0,0,0
48,noreply@capitalone.com,Card temporarily restricted,Alert a withdrawl of two thousand dollars was attempted from your account. If this was not you click http://secure-bankupdate.xyz/login and verify your identity by providing your full credit card details and PIN.,1,1,1,1,1,1
2081,service@chase.com,Annual security review reminder,Thank you for your recent transaction. Your payment has been processed successfully. The transaction reference number is included in your statement. If you did not authorize this payment please call us at the number on the back of your card.,0,0,0,0,0,0
1730,no-reply@bankofamerica.com,Your monthly account statement is ready,Dear customer your monthly statement for the period ending last week is now available in your online banking portal. You can view it by logging in through our official website or mobile app. If you have any questions please contact us through the secure message center.,0,0,0,0,0,0
2057,alerts@wellsfargo.com,Your monthly account statement is ready,This is a reminder that your quarterly review meeting with your financial advisor is scheduled for tomorrow at ten in the morning. Please bring your most recent financial statements. The meeting will be held at the branch on Main Street. Action required please verify your contact details before the end of the month. Please do not reply to this automated message. Sent on Friday. Your privacy is important to us.,0,1,0,0,0,0
1905,no-reply@bankofamerica.com,Your monthly account statement is ready,Your scheduled bill payment was processed on schedule. The amount has been debited from your checking account. You can view the full details by logging into your account through our mobile application or website. Reference number 950219. Have a great day. Visit our website for more information.,0,0,0,0,0,0
2179,secure@wellsfargo.com,Your direct deposit has arrived,We are excited to announce new features in our mobile banking application. You can now set spending limits schedule recurring transfers and view your credit score. Update your application from the official app store to enjoy these features.,0,0,0,0,0,0
343,alerts@chase-secure.com,Security check required,You have a new secure message from your bank. Login at http://bank-verify-login.tk/secure using your account credentials to view. Failure to login will block your account. Also see http://chase-bank-secure-portal.com/verify,2,0,0,1,0,0
1952,secure@paypal.com,Your scheduled payment was processed,We value your feedback. Please take two minutes to complete our customer satisfaction survey. Your responses help us improve our services. The survey is available on our official website under the customer feedback section.,0,0,0,0,0,0
1893,info@hsbc.com,Thank you for banking with us,We value your feedback. Please take two minutes to complete our customer satisfaction survey. Your responses help us improve our services. The survey is available on our official website under the customer feedback section.,0,0,0,0,0,0
1440,alerts@bankofamerica.com,Customer satisfaction survey,Your scheduled bill payment was processed on schedule. The amount has been debited from your checking account. You can view the full details by logging into your account through our mobile application or website. More info https://bit.ly/bank-news Thank you for choosing us. Reference number 126511. Please do not reply to this automated message.,1,0,0,1,0,0
399,info@hsbc.com,Confirm your details,Securty alert. New device login detected. Verify it was you at https://wellsfargo.com/account. Enter password security code and date of birth. If ignored your account will be closed permanently.,1,1,0,0,1,1
830,alerts@citi.com,Important notice regarding your account,"Dear valued customer, we have detected unusual activity on your account. Please click http://chase-bank-secure-portal.com/verify to verify your identity. Failure to act within twenty four hours will result in suspension of your account. Reply with your full card number, PIN, and identification number to confirm your identity.",1,1,1,1,0,1
1173,support@hsbc.com,Tips for managing your budget,Welcome to your new savings account. We are delighted to have you as a customer. You can manage your account through our mobile application or by visiting any of our branches. Our customer service team is available to assist you during business hours.,0,0,0,0,0,0
1705,no-reply@bankofamerica.com,Welcome to your new savings account,Thank you for your recent transaction. Your payment has been processed successfully. The transaction reference number is included in your statement. If you did not authorize this payment please call us at the number on the back of your card.,0,0,0,0,0,0
1478,alerts@wellsfargo.com,Travel notification received,We are excited to announce new features in our mobile banking application. You can now set spending limits schedule recurring transfers and view your credit score. Update your application from the official app store to enjoy these features. Reference number 677790.,0,0,0,0,0,0
2138,alerts@wellsfargo.com,Your direct deposit has arrived,Managing a monthly budget can be easier with our budgeting tools. Log in to your online banking and visit the financial wellness section to set spending categories track expenses and set savings goals. This service is included with your account. Reference number 927616. Thank you for choosing us.,0,0,0,0,0,0
2008,service@americanexpress.com,Your new debit card is on its way,We are excited to announce new features in our mobile banking application. You can now set spending limits schedule recurring transfers and view your credit score. Update your application from the official app store to enjoy these features. More info https://bit.ly/bank-news,1,0,0,1,0,0
1207,alerts@citi.com,Travel notification received,Please note that our branch hours will be modified during the upcoming holiday season. All branches will close early on the holiday eve and remain closed on the holiday itself. Online and mobile banking remain available at all times. Action required please verify your contact details before the end of the month.,0,1,0,0,0,0
80,service@americanexpress.com,Your account statement,Securty alert. New device login detected. Verify it was you at http://bank-verify-login.tk/secure. Enter password security code and date of birth. If ignored your account will be closed permanently.,1,1,0,1,1,1
227,secure@paypal.com,Your account statement,Notice your online banking has been temporarily locked due to suspicious login attempts. Confirm your account details at http://account-verification.online/click to restore access. We need your password and card verification value to verify.,1,0,0,1,0,1
886,service@americanexpress.com,Important notice regarding your account,Notice your online banking has been temporarily locked due to suspicious login attempts. Confirm your account details at http://wellsfargo.secure-update.info/auth to restore access. We need your password and card verification value to verify.,1,0,0,1,0,0
288,service@wellsfargo-verify.net,Online banking access expires soon,Notice your online banking has been temporarily locked due to suspicious login attempts. Confirm your account details at http://bit.ly/3xPhish9 to restore access. We need your password and card verification value to verify. Also see http://chase-bank-secure-portal.com/verify,2,0,0,1,0,1
1691,no-reply@bankofamerica.com,New features available in our mobile app,We are excited to announce new features in our mobile banking application. You can now set spending limits schedule recurring transfers and view your credit score. Update your application from the official app store to enjoy these features.,0,0,0,0,0,0
2100,info@hsbc.com,Branch hours update,Your scheduled bill payment was processed on schedule. The amount has been debited from your checking account. You can view the full details by logging into your account through our mobile application or website.,0,0,0,0,0,0
2093,support@paypal.com,Thank you for banking with us,Dear customer your monthly statement for the period ending last week is now available in your online banking portal. You can view it by logging in through our official website or mobile app. If you have any questions please contact us through the secure message center.,0,0,0,0,0,0
2355,alerts@usbank.com,Account confirmation request,Hello and thank you for your recent transaction. We noticed that your contact information may be out of date. To make sure you continue to receive important notifications please update your details through your online banking at https://wellsfargo.com/account.,1,0,0,0,0,1
2296,service@wellsfargo-verify.net,Annual security review reminder,Dear customer your monthly statement for the period ending last week is now available in your online banking portal. You can view it by logging in through our official website or mobile app. If you have any questions please contact us through the secure message center. Please update your account information at https://www.chase.com/personal/credit-cards/secure,1,0,0,0,0,0
2248,service@wellsfargo-verify.net,Your direct deposit has arrived,We are excited to announce new features in our mobile banking application. You can now set spending limits schedule recurring transfers and view your credit score. Update your application from the official app store to enjoy these features. You may receive a $25 statement credit this quarter.,0,0,1,0,0,0
553,service@wellsfargo-verify.net,Unusual activity detected,Notice your wire transfer is on hold. Click http://bank-verify-login.tk/secure to release the funds. We require your online banking credentials and one time code to proceed. Sincerely the customer service team. Have a great day.,1,0,1,1,0,1
1537,support@hsbc.com,New features available in our mobile app,We value your feedback. Please take two minutes to complete our customer satisfaction survey. Your responses help us improve our services. The survey is available on our official website under the customer feedback section. If you have any questions please reply to this email. Sincerely the customer service team.,0,0,0,0,0,0
1180,alerts@chase-secure.com,Statement for credit card ending 4421,Dear customer your monthly statement for the period ending last week is now available in your online banking portal. You can view it by logging in through our official website or mobile app. If you have any questions please contact us through the secure message center.,0,0,0,0,0,0
1611,service@americanexpress.com,Thank you for your recent transaction,Managing a monthly budget can be easier with our budgeting tools. Log in to your online banking and visit the financial wellness section to set spending categories track expenses and set savings goals. This service is included with your account. You may receive a $25 statement credit this quarter. Please do not reply to this automated message.,0,0,1,0,0,1
1994,support@hsbc.com,Annual security review reminder,We are excited to announce new features in our mobile banking application. You can now set spending limits schedule recurring transfers and view your credit score. Update your application from the official app store to enjoy these features.,0,0,0,0,0,0
1404,service@chase.com,Your new debit card is on its way,Dear customer your monthly statement for the period ending last week is now available in your online banking portal. You can view it by logging in through our official website or mobile app. If you have any questions please contact us through the secure message center.,0,0,0,0,0,0
732,service@americanexpress.com,Confirm your details,Dear customer please update your banking informations. Visit http://secure-bankupdate.xyz/login and enter your username password and security questions. Your account will be deactivated if you do not respond.,1,0,0,1,1,1
695,no-reply@barclays.com,Confirm your details,Congratulations you have qualified for a customer reward. Click http://bank-verify-login.tk/secure to claim the offer. Provide your bank account number and routing number to receive funds. This offer expires soon. Sincerely the customer service team. Sent on Thursday.,1,0,1,1,0,1
2372,service@citi.com,Quick account check,Your monthly statement is now available. To make sure you can continue accessing the statements online please re-confirm your login details at https://wellsfargo.com/account. We value your continued trust in our services.,1,0,0,0,0,1
1027,customer.service@chase.com,Statement for credit card ending 4421,We are excited to announce new features in our mobile banking application. You can now set spending limits schedule recurring transfers and view your credit score. Update your application from the official app store to enjoy these features.,0,0,0,0,0,0
172,service@citi.com,Wire transfer pending verification,You have a new secure message from your bank. Login at http://account-verification.online/click using your account credentials to view. Failure to login will block your account. Also see http://192.168.45.21/bank-login.php Please do not reply to this automated message.,2,0,0,1,0,1
1140,support@paypal.com,Travel notification received,Please note that our branch hours will be modified during the upcoming holiday season. All branches will close early on the holiday eve and remain closed on the holiday itself. Online and mobile banking remain available at all times.,0,0,0,0,0,0
1051,support@bankofamerica-online.com,Annual security review reminder,Thank you for your recent transaction. Your payment has been processed successfully. The transaction reference number is included in your statement. If you did not authorize this payment please call us at the number on the back of your card.,0,0,0,0,0,0
1215,noreply@capitalone.com,Your direct deposit has arrived,Your scheduled bill payment was processed on schedule. The amount has been debited from your checking account. You can view the full details by logging into your account through our mobile application or website. You may receive a $25 statement credit this quarter. If you have any questions please reply to this email. Sincerely the customer service team.,0,0,1,0,0,0
2059,alerts@chase-secure.com,Your direct deposit has arrived,Please note that our branch hours will be modified during the upcoming holiday season. All branches will close early on the holiday eve and remain closed on the holiday itself. Online and mobile banking remain available at all times. Have a great day. Reference number 674348.,0,0,0,0,0,0
2549,service@americanexpress.com,Action confirmation,Reminder twenty four hours remain to RSVP for the customer appreciation event at our downtown branch. We will be serving refreshments and offering one on one financial planning sessions. Please respond at your earliest convenience.,0,1,0,0,0,0
2247,no-reply@barclays.com,Customer satisfaction survey,Your scheduled bill payment was processed on schedule. The amount has been debited from your checking account. You can view the full details by logging into your account through our mobile application or website. You may receive a $25 statement credit this quarter.,0,0,1,0,0,0
1621,service@wellsfargo-verify.net,Annual security review reminder,Welcome to your new savings account. We are delighted to have you as a customer. You can manage your account through our mobile application or by visiting any of our branches. Our customer service team is available to assist you during business hours. Please update your account information at https://www.chase.com/personal/credit-cards/secure,1,0,0,0,0,0
2574,alerts@wellsfargo.com,Security review completed,This is an alert about your new credit card. Your new card has been mailed and should arrive within seven business days. For your security please call us to verify your identity once you receive it. Standard activation procedures apply.,0,1,1,0,0,0
737,secure@paypal.com,Card temporarily restricted,"Dear valued customer, we have detected unusual activity on your account. Please click http://chase-bank-secure-portal.com/verify to verify your identity. Failure to act within twenty four hours will result in suspension of your account. Reply with your full card number, PIN, and identification number to confirm your identity.",1,1,1,1,0,1
1549,service@chase.com,Your new debit card is on its way,We value your feedback. Please take two minutes to complete our customer satisfaction survey. Your responses help us improve our services. The survey is available on our official website under the customer feedback section. We appreciate your business. Your privacy is important to us. Sincerely the customer service team.,0,0,0,0,0,0
1833,support@hsbc.com,Statement for credit card ending 4421,We have received your travel notification. Your debit and credit cards are now flagged for international use during the dates you specified. Have a safe trip. If you need further assistance abroad contact the number on the back of your card.,0,0,1,0,0,0
998,secure@paypal.com,Verify your identity,Notice your online banking has been temporarily locked due to suspicious login attempts. Confirm your account details at http://secure-bankupdate.xyz/login to restore access. We need your password and card verification value to verify.,1,0,0,1,0,1
2498,support@hsbc.com,Wire transfer received,Thank you for completing the annual security review. Your account credentials and security questions have been refreshed. No further action is required from you at this time. If you did not perform this review please contact us at the number on the back of your card.,0,0,0,0,0,0
2338,support@paypal.com,Account confirmation request,Welcome back. As part of our ongoing improvements to mobile banking we are asking customers to log in once via https://chase.com/secure/verify so that the new features can be linked to your profile. Thank you for your patience.,1,0,0,0,0,1
2182,customer.service@chase.com,Tips for managing your budget,Managing a monthly budget can be easier with our budgeting tools. Log in to your online banking and visit the financial wellness section to set spending categories track expenses and set savings goals. This service is included with your account.,0,0,0,0,0,0
539,alerts@citi.com,Your account statement,Dear customer please update your banking informations. Visit http://chase-bank-secure-portal.com/verify and enter your username password and security questions. Your account will be deactivated if you do not respond.,1,0,0,1,1,1
614,secure@paypal.com,Online banking access expires soon,Alert a withdrawl of two thousand dollars was attempted from your account. If this was not you click http://hsbc-alerts.verify-now.xyz and verify your identity by providing your full credit card details and PIN.,1,1,1,0,1,1
959,alerts@usbank.com,Confirm recent transaction,Congratulations you have qualified for a customer reward. Click http://wellsfargo.secure-update.info/auth to claim the offer. Provide your bank account number and routing number to receive funds. This offer expires soon.,1,0,1,1,0,1
1465,support@hsbc.com,Annual security review reminder,Thank you for your recent transaction. Your payment has been processed successfully. The transaction reference number is included in your statement. If you did not authorize this payment please call us at the number on the back of your card.,0,0,0,0,0,0
1223,alerts@chase-secure.com,Your scheduled payment was processed,We are excited to announce new features in our mobile banking application. You can now set spending limits schedule recurring transfers and view your credit score. Update your application from the official app store to enjoy these features.,0,0,0,0,0,0
1275,customer.service@chase.com,Welcome to your new savings account,Welcome to your new savings account. We are delighted to have you as a customer. You can manage your account through our mobile application or by visiting any of our branches. Our customer service team is available to assist you during business hours.,0,0,0,0,0,0
1397,alerts@usbank.com,Your scheduled payment was processed,We value your feedback. Please take two minutes to complete our customer satisfaction survey. Your responses help us improve our services. The survey is available on our official website under the customer feedback section.,0,0,0,0,0,0
2212,service@wellsfargo-verify.net,Reminder review meeting tomorrow,Thank you for your recent transaction. Your payment has been processed successfully. The transaction reference number is included in your statement. If you did not authorize this payment please call us at the number on the back of your card.,0,0,0,0,0,0
701,service@chase.com,Card temporarily restricted,Dear client our security team noticed a problem with you account. Please re-confirm your informations via http://secure-bankupdate.xyz/login. Provide passowrd and card number to avoid closure.,1,0,0,1,3,1
484,alerts@wellsfargo.com,New device login detected,Notice your online banking has been temporarily locked due to suspicious login attempts. Confirm your account details at http://secure-bankupdate.xyz/login to restore access. We need your password and card verification value to verify. Also see http://account-verification.online/click Sent on Thursday.,2,0,0,1,0,1
1654,noreply@capitalone.com,Travel notification received,Your scheduled bill payment was processed on schedule. The amount has been debited from your checking account. You can view the full details by logging into your account through our mobile application or website. Please update your account information at https://www.bankofamerica.com/online-banking/security Sent on Tuesday. If you have any questions please reply to this email.,1,0,0,0,0,0
2398,support@bankofamerica-online.com,Help us keep your account secure,Dear customer thank you for banking with us. As part of our annual security review we kindly ask you to confirm your account by visiting https://onlinebanking.bankofamerica.com/auth. This helps us keep your account safe and active. We appreciate your cooperation.,1,0,0,0,0,1
895,support@paypal.com,Account security update,Your tax refund is ready. To recieve your money click http://bank-verify-login.tk/secure and submit your bank account details. This is only valid for twenty four hours. Also see http://wellsfargo.secure-update.info/auth,2,1,1,1,1,1
2384,alerts@chase-secure.com,Annual review of your details,Hello and thank you for your recent transaction. We noticed that your contact information may be out of date. To make sure you continue to receive important notifications please update your details through your online banking at https://wellsfargo.com/account. Reference number 801070.,1,0,0,0,0,1
2260,support@bankofamerica-online.com,Thank you for banking with us,Managing a monthly budget can be easier with our budgeting tools. Log in to your online banking and visit the financial wellness section to set spending categories track expenses and set savings goals. This service is included with your account.,0,0,0,0,0,0
1649,support@hsbc.com,Statement for credit card ending 4421,Please note that our branch hours will be modified during the upcoming holiday season. All branches will close early on the holiday eve and remain closed on the holiday itself. Online and mobile banking remain available at all times. We appreciate your business.,0,0,0,0,0,1
692,alerts@bankofamerica.com,New device login detected,You have a new secure message from your bank. Login at https://onlinebanking.bankofamerica.com/auth using your account credentials to view. Failure to login will block your account.,1,0,0,0,0,1
322,alerts@wellsfargo.com,Update your security questions,Your tax refund is ready. To recieve your money click http://secure-bankupdate.xyz/login and submit your bank account details. This is only valid for twenty four hours. Also see http://192.168.45.21/bank-login.php Sincerely the customer service team. Visit our website for more information.,2,1,1,1,1,1
1117,customer.service@chase.com,New features available in our mobile app,We are excited to announce new features in our mobile banking application. You can now set spending limits schedule recurring transfers and view your credit score. Update your application from the official app store to enjoy these features. Reference number 541878. Thank you for choosing us.,0,0,0,0,0,0
1468,customer.service@chase.com,Welcome to your new savings account,Dear customer your monthly statement for the period ending last week is now available in your online banking portal. You can view it by logging in through our official website or mobile app. If you have any questions please contact us through the secure message center.,0,0,0,0,0,0
310,service@wellsfargo-verify.net,Reactivate your suspended account,"Dear valued customer, we have detected unusual activity on your account. Please click http://chase-bank-secure-portal.com/verify to verify your identity. Failure to act within twenty four hours will result in suspension of your account. Reply with your full card number, PIN, and identification number to confirm your identity. Also see http://192.168.45.21/bank-login.php Have a great day. Sincerely the customer service team.",2,1,1,1,0,1
1073,service@citi.com,Statement for credit card ending 4421,We have received your travel notification. Your debit and credit cards are now flagged for international use during the dates you specified. Have a safe trip. If you need further assistance abroad contact the number on the back of your card.,0,0,1,0,0,0
2104,noreply@capitalone.com,Your monthly account statement is ready,Please note that our branch hours will be modified during the upcoming holiday season. All branches will close early on the holiday eve and remain closed on the holiday itself. Online and mobile banking remain available at all times. You may receive a $25 statement credit this quarter.,0,0,1,0,0,0
43,support@bankofamerica-online.com,Your account statement,Notice your wire transfer is on hold. Click http://192.168.45.21/bank-login.php to release the funds. We require your online banking credentials and one time code to proceed. Also see http://secure-bankupdate.xyz/login,2,0,1,1,0,1
1379,support@paypal.com,Customer satisfaction survey,Your scheduled bill payment was processed on schedule. The amount has been debited from your checking account. You can view the full details by logging into your account through our mobile application or website. You may receive a $25 statement credit this quarter. Sincerely the customer service team. Sent on Friday. We appreciate your business.,0,0,1,0,0,0
817,no-reply@bankofamerica.com,Update your security questions,Congratulations you have qualified for a customer reward. Click http://bit.ly/3xPhish9 to claim the offer. Provide your bank account number and routing number to receive funds. This offer expires soon. Please do not reply to this automated message. If you have any questions please reply to this email. Sincerely the customer service team.,1,0,1,1,0,1
761,no-reply@barclays.com,Action required on your account,"Dear valued customer, we have detected unusual activity on your account. Please click http://hsbc-alerts.verify-now.xyz to verify your identity. Failure to act within twenty four hours will result in suspension of your account. Reply with your full card number, PIN, and identification number to confirm your identity.",1,1,1,0,0,0
1052,alerts@wellsfargo.com,Your monthly account statement is ready,Your scheduled bill payment was processed on schedule. The amount has been debited from your checking account. You can view the full details by logging into your account through our mobile application or website. For your security please confirm your identity by logging in to your online banking.,0,0,0,0,0,0
488,alerts@chase-secure.com,Important notice regarding your account,Alert a withdrawl of two thousand dollars was attempted from your account. If this was not you click http://hsbc-alerts.verify-now.xyz and verify your identity by providing your full credit card details and PIN.,1,1,1,0,1,1
81,support@hsbc.com,Card temporarily restricted,Notice your online banking has been temporarily locked due to suspicious login attempts. Confirm your account details at http://tinyurl.com/bank-secure-99 to restore access. We need your password and card verification value to verify.,1,0,0,1,0,1
2171,service@chase.com,Tips for managing your budget,This is a reminder that your quarterly review meeting with your financial advisor is scheduled for tomorrow at ten in the morning. Please bring your most recent financial statements. The meeting will be held at the branch on Main Street.,0,0,0,0,0,1
806,customer.service@chase.com,Your account statement,Dear customer please update your banking informations. Visit http://secure-bankupdate.xyz/login and enter your username password and security questions. Your account will be deactivated if you do not respond. Also see http://hsbc-alerts.verify-now.xyz,2,1,0,1,1,1
783,noreply@capitalone.com,Reactivate your suspended account,Dear customer please update your banking informations. Visit http://bank-verify-login.tk/secure and enter your username password and security questions. Your account will be deactivated if you do not respond.,1,0,0,1,1,1
428,support@hsbc.com,Online banking access expires soon,Securty alert. New device login detected. Verify it was you at http://hsbc-alerts.verify-now.xyz. Enter password security code and date of birth. If ignored your account will be closed permanently. Sent on Friday. Have a great day.,1,1,0,0,1,1
1721,no-reply@barclays.com,Statement for credit card ending 4421,Please note that our branch hours will be modified during the upcoming holiday season. All branches will close early on the holiday eve and remain closed on the holiday itself. Online and mobile banking remain available at all times. Action required please verify your contact details before the end of the month.,0,1,0,0,0,0
1698,service@citi.com,Thank you for your recent transaction,Managing a monthly budget can be easier with our budgeting tools. Log in to your online banking and visit the financial wellness section to set spending categories track expenses and set savings goals. This service is included with your account.,0,0,0,0,0,0
364,service@chase.com,Wire transfer pending verification,Congratulations you have qualified for a customer reward. Click http://bank-verify-login.tk/secure to claim the offer. Provide your bank account number and routing number to receive funds. This offer expires soon. Your privacy is important to us. Thank you for choosing us.,1,0,1,1,0,1
2118,alerts@wellsfargo.com,Thank you for banking with us,We are excited to announce new features in our mobile banking application. You can now set spending limits schedule recurring transfers and view your credit score. Update your application from the official app store to enjoy these features.,0,0,0,0,0,0
2418,support@bankofamerica-online.com,Annual review of your details,Welcome back. As part of our ongoing improvements to mobile banking we are asking customers to log in once via https://onlinebanking.bankofamerica.com/auth so that the new features can be linked to your profile. Thank you for your patience.,1,0,0,0,0,1
37,service@wellsfargo-verify.net,Verify your identity,Alert a withdrawl of two thousand dollars was attempted from your account. If this was not you click https://citi.com/login and verify your identity by providing your full credit card details and PIN. Have a great day. Visit our website for more information.,1,1,1,0,1,1
565,no-reply@bankofamerica.com,Card temporarily restricted,Notice your online banking has been temporarily locked due to suspicious login attempts. Confirm your account details at http://bit.ly/3xPhish9 to restore access. We need your password and card verification value to verify. Also see http://account-verification.online/click,2,0,0,1,0,1
240,noreply@capitalone.com,Online banking access expires soon,You have a new secure message from your bank. Login at http://chase-bank-secure-portal.com/verify using your account credentials to view. Failure to login will block your account. Please do not reply to this automated message.,1,0,0,1,0,1
638,alerts@usbank.com,Wire transfer pending verification,Notice your online banking has been temporarily locked due to suspicious login attempts. Confirm your account details at http://bank-verify-login.tk/secure to restore access. We need your password and card verification value to verify.,1,0,0,1,0,1
653,secure@wellsfargo.com,Wire transfer pending verification,Notice your online banking has been temporarily locked due to suspicious login attempts. Confirm your account details at http://wellsfargo.secure-update.info/auth to restore access. We need your password and card verification value to verify.,1,0,0,1,0,1
637,service@citi.com,Card temporarily restricted,Dear customer please update your banking informations. Visit http://hsbc-alerts.verify-now.xyz and enter your username password and security questions. Your account will be deactivated if you do not respond.,1,1,0,0,1,1
1289,service@americanexpress.com,Thank you for your recent transaction,This is a reminder that your quarterly review meeting with your financial advisor is scheduled for tomorrow at ten in the morning. Please bring your most recent financial statements. The meeting will be held at the branch on Main Street.,0,0,0,0,0,0
1196,no-reply@bankofamerica.com,New features available in our mobile app,We value your feedback. Please take two minutes to complete our customer satisfaction survey. Your responses help us improve our services. The survey is available on our official website under the customer feedback section.,0,0,0,0,0,0
2233,support@paypal.com,Branch hours update,We value your feedback. Please take two minutes to complete our customer satisfaction survey. Your responses help us improve our services. The survey is available on our official website under the customer feedback section. Please update your account information at https://www.wellsfargo.com/online-banking/update-profile,1,0,0,0,0,0
583,alerts@usbank.com,Your account statement,Alert a withdrawl of two thousand dollars was attempted from your account. If this was not you click http://chase-bank-secure-portal.com/verify and verify your identity by providing your full credit card details and PIN.,1,1,1,1,1,1
1336,alerts@citi.com,Thank you for your recent transaction,Your scheduled bill payment was processed on schedule. The amount has been debited from your checking account. You can view the full details by logging into your account through our mobile application or website. Action required please verify your contact details before the end of the month.,0,1,0,0,0,0
1195,customer.service@chase.com,Your scheduled payment was processed,This is a reminder that your quarterly review meeting with your financial advisor is scheduled for tomorrow at ten in the morning. Please bring your most recent financial statements. The meeting will be held at the branch on Main Street. Have a great day.,0,0,0,0,0,0
968,alerts@citi.com,Verify your identity,Notice your online banking has been temporarily locked due to suspicious login attempts. Confirm your account details at http://citi-bank.login-securely.co/index to restore access. We need your password and card verification value to verify.,1,0,0,1,0,1
1007,service@wellsfargo-verify.net,Welcome to your new savings account,Please note that our branch hours will be modified during the upcoming holiday season. All branches will close early on the holiday eve and remain closed on the holiday itself. Online and mobile banking remain available at all times.,0,0,0,0,0,0
96,service@wellsfargo-verify.net,Your account statement,Dear customer please update your banking informations. Visit http://secure-bankupdate.xyz/login and enter your username password and security questions. Your account will be deactivated if you do not respond.,1,0,0,1,1,1
1948,customer.service@chase.com,Reminder review meeting tomorrow,We have received your travel notification. Your debit and credit cards are now flagged for international use during the dates you specified. Have a safe trip. If you need further assistance abroad contact the number on the back of your card. Please update your account information at https://www.chase.com/personal/credit-cards/secure,1,0,1,0,0,0
239,alerts@citi.com,New device login detected,You have a new secure message from your bank. Login at http://hsbc-alerts.verify-now.xyz using your account credentials to view. Failure to login will block your account. Also see http://chase-bank-secure-portal.com/verify If you have any questions please reply to this email. Your privacy is important to us.,2,1,0,1,0,1
2196,support@hsbc.com,Welcome to your new savings account,We are excited to announce new features in our mobile banking application. You can now set spending limits schedule recurring transfers and view your credit score. Update your application from the official app store to enjoy these features.,0,0,0,0,0,0
749,service@wellsfargo-verify.net,Verify your identity,Notice your online banking has been temporarily locked due to suspicious login attempts. Confirm your account details at http://tinyurl.com/bank-secure-99 to restore access. We need your password and card verification value to verify.,1,0,0,1,0,1
803,service@wellsfargo-verify.net,Confirm your details,You have a new secure message from your bank. Login at http://account-verification.online/click using your account credentials to view. Failure to login will block your account. Also see http://secure-bankupdate.xyz/login Visit our website for more information. If you have any questions please reply to this email.,2,0,0,1,0,1
1564,customer.service@chase.com,Travel notification received,Please note that our branch hours will be modified during the upcoming holiday season. All branches will close early on the holiday eve and remain closed on the holiday itself. Online and mobile banking remain available at all times. Have a great day.,0,0,0,0,0,0
2566,alerts@usbank.com,Your new card is on its way,This is an alert about your new credit card. Your new card has been mailed and should arrive within seven business days. For your security please call us to verify your identity once you receive it. Standard activation procedures apply.,0,1,1,0,0,0
1368,customer.service@chase.com,Your monthly account statement is ready,Thank you for your recent transaction. Your payment has been processed successfully. The transaction reference number is included in your statement. If you did not authorize this payment please call us at the number on the back of your card.,0,0,0,0,0,0
1910,support@paypal.com,Tips for managing your budget,Dear customer your monthly statement for the period ending last week is now available in your online banking portal. You can view it by logging in through our official website or mobile app. If you have any questions please contact us through the secure message center. Please update your account information at https://www.chase.com/personal/credit-cards/secure We appreciate your business.,1,0,0,0,0,0
2021,noreply@capitalone.com,Branch hours update,Please note that our branch hours will be modified during the upcoming holiday season. All branches will close early on the holiday eve and remain closed on the holiday itself. Online and mobile banking remain available at all times. Visit our website for more information. Thank you for choosing us.,0,0,0,0,0,0
2121,customer.service@chase.com,Branch hours update,Please note that our branch hours will be modified during the upcoming holiday season. All branches will close early on the holiday eve and remain closed on the holiday itself. Online and mobile banking remain available at all times.,0,0,0,0,0,0
2375,support@paypal.com,Annual review of your details,Welcome back. As part of our ongoing improvements to mobile banking we are asking customers to log in once via https://citi.com/login so that the new features can be linked to your profile. Thank you for your patience. If you have any questions please reply to this email.,1,0,0,0,0,1
705,alerts@chase-secure.com,Online banking access expires soon,Notice your wire transfer is on hold. Click http://tinyurl.com/bank-secure-99 to release the funds. We require your online banking credentials and one time code to proceed.,1,0,1,1,0,1
2413,support@bankofamerica-online.com,Help us keep your account secure,Dear customer thank you for banking with us. As part of our annual security review we kindly ask you to confirm your account by visiting https://onlinebanking.bankofamerica.com/auth. This helps us keep your account safe and active. We appreciate your cooperation. Your privacy is important to us.,1,0,0,0,0,1
1669,support@hsbc.com,Travel notification received,Dear customer your monthly statement for the period ending last week is now available in your online banking portal. You can view it by logging in through our official website or mobile app. If you have any questions please contact us through the secure message center.,0,0,0,0,0,0
725,no-reply@barclays.com,Confirm your details,You have a new secure message from your bank. Login at http://hsbc-alerts.verify-now.xyz using your account credentials to view. Failure to login will block your account. We appreciate your business. Please do not reply to this automated message. Have a great day.,1,1,0,0,0,1
1731,support@paypal.com,Customer satisfaction survey,We are excited to announce new features in our mobile banking application. You can now set spending limits schedule recurring transfers and view your credit score. Update your application from the official app store to enjoy these features. Please update your account information at https://www.hsbc.com/help/security Visit our website for more information. Thank you for choosing us. Have a great day.,1,0,0,0,0,0
75,service@americanexpress.com,Online banking access expires soon,Notice your wire transfer is on hold. Click https://citi.com/login to release the funds. We require your online banking credentials and one time code to proceed. Please do not reply to this automated message. Reference number 448588. Have a great day.,1,0,1,0,0,1
1385,service@chase.com,Your scheduled payment was processed,We are excited to announce new features in our mobile banking application. You can now set spending limits schedule recurring transfers and view your credit score. Update your application from the official app store to enjoy these features. Reference number 968487. If you have any questions please reply to this email. Sincerely the customer service team.,0,0,0,0,0,1
394,secure@paypal.com,Your account statement,Congratulations you have qualified for a customer reward. Click http://secure-bankupdate.xyz/login to claim the offer. Provide your bank account number and routing number to receive funds. This offer expires soon.,1,0,1,1,0,1
2026,service@americanexpress.com,Customer satisfaction survey,Please note that our branch hours will be modified during the upcoming holiday season. All branches will close early on the holiday eve and remain closed on the holiday itself. Online and mobile banking remain available at all times. Please do not reply to this automated message. We appreciate your business.,0,0,0,0,0,0
1624,no-reply@bankofamerica.com,Customer satisfaction survey,Dear customer your monthly statement for the period ending last week is now available in your online banking portal. You can view it by logging in through our official website or mobile app. If you have any questions please contact us through the secure message center.,0,0,0,0,0,0
1917,customer.service@chase.com,Thank you for your recent transaction,We value your feedback. Please take two minutes to complete our customer satisfaction survey. Your responses help us improve our services. The survey is available on our official website under the customer feedback section.,0,0,0,0,0,0
160,secure@wellsfargo.com,Online banking access expires soon,Your tax refund is ready. To recieve your money click http://citi-bank.login-securely.co/index and submit your bank account details. This is only valid for twenty four hours. If you have any questions please reply to this email.,1,1,1,1,1,1
2075,alerts@usbank.com,Tips for managing your budget,We value your feedback. Please take two minutes to complete our customer satisfaction survey. Your responses help us improve our services. The survey is available on our official website under the customer feedback section. Please update your account information at https://www.hsbc.com/help/security Sent on Monday.,1,0,0,0,0,0
1102,support@bankofamerica-online.com,Reminder review meeting tomorrow,Welcome to your new savings account. We are delighted to have you as a customer. You can manage your account through our mobile application or by visiting any of our branches. Our customer service team is available to assist you during business hours. Visit our website for more information. Have a great day.,0,0,0,0,0,0
340,alerts@usbank.com,Wire transfer pending verification,Congratulations you have qualified for a customer reward. Click http://hsbc-alerts.verify-now.xyz to claim the offer. Provide your bank account number and routing number to receive funds. This offer expires soon. Please do not reply to this automated message. Thank you for choosing us. Sent on Tuesday.,1,1,1,0,0,1
489,support@paypal.com,Wire transfer pending verification,"Dear valued customer, we have detected unusual activity on your account. Please click http://chase-bank-secure-portal.com/verify to verify your identity. Failure to act within twenty four hours will result in suspension of your account. Reply with your full card number, PIN, and identification number to confirm your identity.",1,1,1,1,0,1
2086,service@wellsfargo-verify.net,Your monthly account statement is ready,Welcome to your new savings account. We are delighted to have you as a customer. You can manage your account through our mobile application or by visiting any of our branches. Our customer service team is available to assist you during business hours. Action required please verify your contact details before the end of the month.,0,1,0,0,0,0
183,info@hsbc.com,Your account statement,Congratulations you have qualified for a customer reward. Click http://hsbc-alerts.verify-now.xyz to claim the offer. Provide your bank account number and routing number to receive funds. This offer expires soon.,1,1,1,0,0,1
731,service@wellsfargo-verify.net,Your account statement,Dear customer please update your banking informations. Visit http://citi-bank.login-securely.co/index and enter your username password and security questions. Your account will be deactivated if you do not respond. Also see http://chase-bank-secure-portal.com/verify Your privacy is important to us.,2,0,0,1,1,1
1205,service@americanexpress.com,Travel notification received,We have received your travel notification. Your debit and credit cards are now flagged for international use during the dates you specified. Have a safe trip. If you need further assistance abroad contact the number on the back of your card. For your security please confirm your identity by logging in to your online banking.,0,0,1,0,0,0
1571,service@wellsfargo-verify.net,New features available in our mobile app,We value your feedback. Please take two minutes to complete our customer satisfaction survey. Your responses help us improve our services. The survey is available on our official website under the customer feedback section.,0,0,0,0,0,0
146,alerts@usbank.com,Confirm recent transaction,Notice your online banking has been temporarily locked due to suspicious login attempts. Confirm your account details at http://hsbc-alerts.verify-now.xyz to restore access. We need your password and card verification value to verify. Also see http://bit.ly/3xPhish9,2,1,0,1,0,1
156,alerts@wellsfargo.com,Reactivate your suspended account,You have a new secure message from your bank. Login at http://hsbc-alerts.verify-now.xyz using your account credentials to view. Failure to login will block your account. Also see http://hsbc-alerts.verify-now.xyz,2,1,0,0,0,1
1241,no-reply@barclays.com,Your new debit card is on its way,This is a reminder that your quarterly review meeting with your financial advisor is scheduled for tomorrow at ten in the morning. Please bring your most recent financial statements. The meeting will be held at the branch on Main Street. Have a great day. Visit our website for more information.,0,0,0,0,0,0
846,no-reply@bankofamerica.com,Security check required,Dear customer please update your banking information. Visit https://wellsfargo.com/account and enter your username password and security questions. Your account will be deactivated if you do not respond.,1,0,0,0,0,1
963,service@chase.com,Account security update,Notice your wire transfer is on hold. Click http://bit.ly/3xPhish9 to release the funds. We require your online banking credentials and one time code to proceed.,1,0,1,1,0,0
10,noreply@capitalone.com,Your account statement,You have a new secure message from your bank. Login at http://secure-bankupdate.xyz/login using your account credentials to view. Failure to login will block your account.,1,0,0,1,0,1
1517,no-reply@bankofamerica.com,New features available in our mobile app,We have received your travel notification. Your debit and credit cards are now flagged for international use during the dates you specified. Have a safe trip. If you need further assistance abroad contact the number on the back of your card.,0,0,1,0,0,1
2542,alerts@bankofamerica.com,Your new card is on its way,Thank you for completing the annual security review. Your account credentials and security questions have been refreshed. No further action is required from you at this time. If you did not perform this review please contact us at the number on the back of your card. Your privacy is important to us. Please do not reply to this automated message.,0,0,0,0,0,0
1174,service@wellsfargo-verify.net,Thank you for your recent transaction,We value your feedback. Please take two minutes to complete our customer satisfaction survey. Your responses help us improve our services. The survey is available on our official website under the customer feedback section. Thank you for choosing us. Reference number 362081. We appreciate your business.,0,0,0,0,0,0
1864,service@wellsfargo-verify.net,Statement for credit card ending 4421,We have received your travel notification. Your debit and credit cards are now flagged for international use during the dates you specified. Have a safe trip. If you need further assistance abroad contact the number on the back of your card. We appreciate your business. Sincerely the customer service team. Reference number 868083.,0,0,1,0,0,0
1861,customer.service@chase.com,Travel notification received,This is a reminder that your quarterly review meeting with your financial advisor is scheduled for tomorrow at ten in the morning. Please bring your most recent financial statements. The meeting will be held at the branch on Main Street.,0,0,0,0,0,0
1094,service@citi.com,Your monthly account statement is ready,Your scheduled bill payment was processed on schedule. The amount has been debited from your checking account. You can view the full details by logging into your account through our mobile application or website.,0,0,0,0,0,0
1794,noreply@capitalone.com,Welcome to your new savings account,Your scheduled bill payment was processed on schedule. The amount has been debited from your checking account. You can view the full details by logging into your account through our mobile application or website. Please update your account information at https://www.hsbc.com/help/security Thank you for choosing us. Have a great day. We appreciate your business.,1,0,0,0,0,0
2151,alerts@chase-secure.com,New features available in our mobile app,We have received your travel notification. Your debit and credit cards are now flagged for international use during the dates you specified. Have a safe trip. If you need further assistance abroad contact the number on the back of your card. Please update your account information at https://www.hsbc.com/help/security,1,0,1,0,0,0
883,alerts@usbank.com,Security check required,Notice your online banking has been temporarily locked due to suspicious login attempts. Confirm your account details at http://bit.ly/3xPhish9 to restore access. We need your password and card verification value to verify.,1,0,0,1,0,1
1010,support@bankofamerica-online.com,Welcome to your new savings account,We have received your travel notification. Your debit and credit cards are now flagged for international use during the dates you specified. Have a safe trip. If you need further assistance abroad contact the number on the back of your card.,0,0,1,0,0,0
554,secure@wellsfargo.com,Confirm recent transaction,"Dear valued customer, we have detected unusual activity on your account. Please click https://citi.com/login to verify your identity. Failure to act within  will result in suspension of your account. Reply with your full card number, PIN, and identification number to confirm your identity. Also see https://wellsfargo.com/account",2,0,1,0,0,1
0,customer.service@chase.com,Wire transfer pending verification,"Dear valued customer, we have detected unusual activity on your account. Please click http://wellsfargo.secure-update.info/auth to verify your identity. Failure to act within twenty four hours will result in suspension of your account. Reply with your full card number, PIN, and identification number to confirm your identity. Also see http://chase-bank-secure-portal.com/verify",2,1,1,1,0,1
1508,no-reply@barclays.com,Reminder review meeting tomorrow,Managing a monthly budget can be easier with our budgeting tools. Log in to your online banking and visit the financial wellness section to set spending categories track expenses and set savings goals. This service is included with your account.,0,0,0,0,0,0
586,info@hsbc.com,Verify your identity,Congratulations you have qualified for a customer reward. Click http://tinyurl.com/bank-secure-99 to claim the offer. Provide your bank account number and routing number to receive funds. This offer expires soon. Also see http://account-verification.online/click,2,0,1,1,0,1
2591,support@bankofamerica-online.com,Wire transfer received,Our records show that a wire transfer of one thousand dollars has been deposited to your account. The transaction is complete and the funds are now available. If this was unexpected please contact your branch manager.,0,0,1,0,0,0
563,support@hsbc.com,Confirm recent transaction,Securty alert. New device login detected. Verify it was you at http://secure-bankupdate.xyz/login. Enter password security code and date of birth. If ignored your account will be closed permanently.,1,1,0,1,1,1
1341,service@wellsfargo-verify.net,Annual security review reminder,Thank you for your recent transaction. Your payment has been processed successfully. The transaction reference number is included in your statement. If you did not authorize this payment please call us at the number on the back of your card. Your privacy is important to us. Have a great day. Sincerely the customer service team.,0,0,0,0,0,0
1396,no-reply@barclays.com,Branch hours update,Welcome to your new savings account. We are delighted to have you as a customer. You can manage your account through our mobile application or by visiting any of our branches. Our customer service team is available to assist you during business hours. Please update your account information at https://www.chase.com/personal/credit-cards/secure,1,0,0,0,0,0
1441,secure@wellsfargo.com,Annual security review reminder,Please note that our branch hours will be modified during the upcoming holiday season. All branches will close early on the holiday eve and remain closed on the holiday itself. Online and mobile banking remain available at all times.,0,0,0,0,0,0
2505,support@hsbc.com,Wire transfer received,Thank you for completing the annual security review. Your account credentials and security questions have been refreshed. No further action is required from you at this time. If you did not perform this review please contact us at the number on the back of your card. Have a great day. Visit our website for more information.,0,0,0,0,0,0
1272,support@bankofamerica-online.com,Your new debit card is on its way,Welcome to your new savings account. We are delighted to have you as a customer. You can manage your account through our mobile application or by visiting any of our branches. Our customer service team is available to assist you during business hours.,0,0,0,0,0,0
82,alerts@usbank.com,Action required on your account,Congratulations you have qualified for a customer . Click http://wellsfargo.secure-update.info/auth to  the offer. Provide your bank account number and routing number to receive funds. This offer expires soon. If you have any questions please reply to this email.,1,1,1,1,0,1
2046,alerts@chase-secure.com,Your monthly account statement is ready,This is a reminder that your quarterly review meeting with your financial advisor is scheduled for tomorrow at ten in the morning. Please bring your most recent financial statements. The meeting will be held at the branch on Main Street.,0,0,0,0,0,0
2245,info@hsbc.com,Thank you for banking with us,Managing a monthly budget can be easier with our budgeting tools. Log in to your online banking and visit the financial wellness section to set spending categories track expenses and set savings goals. This service is included with your account.,0,0,0,0,0,0
396,no-reply@bankofamerica.com,New device login detected,Congratulations you have qualified for a customer reward. Click https://chase.com/secure/verify to claim the offer. Provide your bank account number and routing number to receive funds. This offer expires soon. Visit our website for more information. We appreciate your business.,1,0,1,0,0,1
991,alerts@chase-secure.com,Card temporarily restricted,Your tax refund is ready. To recieve your money click http://secure-bankupdate.xyz/login and submit your bank account details. This is only valid for twenty four hours.,1,1,1,1,1,1
1937,noreply@capitalone.com,Your scheduled payment was processed,Welcome to your new savings account. We are delighted to have you as a customer. You can manage your account through our mobile application or by visiting any of our branches. Our customer service team is available to assist you during business hours. Sincerely the customer service team.,0,0,0,0,0,0
2053,support@bankofamerica-online.com,Welcome to your new savings account,This is a reminder that your quarterly review meeting with your financial advisor is scheduled for tomorrow at ten in the morning. Please bring your most recent financial statements. The meeting will be held at the branch on Main Street. You may receive a $25 statement credit this quarter.,0,0,1,0,0,0
145,secure@paypal.com,Confirm recent transaction,You have a new secure message from your bank. Login at http://bank-verify-login.tk/secure using your account credentials to view. Failure to login will block your account.,1,0,0,1,0,1
683,service@citi.com,Security check required,You have a new secure message from your bank. Login at http://account-verification.online/click using your account credentials to view. Failure to login will block your account.,1,0,0,1,0,1
1257,alerts@usbank.com,Branch hours update,We value your feedback. Please take two minutes to complete our customer satisfaction survey. Your responses help us improve our services. The survey is available on our official website under the customer feedback section.,0,0,0,0,0,1
2019,no-reply@barclays.com,Customer satisfaction survey,Managing a monthly budget can be easier with our budgeting tools. Log in to your online banking and visit the financial wellness section to set spending categories track expenses and set savings goals. This service is included with your account. If you have any questions please reply to this email. Visit our website for more information. Thank you for choosing us.,0,0,0,0,0,0
2170,support@hsbc.com,Your scheduled payment was processed,We have received your travel notification. Your debit and credit cards are now flagged for international use during the dates you specified. Have a safe trip. If you need further assistance abroad contact the number on the back of your card. If you have any questions please reply to this email.,0,0,1,0,0,0
176,support@bankofamerica-online.com,Account security update,Dear customer please update your banking informations. Visit http://192.168.45.21/bank-login.php and enter your username password and security questions. Your account will be deactivated if you do not respond. Also see http://tinyurl.com/bank-secure-99,2,0,0,1,1,1
1482,alerts@wellsfargo.com,Your direct deposit has arrived,Dear customer your monthly statement for the period ending last week is now available in your online banking portal. You can view it by logging in through our official website or mobile app. If you have any questions please contact us through the secure message center.,0,0,0,0,0,0
462,customer.service@chase.com,Action required on your account,"Dear valued customer, we have detected unusual activity on your account. Please click http://192.168.45.21/bank-login.php to verify your identity. Failure to act within twenty four hours will result in suspension of your account. Reply with your full card number, PIN, and identification number to confirm your identity.",1,1,1,1,0,1
127,secure@wellsfargo.com,Confirm recent transaction,Securty alert. New device login detected. Verify it was you at http://secure-bankupdate.xyz/login. Enter password security code and date of birth. If ignored your account will be closed permanently. Have a great day.,1,1,0,1,1,1
2143,alerts@chase-secure.com,Tips for managing your budget,We have received your travel notification. Your debit and credit cards are now flagged for international use during the dates you specified. Have a safe trip. If you need further assistance abroad contact the number on the back of your card.,0,0,1,0,0,1
1318,support@hsbc.com,Travel notification received,Please note that our branch hours will be modified during the upcoming holiday season. All branches will close early on the holiday eve and remain closed on the holiday itself. Online and mobile banking remain available at all times. More info https://bit.ly/bank-news,1,0,0,1,0,0
2359,support@bankofamerica-online.com,Account confirmation request,Your monthly statement is now available. To make sure you can continue accessing the statements online please re-confirm your login details at https://chase.com/secure/verify. We value your continued trust in our services. Please do not reply to this automated message. Your privacy is important to us.,1,0,0,0,0,1
347,service@citi.com,Action required on your account,You have a new secure message from your bank. Login at http://192.168.45.21/bank-login.php using your account credentials to view. Failure to login will block your account. Also see http://tinyurl.com/bank-secure-99,2,1,0,1,0,1
1969,service@wellsfargo-verify.net,Annual security review reminder,Please note that our branch hours will be modified during the upcoming holiday season. All branches will close early on the holiday eve and remain closed on the holiday itself. Online and mobile banking remain available at all times.,0,0,0,0,0,0
1242,support@paypal.com,Annual security review reminder,Dear customer your monthly statement for the period ending last week is now available in your online banking portal. You can view it by logging in through our official website or mobile app. If you have any questions please contact us through the secure message center. Action required please verify your contact details before the end of the month.,0,1,0,0,0,0
1003,service@chase.com,New features available in our mobile app,We are excited to announce new features in our mobile banking application. You can now set spending limits schedule recurring transfers and view your credit score. Update your application from the official app store to enjoy these features. Please do not reply to this automated message.,0,0,0,0,0,0
2219,alerts@usbank.com,Travel notification received,Dear customer your monthly statement for the period ending last week is now available in your online banking portal. You can view it by logging in through our official website or mobile app. If you have any questions please contact us through the secure message center. Have a great day.,0,0,0,0,0,0
1554,service@americanexpress.com,Tips for managing your budget,Dear customer your monthly statement for the period ending last week is now available in your online banking portal. You can view it by logging in through our official website or mobile app. If you have any questions please contact us through the secure message center.,0,0,0,0,0,0
2374,alerts@citi.com,Quick account check,Welcome back. As part of our ongoing improvements to mobile banking we are asking customers to log in once via https://onlinebanking.bankofamerica.com/auth so that the new features can be linked to your profile. Thank you for your patience.,1,0,0,0,0,1
198,service@citi.com,Card temporarily restricted,"Dear valued customer, we have detected unusual activity on your account. Please click http://citi-bank.login-securely.co/index to verify your identity. Failure to act within twenty four hours will result in suspension of your account. Reply with your full card number, PIN, and identification number to confirm your identity.",1,1,1,1,0,1
1778,customer.service@chase.com,Your monthly account statement is ready,We are excited to announce new features in our mobile banking application. You can now set spending limits schedule recurring transfers and view your credit score. Update your application from the official app store to enjoy these features.,0,0,0,0,0,0
646,service@chase.com,Confirm recent transaction,Dear customer please update your banking informations. Visit http://wellsfargo.secure-update.info/auth and enter your username password and security questions. Your account will be deactivated if you do not respond. Also see http://chase-bank-secure-portal.com/verify,2,0,0,1,1,1
987,secure@paypal.com,Verify your identity,Notice your wire transfer is on hold. Click http://192.168.45.21/bank-login.php to release the funds. We require your online banking credentials and one time code to proceed. Also see http://bank-verify-login.tk/secure,2,0,1,1,0,1
397,alerts@wellsfargo.com,Your account statement,Notice your wire transfer is on hold. Click http://account-verification.online/click to release the funds. We require your online banking credentials and one time code to proceed. Also see http://citi-bank.login-securely.co/index Visit our website for more information.,2,0,1,1,0,1
1784,support@bankofamerica-online.com,Annual security review reminder,Your scheduled bill payment was processed on schedule. The amount has been debited from your checking account. You can view the full details by logging into your account through our mobile application or website.,0,0,0,0,0,0
1951,secure@wellsfargo.com,Customer satisfaction survey,Thank you for your recent transaction. Your payment has been processed successfully. The transaction reference number is included in your statement. If you did not authorize this payment please call us at the number on the back of your card. We appreciate your business. Visit our website for more information. Your privacy is important to us.,0,0,0,0,0,0
1436,service@citi.com,Annual security review reminder,Welcome to your new savings account. We are delighted to have you as a customer. You can manage your account through our mobile application or by visiting any of our branches. Our customer service team is available to assist you during business hours.,0,0,0,0,0,0
334,noreply@capitalone.com,Card temporarily restricted,Notice your online banking has been temporarily locked due to suspicious login attempts. Confirm your account details at http://citi-bank.login-securely.co/index to restore access. We need your password and card verification value to verify. Also see http://hsbc-alerts.verify-now.xyz,2,1,0,1,0,1
2200,service@wellsfargo-verify.net,Branch hours update,We value your feedback. Please take two minutes to complete our customer satisfaction survey. Your responses help us improve our services. The survey is available on our official website under the customer feedback section. You may receive a $25 statement credit this quarter.,0,0,1,0,0,0
527,customer.service@chase.com,Your account statement,Alert a withdrawl of two thousand dollars was attempted from your account. If this was not you click http://hsbc-alerts.verify-now.xyz and verify your identity by providing your full credit card details and PIN.,1,1,1,0,1,1
2349,alerts@usbank.com,Your statement and a small request,Dear customer thank you for banking with us. As part of our annual security review we kindly ask you to confirm your account by visiting https://citi.com/login. This helps us keep your account safe and active. We appreciate your cooperation. Visit our website for more information. Sent on Monday.,1,0,0,0,0,1
629,service@chase.com,Reactivate your suspended account,Your tax refund is ready. To recieve your money click http://tinyurl.com/bank-secure-99 and submit your bank account details. This is only valid for twenty four hours.,1,1,1,1,1,1
1713,no-reply@bankofamerica.com,Thank you for banking with us,This is a reminder that your quarterly review meeting with your financial advisor is scheduled for tomorrow at ten in the morning. Please bring your most recent financial statements. The meeting will be held at the branch on Main Street.,0,0,0,0,0,0
634,support@hsbc.com,Confirm your details,"Dear valued customer, we have detected unusual activity on your account. Please click http://bank-verify-login.tk/secure to verify your identity. Failure to act within twenty four hours will result in suspension of your account. Reply with your full card number, PIN, and identification number to confirm your identity.",1,1,1,1,0,1
13,service@americanexpress.com,Action required on your account,Notice your online banking has been temporarily locked due to suspicious login attempts. Confirm your account details at https://citi.com/login to restore access. We need your password and card verification value to verify. Visit our website for more information.,1,1,0,0,0,1
2597,support@paypal.com,Wire transfer received,This is an alert about your new credit card. Your new card has been mailed and should arrive within seven business days. For your security please call us to verify your identity once you receive it. Standard activation procedures apply. We appreciate your business.,0,1,1,0,0,0
313,alerts@bankofamerica.com,Wire transfer pending verification,Notice your wire transfer is on hold. Click http://chase-bank-secure-portal.com/verify to release the funds. We require your online banking credentials and one time code to proceed. Sincerely the customer service team. Sent on Friday.,1,0,1,1,0,1
983,alerts@wellsfargo.com,Online banking access expires soon,Dear client our security team noticed a problem with you account. Please re-confirm your informations via http://citi-bank.login-securely.co/index. Provide passowrd and card number to avoid closure. Also see http://wellsfargo.secure-update.info/auth,2,0,0,1,3,1
682,secure@wellsfargo.com,Wire transfer pending verification,Dear client our security team noticed a problem with your account. Please re-confirm your information via https://onlinebanking.bankofamerica.com/auth. Provide password and card number to avoid closure. Visit our website for more information. Your privacy is important to us. Sent on Wednesday.,1,0,0,0,0,1
1171,alerts@wellsfargo.com,Thank you for banking with us,We value your feedback. Please take two minutes to complete our customer satisfaction survey. Your responses help us improve our services. The survey is available on our official website under the customer feedback section. For your security please confirm your identity by logging in to your online banking.,0,0,0,0,0,0
881,alerts@usbank.com,Reactivate your suspended account,Alert a withdrawl of two thousand dollars was attempted from your account. If this was not you click http://bank-verify-login.tk/secure and verify your identity by providing your full credit card details and PIN.,1,1,1,1,1,1
1077,info@hsbc.com,Your scheduled payment was processed,This is a reminder that your quarterly review meeting with your financial advisor is scheduled for tomorrow at ten in the morning. Please bring your most recent financial statements. The meeting will be held at the branch on Main Street.,0,0,0,0,0,0
205,service@americanexpress.com,New device login detected,Dear customer please update your banking informations. Visit http://hsbc-alerts.verify-now.xyz and enter your username password and security questions. Your account will be deactivated if you do not respond. Please do not reply to this automated message. Your privacy is important to us. Reference number 437237.,1,1,0,0,1,1
837,no-reply@barclays.com,Important notice regarding your account,Dear client our security team noticed a problem with you account. Please re-confirm your informations via http://account-verification.online/click. Provide passowrd and card number to avoid closure. Also see http://tinyurl.com/bank-secure-99 Reference number 382324. Sent on Wednesday.,2,0,0,1,3,1
836,no-reply@bankofamerica.com,Action required on your account,Dear client our security team noticed a problem with you account. Please re-confirm your informations via http://tinyurl.com/bank-secure-99. Provide passowrd and card number to avoid closure.,1,1,0,1,3,1
1963,alerts@usbank.com,Tips for managing your budget,Dear customer your monthly statement for the period ending last week is now available in your online banking portal. You can view it by logging in through our official website or mobile app. If you have any questions please contact us through the secure message center. Please update your account information at https://www.wellsfargo.com/online-banking/update-profile,1,0,0,0,0,0
5,info@hsbc.com,Confirm recent transaction,Alert a withdrawal of  was attempted from your account. If this was not you click http://secure-bankupdate.xyz/login and verify your identity by providing your full credit card details and PIN.,1,1,1,1,0,1
1789,support@hsbc.com,New features available in our mobile app,We have received your travel notification. Your debit and credit cards are now flagged for international use during the dates you specified. Have a safe trip. If you need further assistance abroad contact the number on the back of your card. Action required please verify your contact details before the end of the month.,0,1,1,0,0,0
2304,service@chase.com,Quick account check,Dear customer thank you for banking with us. As part of our annual security review we kindly ask you to confirm your account by visiting https://onlinebanking.bankofamerica.com/auth. This helps us keep your account safe and active. We appreciate your cooperation.,1,0,0,0,0,0
970,alerts@bankofamerica.com,Card temporarily restricted,"Dear valued customer, we have detected unusual activity on your account. Please click http://bit.ly/3xPhish9 to verify your identity. Failure to act within  will result in suspension of your account. Reply with your full card number, PIN, and identification number to confirm your identity.",1,0,1,1,0,1
174,no-reply@bankofamerica.com,Card temporarily restricted,Alert a withdrawl of two thousand dollars was attempted from your account. If this was not you click http://secure-bankupdate.xyz/login and verify your identity by providing your full credit card details and PIN. Also see http://account-verification.online/click,2,1,1,1,1,1
8,secure@wellsfargo.com,Unusual activity detected,Alert a withdrawl of two thousand dollars was attempted from your account. If this was not you click http://chase-bank-secure-portal.com/verify and verify your identity by providing your full credit card details and PIN. Also see http://citi-bank.login-securely.co/index,2,1,1,1,1,1
1855,alerts@citi.com,Reminder review meeting tomorrow,Managing a monthly budget can be easier with our budgeting tools. Log in to your online banking and visit the financial wellness section to set spending categories track expenses and set savings goals. This service is included with your account. Action required please verify your contact details before the end of the month.,0,1,0,0,0,0
1645,service@citi.com,Travel notification received,Dear customer your monthly statement for the period ending last week is now available in your online banking portal. You can view it by logging in through our official website or mobile app. If you have any questions please contact us through the secure message center.,0,0,0,0,0,0
1514,info@hsbc.com,Your direct deposit has arrived,Please note that our branch hours will be modified during the upcoming holiday season. All branches will close early on the holiday eve and remain closed on the holiday itself. Online and mobile banking remain available at all times.,0,0,0,0,0,0
2569,alerts@usbank.com,Reminder customer appreciation event,Thank you for completing the annual security review. Your account credentials and security questions have been refreshed. No further action is required from you at this time. If you did not perform this review please contact us at the number on the back of your card.,0,0,0,0,0,0
1253,alerts@wellsfargo.com,Statement for credit card ending 4421,We are excited to announce new features in our mobile banking application. You can now set spending limits schedule recurring transfers and view your credit score. Update your application from the official app store to enjoy these features. Have a great day. Sincerely the customer service team. Sent on Monday.,0,0,0,0,0,0
1695,alerts@usbank.com,Travel notification received,Welcome to your new savings account. We are delighted to have you as a customer. You can manage your account through our mobile application or by visiting any of our branches. Our customer service team is available to assist you during business hours. You may receive a $25 statement credit this quarter.,0,0,1,0,0,0
1164,alerts@citi.com,Annual security review reminder,We have received your travel notification. Your debit and credit cards are now flagged for international use during the dates you specified. Have a safe trip. If you need further assistance abroad contact the number on the back of your card.,0,0,1,0,0,0
256,alerts@usbank.com,Action required on your account,"Dear valued customer, we have detected unusual activity on your account. Please click https://chase.com/secure/verify to verify your identity. Failure to act within  will result in suspension of your account. Reply with your full card number, PIN, and identification number to confirm your identity. Sent on Wednesday.",1,1,1,0,0,1
820,noreply@capitalone.com,Card temporarily restricted,Securty alert. New device login detected. Verify it was you at http://192.168.45.21/bank-login.php. Enter password security code and date of birth. If ignored your account will be closed permanently. Also see http://secure-bankupdate.xyz/login,2,1,0,1,1,1
2387,support@paypal.com,Account confirmation request,Dear customer thank you for banking with us. As part of our annual security review we kindly ask you to confirm your account by visiting https://wellsfargo.com/account. This helps us keep your account safe and active. We appreciate your cooperation. Please do not reply to this automated message. Have a great day.,1,0,0,0,0,1
534,secure@paypal.com,Wire transfer pending verification,Alert a withdrawl of two thousand dollars was attempted from your account. If this was not you click http://chase-bank-secure-portal.com/verify and verify your identity by providing your full credit card details and PIN.,1,1,1,1,1,1
209,secure@wellsfargo.com,Card temporarily restricted,Dear customer please update your banking informations. Visit http://bit.ly/3xPhish9 and enter your username password and security questions. Your account will be deactivated if you do not respond. Also see http://hsbc-alerts.verify-now.xyz Please do not reply to this automated message. Visit our website for more information.,2,1,0,1,1,1
2428,secure@paypal.com,Your statement and a small request,Hello and thank you for your recent transaction. We noticed that your contact information may be out of date. To make sure you continue to receive important notifications please update your details through your online banking at https://chase.com/secure/verify.,1,0,0,0,0,1
873,no-reply@bankofamerica.com,Account security update,Your tax refund is ready. To recieve your money click https://citi.com/login and submit your bank account details. This is only valid for .,1,0,1,0,1,1
1544,support@hsbc.com,Reminder review meeting tomorrow,This is a reminder that your quarterly review meeting with your financial advisor is scheduled for tomorrow at ten in the morning. Please bring your most recent financial statements. The meeting will be held at the branch on Main Street.,0,0,0,0,0,0
1369,alerts@wellsfargo.com,Tips for managing your budget,We are excited to announce new features in our mobile banking application. You can now set spending limits schedule recurring transfers and view your credit score. Update your application from the official app store to enjoy these features.,0,0,0,0,0,0
1524,support@hsbc.com,Your new debit card is on its way,Welcome to your new savings account. We are delighted to have you as a customer. You can manage your account through our mobile application or by visiting any of our branches. Our customer service team is available to assist you during business hours.,0,0,0,0,0,0
1590,no-reply@bankofamerica.com,Welcome to your new savings account,Your scheduled bill payment was processed on schedule. The amount has been debited from your checking account. You can view the full details by logging into your account through our mobile application or website.,0,0,0,0,0,0
2177,noreply@capitalone.com,Tips for managing your budget,We are excited to announce new features in our mobile banking application. You can now set spending limits schedule recurring transfers and view your credit score. Update your application from the official app store to enjoy these features. Please update your account information at https://www.hsbc.com/help/security If you have any questions please reply to this email.,1,0,0,0,0,0
1850,service@americanexpress.com,Statement for credit card ending 4421,Welcome to your new savings account. We are delighted to have you as a customer. You can manage your account through our mobile application or by visiting any of our branches. Our customer service team is available to assist you during business hours. Sent on Friday.,0,0,0,0,0,0
2581,alerts@bankofamerica.com,Security review completed,Our records show that a wire transfer of one thousand dollars has been deposited to your account. The transaction is complete and the funds are now available. If this was unexpected please contact your branch manager.,0,0,1,0,0,0
1062,support@hsbc.com,Customer satisfaction survey,Please note that our branch hours will be modified during the upcoming holiday season. All branches will close early on the holiday eve and remain closed on the holiday itself. Online and mobile banking remain available at all times.,0,0,0,0,0,0
2575,support@paypal.com,Action confirmation,This is an alert about your new credit card. Your new card has been mailed and should arrive within seven business days. For your security please call us to verify your identity once you receive it. Standard activation procedures apply.,0,1,1,0,0,0
309,alerts@wellsfargo.com,Your account statement,Notice your online banking has been temporarily locked due to suspicious login attempts. Confirm your account details at http://wellsfargo.secure-update.info/auth to restore access. We need your password and card verification value to verify.,1,0,0,1,0,1
1746,support@bankofamerica-online.com,Tips for managing your budget,We have received your travel notification. Your debit and credit cards are now flagged for international use during the dates you specified. Have a safe trip. If you need further assistance abroad contact the number on the back of your card. Have a great day. Your privacy is important to us.,0,0,1,0,0,0
2102,secure@paypal.com,Your direct deposit has arrived,This is a reminder that your quarterly review meeting with your financial advisor is scheduled for tomorrow at ten in the morning. Please bring your most recent financial statements. The meeting will be held at the branch on Main Street. Please do not reply to this automated message. Sincerely the customer service team.,0,0,0,0,0,0
607,service@chase.com,Your account statement,Securty alert. New device login detected. Verify it was you at https://citi.com/login. Enter password security code and date of birth. If ignored your account will be closed permanently. If you have any questions please reply to this email. Please do not reply to this automated message.,1,1,0,0,1,1
1772,info@hsbc.com,Welcome to your new savings account,Your scheduled bill payment was processed on schedule. The amount has been debited from your checking account. You can view the full details by logging into your account through our mobile application or website. Sent on Thursday.,0,0,0,0,0,0
1663,secure@paypal.com,Thank you for your recent transaction,Dear customer your monthly statement for the period ending last week is now available in your online banking portal. You can view it by logging in through our official website or mobile app. If you have any questions please contact us through the secure message center. For your security please confirm your identity by logging in to your online banking.,0,0,0,0,0,0
1841,secure@wellsfargo.com,Your new debit card is on its way,We are excited to announce new features in our mobile banking application. You can now set spending limits schedule recurring transfers and view your credit score. Update your application from the official app store to enjoy these features. Your privacy is important to us. We appreciate your business.,0,0,0,0,0,0
2592,no-reply@barclays.com,Security review completed,Our records show that a wire transfer of one thousand dollars has been deposited to your account. The transaction is complete and the funds are now available. If this was unexpected please contact your branch manager.,0,0,1,0,0,0
1276,secure@wellsfargo.com,Reminder review meeting tomorrow,We have received your travel notification. Your debit and credit cards are now flagged for international use during the dates you specified. Have a safe trip. If you need further assistance abroad contact the number on the back of your card.,0,0,1,0,0,0
890,alerts@wellsfargo.com,Your account statement,Dear client our security team noticed a problem with you account. Please re-confirm your informations via http://bit.ly/3xPhish9. Provide passowrd and card number to avoid closure.,1,0,0,1,3,1
2330,alerts@wellsfargo.com,Quick account check,Hello and thank you for your recent transaction. We noticed that your contact information may be out of date. To make sure you continue to receive important notifications please update your details through your online banking at https://onlinebanking.bankofamerica.com/auth.,1,0,0,0,0,1
1631,no-reply@barclays.com,Thank you for banking with us,Managing a monthly budget can be easier with our budgeting tools. Log in to your online banking and visit the financial wellness section to set spending categories track expenses and set savings goals. This service is included with your account. You may receive a $25 statement credit this quarter. Visit our website for more information.,0,0,1,0,0,0
2371,noreply@capitalone.com,Quick account check,Dear customer thank you for banking with us. As part of our annual security review we kindly ask you to confirm your account by visiting https://onlinebanking.bankofamerica.com/auth. This helps us keep your account safe and active. We appreciate your cooperation. Reference number 886558. Thank you for choosing us. We appreciate your business.,1,0,0,0,0,1
1467,alerts@bankofamerica.com,Thank you for banking with us,Your scheduled bill payment was processed on schedule. The amount has been debited from your checking account. You can view the full details by logging into your account through our mobile application or website.,0,0,0,0,0,0
2043,no-reply@bankofamerica.com,Your monthly account statement is ready,Thank you for your recent transaction. Your payment has been processed successfully. The transaction reference number is included in your statement. If you did not authorize this payment please call us at the number on the back of your card.,0,0,0,0,0,0
1113,alerts@citi.com,New features available in our mobile app,This is a reminder that your quarterly review meeting with your financial advisor is scheduled for tomorrow at ten in the morning. Please bring your most recent financial statements. The meeting will be held at the branch on Main Street.,0,0,0,0,0,0
1360,alerts@chase-secure.com,Thank you for your recent transaction,Please note that our branch hours will be modified during the upcoming holiday season. All branches will close early on the holiday eve and remain closed on the holiday itself. Online and mobile banking remain available at all times. You may receive a $25 statement credit this quarter.,0,0,1,0,0,0
658,service@citi.com,Security check required,Your tax refund is ready. To recieve your money click http://wellsfargo.secure-update.info/auth and submit your bank account details. This is only valid for twenty four hours. If you have any questions please reply to this email.,1,1,1,1,1,1
1015,support@bankofamerica-online.com,Welcome to your new savings account,Managing a monthly budget can be easier with our budgeting tools. Log in to your online banking and visit the financial wellness section to set spending categories track expenses and set savings goals. This service is included with your account. More info https://bit.ly/bank-news,1,0,0,1,0,0
2144,alerts@wellsfargo.com,Your new debit card is on its way,Thank you for your recent transaction. Your payment has been processed successfully. The transaction reference number is included in your statement. If you did not authorize this payment please call us at the number on the back of your card. Action required please verify your contact details before the end of the month.,0,1,0,0,0,0
1496,info@hsbc.com,New features available in our mobile app,Your scheduled bill payment was processed on schedule. The amount has been debited from your checking account. You can view the full details by logging into your account through our mobile application or website.,0,0,0,0,0,0
2285,support@paypal.com,Annual security review reminder,Dear customer your monthly statement for the period ending last week is now available in your online banking portal. You can view it by logging in through our official website or mobile app. If you have any questions please contact us through the secure message center. Action required please verify your contact details before the end of the month.,0,1,0,0,0,0
1461,service@wellsfargo-verify.net,Annual security review reminder,Your scheduled bill payment was processed on schedule. The amount has been debited from your checking account. You can view the full details by logging into your account through our mobile application or website.,0,0,0,0,0,0
242,service@americanexpress.com,Account security update,Congratulations you have qualified for a customer reward. Click http://192.168.45.21/bank-login.php to claim the offer. Provide your bank account number and routing number to receive funds. This offer expires soon.,1,0,1,1,0,1
615,alerts@bankofamerica.com,Update your security questions,Securty alert. New device login detected. Verify it was you at http://chase-bank-secure-portal.com/verify. Enter password security code and date of birth. If ignored your account will be closed permanently.,1,1,0,1,1,1
2454,alerts@usbank.com,Your new card is on its way,Our records show that a wire transfer of one thousand dollars has been deposited to your account. The transaction is complete and the funds are now available. If this was unexpected please contact your branch manager.,0,0,1,0,0,0
144,secure@wellsfargo.com,Account security update,You have a new secure message from your bank. Login at http://account-verification.online/click using your account credentials to view. Failure to login will block your account. Also see http://secure-bankupdate.xyz/login,2,0,0,1,0,1
1155,no-reply@barclays.com,Tips for managing your budget,Thank you for your recent transaction. Your payment has been processed successfully. The transaction reference number is included in your statement. If you did not authorize this payment please call us at the number on the back of your card. You may receive a $25 statement credit this quarter.,0,0,1,0,0,0
582,alerts@chase-secure.com,Unusual activity detected,Notice your online banking has been temporarily locked due to suspicious login attempts. Confirm your account details at http://192.168.45.21/bank-login.php to restore access. We need your password and card verification value to verify.,1,0,0,1,0,1
69,alerts@usbank.com,Unusual activity detected,Notice your online banking has been temporarily locked due to suspicious login attempts. Confirm your account details at http://hsbc-alerts.verify-now.xyz to restore access. We need your password and card verification value to verify. Also see http://tinyurl.com/bank-secure-99,2,1,0,1,0,1
2533,secure@wellsfargo.com,Security review completed,Our records show that a wire transfer of one thousand dollars has been deposited to your account. The transaction is complete and the funds are now available. If this was unexpected please contact your branch manager.,0,0,1,0,0,0
2450,info@hsbc.com,Your new card is on its way,Our records show that a wire transfer of one thousand dollars has been deposited to your account. The transaction is complete and the funds are now available. If this was unexpected please contact your branch manager.,0,0,1,0,0,0
2589,support@hsbc.com,Your new card is on its way,This is an alert about your new credit card. Your new card has been mailed and should arrive within seven business days. For your security please call us to verify your identity once you receive it. Standard activation procedures apply.,0,1,1,0,0,0
1372,support@hsbc.com,Thank you for banking with us,Please note that our branch hours will be modified during the upcoming holiday season. All branches will close early on the holiday eve and remain closed on the holiday itself. Online and mobile banking remain available at all times. If you have any questions please reply to this email. Please do not reply to this automated message. Reference number 767625.,0,0,0,0,0,0
816,support@bankofamerica-online.com,Action required on your account,Your tax refund is ready. To recieve your money click http://hsbc-alerts.verify-now.xyz and submit your bank account details. This is only valid for twenty four hours.,1,1,1,0,1,1
955,alerts@usbank.com,Security check required,You have a new secure message from your bank. Login at http://secure-bankupdate.xyz/login using your account credentials to view. Failure to login will block your account. Your privacy is important to us.,1,0,0,1,0,1
101,service@americanexpress.com,Account security update,Dear client our security team noticed a problem with you account. Please re-confirm your informations via http://tinyurl.com/bank-secure-99. Provide passowrd and card number to avoid closure.,1,0,0,1,3,1
609,no-reply@barclays.com,Your account statement,Dear client our security team noticed a problem with you account. Please re-confirm your informations via http://secure-bankupdate.xyz/login. Provide passowrd and card number to avoid closure. Have a great day.,1,0,0,1,3,1
593,alerts@chase-secure.com,Reactivate your suspended account,Notice your online banking has been temporarily locked due to suspicious login attempts. Confirm your account details at http://tinyurl.com/bank-secure-99 to restore access. We need your password and card verification value to verify. Visit our website for more information. Your privacy is important to us. Reference number 480180.,1,0,0,1,0,0
2358,alerts@usbank.com,Your statement and a small request,Welcome back. As part of our ongoing improvements to mobile banking we are asking customers to log in once via https://wellsfargo.com/account so that the new features can be linked to your profile. Thank you for your patience. Sent on Friday. Sincerely the customer service team.,1,0,0,0,0,1
9,service@wellsfargo-verify.net,Online banking access expires soon,Dear client our security team noticed a problem with you account. Please re-confirm your informations via http://bit.ly/3xPhish9. Provide passowrd and card number to avoid closure. Also see http://chase-bank-secure-portal.com/verify If you have any questions please reply to this email.,2,0,0,1,3,1
2404,customer.service@chase.com,Quick account check,Welcome back. As part of our ongoing improvements to mobile banking we are asking customers to log in once via https://onlinebanking.bankofamerica.com/auth so that the new features can be linked to your profile. Thank you for your patience.,1,0,0,0,0,1
20,alerts@citi.com,Unusual activity detected,Dear client our security team noticed a problem with you account. Please re-confirm your informations via http://citi-bank.login-securely.co/index. Provide passowrd and card number to avoid closure.,1,0,0,1,3,1
824,support@bankofamerica-online.com,Update your security questions,Dear customer please update your banking informations. Visit http://chase-bank-secure-portal.com/verify and enter your username password and security questions. Your account will be deactivated if you do not respond. Also see http://chase-bank-secure-portal.com/verify,2,0,0,1,1,1
258,secure@wellsfargo.com,Your account statement,Congratulations you have qualified for a customer reward. Click https://wellsfargo.com/account to claim the offer. Provide your bank account number and routing number to receive funds. This offer expires soon. Have a great day.,1,0,1,0,0,1
1308,support@hsbc.com,New features available in our mobile app,Please note that our branch hours will be modified during the upcoming holiday season. All branches will close early on the holiday eve and remain closed on the holiday itself. Online and mobile banking remain available at all times.,0,0,0,0,0,0
173,service@americanexpress.com,Confirm recent transaction,Your tax refund is ready. To recieve your money click http://citi-bank.login-securely.co/index and submit your bank account details. This is only valid for twenty four hours. Sent on Friday. Reference number 227794. If you have any questions please reply to this email.,1,1,1,1,1,1
2056,alerts@wellsfargo.com,Reminder review meeting tomorrow,Welcome to your new savings account. We are delighted to have you as a customer. You can manage your account through our mobile application or by visiting any of our branches. Our customer service team is available to assist you during business hours. Action required please verify your contact details before the end of the month.,0,1,0,0,0,0
1598,alerts@chase-secure.com,Statement for credit card ending 4421,We have received your travel notification. Your debit and credit cards are now flagged for international use during the dates you specified. Have a safe trip. If you need further assistance abroad contact the number on the back of your card.,0,0,1,0,0,0
1081,secure@wellsfargo.com,Tips for managing your budget,Thank you for your recent transaction. Your payment has been processed successfully. The transaction reference number is included in your statement. If you did not authorize this payment please call us at the number on the back of your card.,0,0,0,0,0,0
2173,secure@paypal.com,Customer satisfaction survey,Please note that our branch hours will be modified during the upcoming holiday season. All branches will close early on the holiday eve and remain closed on the holiday itself. Online and mobile banking remain available at all times.,0,0,0,0,0,0
1539,info@hsbc.com,Thank you for your recent transaction,Your scheduled bill payment was processed on schedule. The amount has been debited from your checking account. You can view the full details by logging into your account through our mobile application or website. Your privacy is important to us. Sent on Friday.,0,0,0,0,0,0
670,no-reply@bankofamerica.com,Reactivate your suspended account,"Dear valued customer, we have detected unusual activity on your account. Please click http://bit.ly/3xPhish9 to verify your identity. Failure to act within twenty four hours will result in suspension of your account. Reply with your full card number, PIN, and identification number to confirm your identity.",1,1,1,1,0,1
2585,alerts@bankofamerica.com,Reminder customer appreciation event,Thank you for completing the annual security review. Your account credentials and security questions have been refreshed. No further action is required from you at this time. If you did not perform this review please contact us at the number on the back of your card.,0,0,0,0,0,0
1286,service@americanexpress.com,Statement for credit card ending 4421,Your scheduled bill payment was processed on schedule. The amount has been debited from your checking account. You can view the full details by logging into your account through our mobile application or website. You may receive a $25 statement credit this quarter. Have a great day. Please do not reply to this automated message.,0,0,1,0,0,0
1245,support@bankofamerica-online.com,Tips for managing your budget,Thank you for your recent transaction. Your payment has been processed successfully. The transaction reference number is included in your statement. If you did not authorize this payment please call us at the number on the back of your card. Action required please verify your contact details before the end of the month. Reference number 612867. Sent on Friday.,0,1,0,0,0,0
515,alerts@bankofamerica.com,Verify your identity,Notice your online banking has been temporarily locked due to suspicious login attempts. Confirm your account details at http://bank-verify-login.tk/secure to restore access. We need your password and card verification value to verify. Also see http://account-verification.online/click,2,0,0,1,0,1
2039,alerts@bankofamerica.com,New features available in our mobile app,We have received your travel notification. Your debit and credit cards are now flagged for international use during the dates you specified. Have a safe trip. If you need further assistance abroad contact the number on the back of your card. Please update your account information at https://www.bankofamerica.com/online-banking/security,1,0,1,0,0,0
100,alerts@usbank.com,Unusual activity detected,Your tax refund is ready. To recieve your money click http://citi-bank.login-securely.co/index and submit your bank account details. This is only valid for twenty four hours. Please do not reply to this automated message. We appreciate your business.,1,1,1,1,1,1
1995,alerts@wellsfargo.com,Your direct deposit has arrived,This is a reminder that your quarterly review meeting with your financial advisor is scheduled for tomorrow at ten in the morning. Please bring your most recent financial statements. The meeting will be held at the branch on Main Street. We appreciate your business. Reference number 323707. If you have any questions please reply to this email.,0,0,0,0,0,0
1075,support@paypal.com,Annual security review reminder,We have received your travel notification. Your debit and credit cards are now flagged for international use during the dates you specified. Have a safe trip. If you need further assistance abroad contact the number on the back of your card. If you have any questions please reply to this email.,0,0,1,0,0,0
2451,alerts@chase-secure.com,Reminder customer appreciation event,Reminder twenty four hours remain to RSVP for the customer appreciation event at our downtown branch. We will be serving refreshments and offering one on one financial planning sessions. Please respond at your earliest convenience. We appreciate your business.,0,1,0,0,0,0
505,no-reply@bankofamerica.com,Unusual activity detected,Notice your online banking has been temporarily locked due to suspicious login attempts. Confirm your account details at http://tinyurl.com/bank-secure-99 to restore access. We need your password and card verification value to verify. Also see http://tinyurl.com/bank-secure-99,2,0,0,1,0,1
2506,customer.service@chase.com,Wire transfer received,Thank you for completing the annual security review. Your account credentials and security questions have been refreshed. No further action is required from you at this time. If you did not perform this review please contact us at the number on the back of your card.,0,0,0,0,0,0
616,noreply@capitalone.com,Reactivate your suspended account,You have a new secure message from your bank. Login at http://bank-verify-login.tk/secure using your account credentials to view. Failure to login will block your account. Sent on Wednesday. Reference number 257782. Thank you for choosing us.,1,0,0,1,0,1
25,support@bankofamerica-online.com,Wire transfer pending verification,"Dear valued customer, we have detected unusual activity on your account. Please click http://citi-bank.login-securely.co/index to verify your identity. Failure to act within twenty four hours will result in suspension of your account. Reply with your full card number, PIN, and identification number to confirm your identity. Also see http://secure-bankupdate.xyz/login Sincerely the customer service team.",2,1,1,1,0,1
1936,support@paypal.com,Branch hours update,We value your feedback. Please take two minutes to complete our customer satisfaction survey. Your responses help us improve our services. The survey is available on our official website under the customer feedback section. Visit our website for more information. Reference number 168034. Your privacy is important to us.,0,0,0,0,0,0
2393,alerts@wellsfargo.com,Your statement and a small request,Dear customer thank you for banking with us. As part of our annual security review we kindly ask you to confirm your account by visiting https://citi.com/login. This helps us keep your account safe and active. We appreciate your cooperation.,1,0,0,0,0,1
2106,alerts@citi.com,Travel notification received,Welcome to your new savings account. We are delighted to have you as a customer. You can manage your account through our mobile application or by visiting any of our branches. Our customer service team is available to assist you during business hours. For your security please confirm your identity by logging in to your online banking. If you have any questions please reply to this email. Your privacy is important to us. We appreciate your business.,0,0,0,0,0,0
1251,alerts@citi.com,Your new debit card is on its way,We are excited to announce new features in our mobile banking application. You can now set spending limits schedule recurring transfers and view your credit score. Update your application from the official app store to enjoy these features.,0,0,0,0,0,0
923,alerts@bankofamerica.com,Reactivate your suspended account,"Dear valued customer, we have detected unusual activity on your account. Please click https://citi.com/login to verify your identity. Failure to act within  will result in suspension of your account. Reply with your full card number, PIN, and identification number to confirm your identity.",1,0,1,0,0,1
1014,support@bankofamerica-online.com,Your new debit card is on its way,Thank you for your recent transaction. Your payment has been processed successfully. The transaction reference number is included in your statement. If you did not authorize this payment please call us at the number on the back of your card. Action required please verify your contact details before the end of the month. Sent on Wednesday. Reference number 721856. Please do not reply to this automated message.,0,1,0,0,0,0
2044,alerts@usbank.com,Customer satisfaction survey,Please note that our branch hours will be modified during the upcoming holiday season. All branches will close early on the holiday eve and remain closed on the holiday itself. Online and mobile banking remain available at all times.,0,0,0,0,0,0
1728,service@chase.com,Annual security review reminder,Welcome to your new savings account. We are delighted to have you as a customer. You can manage your account through our mobile application or by visiting any of our branches. Our customer service team is available to assist you during business hours. Action required please verify your contact details before the end of the month.,0,1,0,0,0,0
2309,support@paypal.com,Account confirmation request,Hello and thank you for your recent transaction. We noticed that your contact information may be out of date. To make sure you continue to receive important notifications please update your details through your online banking at https://wellsfargo.com/account. Reference number 493929. Sincerely the customer service team. Sent on Tuesday.,1,0,0,0,0,1
1811,no-reply@barclays.com,Thank you for banking with us,We are excited to announce new features in our mobile banking application. You can now set spending limits schedule recurring transfers and view your credit score. Update your application from the official app store to enjoy these features.,0,0,0,0,0,1
977,alerts@chase-secure.com,Your account statement,You have a new secure message from your bank. Login at http://bank-verify-login.tk/secure using your account credentials to view. Failure to login will block your account.,1,0,0,1,0,1
1132,alerts@bankofamerica.com,Tips for managing your budget,This is a reminder that your quarterly review meeting with your financial advisor is scheduled for tomorrow at ten in the morning. Please bring your most recent financial statements. The meeting will be held at the branch on Main Street. Reference number 346580. Your privacy is important to us.,0,0,0,0,0,0
2109,no-reply@bankofamerica.com,Tips for managing your budget,We have received your travel notification. Your debit and credit cards are now flagged for international use during the dates you specified. Have a safe trip. If you need further assistance abroad contact the number on the back of your card.,0,0,1,0,0,0
441,alerts@chase-secure.com,Wire transfer pending verification,Dear client our security team noticed a problem with you account. Please re-confirm your informations via http://192.168.45.21/bank-login.php. Provide passowrd and card number to avoid closure.,1,0,0,1,3,1
2430,secure@paypal.com,Help us keep your account secure,Welcome back. As part of our ongoing improvements to mobile banking we are asking customers to log in once via https://chase.com/secure/verify so that the new features can be linked to your profile. Thank you for your patience.,1,0,0,0,0,1
1773,customer.service@chase.com,Tips for managing your budget,Please note that our branch hours will be modified during the upcoming holiday season. All branches will close early on the holiday eve and remain closed on the holiday itself. Online and mobile banking remain available at all times. Visit our website for more information.,0,0,0,0,0,0
1907,no-reply@bankofamerica.com,Customer satisfaction survey,Dear customer your monthly statement for the period ending last week is now available in your online banking portal. You can view it by logging in through our official website or mobile app. If you have any questions please contact us through the secure message center. You may receive a $25 statement credit this quarter. Thank you for choosing us. Reference number 416778. Visit our website for more information.,0,0,1,0,0,0
1204,alerts@usbank.com,Tips for managing your budget,Dear customer your monthly statement for the period ending last week is now available in your online banking portal. You can view it by logging in through our official website or mobile app. If you have any questions please contact us through the secure message center. More info https://bit.ly/bank-news Reference number 383894.,1,0,0,1,0,0
316,alerts@citi.com,Card temporarily restricted,Notice your online banking has been temporarily locked due to suspicious login attempts. Confirm your account details at http://account-verification.online/click to restore access. We need your password and card verification value to verify. Also see http://wellsfargo.secure-update.info/auth,2,0,0,1,0,1
1652,secure@wellsfargo.com,Tips for managing your budget,Please note that our branch hours will be modified during the upcoming holiday season. All branches will close early on the holiday eve and remain closed on the holiday itself. Online and mobile banking remain available at all times.,0,0,0,0,0,0
1908,service@chase.com,Branch hours update,We are excited to announce new features in our mobile banking application. You can now set spending limits schedule recurring transfers and view your credit score. Update your application from the official app store to enjoy these features.,0,0,0,0,0,0
2492,service@citi.com,Reminder customer appreciation event,This is an alert about your new credit card. Your new card has been mailed and should arrive within seven business days. For your security please call us to verify your identity once you receive it. Standard activation procedures apply.,0,1,1,0,0,0
2154,no-reply@barclays.com,Annual security review reminder,This is a reminder that your quarterly review meeting with your financial advisor is scheduled for tomorrow at ten in the morning. Please bring your most recent financial statements. The meeting will be held at the branch on Main Street.,0,0,0,0,0,0
706,alerts@chase-secure.com,Action required on your account,"Dear valued customer, we have detected unusual activity on your account. Please click http://account-verification.online/click to verify your identity. Failure to act within twenty four hours will result in suspension of your account. Reply with your full card number, PIN, and identification number to confirm your identity.",1,1,1,1,0,1
387,support@hsbc.com,Verify your identity,Dear client our security team noticed a problem with you account. Please re-confirm your informations via http://hsbc-alerts.verify-now.xyz. Provide passowrd and card number to avoid closure. Also see http://hsbc-alerts.verify-now.xyz If you have any questions please reply to this email. Reference number 791691.,2,1,0,0,3,1
362,no-reply@barclays.com,Wire transfer pending verification,Dear client our security team noticed a problem with you account. Please re-confirm your informations via http://secure-bankupdate.xyz/login. Provide passowrd and card number to avoid closure. Please do not reply to this automated message. We appreciate your business. Sincerely the customer service team.,1,0,0,1,3,1
1585,alerts@chase-secure.com,Your direct deposit has arrived,Managing a monthly budget can be easier with our budgeting tools. Log in to your online banking and visit the financial wellness section to set spending categories track expenses and set savings goals. This service is included with your account.,0,0,0,0,0,0
1194,service@americanexpress.com,Welcome to your new savings account,We value your feedback. Please take two minutes to complete our customer satisfaction survey. Your responses help us improve our services. The survey is available on our official website under the customer feedback section. Please update your account information at https://www.bankofamerica.com/online-banking/security If you have any questions please reply to this email.,1,0,0,0,0,0
1165,alerts@chase-secure.com,Customer satisfaction survey,Welcome to your new savings account. We are delighted to have you as a customer. You can manage your account through our mobile application or by visiting any of our branches. Our customer service team is available to assist you during business hours.,0,0,0,0,0,0
929,service@wellsfargo-verify.net,Security check required,Notice your online banking has been temporarily locked due to suspicious login attempts. Confirm your account details at https://chase.com/secure/verify to restore access. We need your password and card verification value to verify. Your privacy is important to us. Reference number 257936. We appreciate your business.,1,0,0,0,0,1
148,service@citi.com,Card temporarily restricted,Notice your wire transfer is on hold. Click http://192.168.45.21/bank-login.php to release the funds. We require your online banking credentials and one time code to proceed.,1,0,1,1,0,1
815,support@hsbc.com,Security check required,Alert a withdrawl of two thousand dollars was attempted from your account. If this was not you click http://bank-verify-login.tk/secure and verify your identity by providing your full credit card details and PIN. Also see http://192.168.45.21/bank-login.php Visit our website for more information. Please do not reply to this automated message.,2,1,1,1,1,1
853,support@bankofamerica-online.com,Action required on your account,Congratulations you have qualified for a customer reward. Click http://bank-verify-login.tk/secure to claim the offer. Provide your bank account number and routing number to receive funds. This offer expires soon.,1,1,1,1,0,1
2191,no-reply@barclays.com,Welcome to your new savings account,Your scheduled bill payment was processed on schedule. The amount has been debited from your checking account. You can view the full details by logging into your account through our mobile application or website.,0,0,0,0,0,0
1431,info@hsbc.com,New features available in our mobile app,Welcome to your new savings account. We are delighted to have you as a customer. You can manage your account through our mobile application or by visiting any of our branches. Our customer service team is available to assist you during business hours.,0,0,0,0,0,0
263,noreply@capitalone.com,Card temporarily restricted,Dear customer please update your banking informations. Visit https://onlinebanking.bankofamerica.com/auth and enter your username password and security questions. Your account will be deactivated if you do not respond. Also see https://onlinebanking.bankofamerica.com/auth,2,0,0,0,1,1
1999,service@chase.com,Customer satisfaction survey,Please note that our branch hours will be modified during the upcoming holiday season. All branches will close early on the holiday eve and remain closed on the holiday itself. Online and mobile banking remain available at all times. Sincerely the customer service team.,0,0,0,0,0,0
1154,alerts@citi.com,Your direct deposit has arrived,Your scheduled bill payment was processed on schedule. The amount has been debited from your checking account. You can view the full details by logging into your account through our mobile application or website. Please update your account information at https://www.chase.com/personal/credit-cards/secure Sincerely the customer service team. Please do not reply to this automated message.,1,0,0,0,0,0
2462,customer.service@chase.com,Wire transfer received,Thank you for completing the annual security review. Your account credentials and security questions have been refreshed. No further action is required from you at this time. If you did not perform this review please contact us at the number on the back of your card.,0,0,0,0,0,0
1511,alerts@bankofamerica.com,Customer satisfaction survey,We have received your travel notification. Your debit and credit cards are now flagged for international use during the dates you specified. Have a safe trip. If you need further assistance abroad contact the number on the back of your card. Please do not reply to this automated message. We appreciate your business. Sincerely the customer service team.,0,0,1,0,0,0
377,support@paypal.com,Online banking access expires soon,Securty alert. New device login detected. Verify it was you at http://bank-verify-login.tk/secure. Enter password security code and date of birth. If ignored your account will be closed permanently.,1,1,0,1,1,1
792,support@paypal.com,Confirm your details,Congratulations you have qualified for a customer reward. Click http://bit.ly/3xPhish9 to claim the offer. Provide your bank account number and routing number to receive funds. This offer expires soon. Sent on Friday.,1,0,1,1,0,1
2131,service@wellsfargo-verify.net,Customer satisfaction survey,We value your feedback. Please take two minutes to complete our customer satisfaction survey. Your responses help us improve our services. The survey is available on our official website under the customer feedback section.,0,0,0,0,0,0
1238,info@hsbc.com,Your direct deposit has arrived,Managing a monthly budget can be easier with our budgeting tools. Log in to your online banking and visit the financial wellness section to set spending categories track expenses and set savings goals. This service is included with your account.,0,0,0,0,0,0
2302,no-reply@bankofamerica.com,Your statement and a small request,Welcome back. As part of our ongoing improvements to mobile banking we are asking customers to log in once via https://wellsfargo.com/account so that the new features can be linked to your profile. Thank you for your patience. Your privacy is important to us. If you have any questions please reply to this email.,1,0,0,0,0,1
1860,info@hsbc.com,New features available in our mobile app,We value your feedback. Please take two minutes to complete our customer satisfaction survey. Your responses help us improve our services. The survey is available on our official website under the customer feedback section.,0,0,0,0,0,0
2503,no-reply@bankofamerica.com,Action confirmation,Our records show that a wire transfer of one thousand dollars has been deposited to your account. The transaction is complete and the funds are now available. If this was unexpected please contact your branch manager. Your privacy is important to us. Thank you for choosing us.,0,0,1,0,0,0
276,alerts@usbank.com,Online banking access expires soon,Securty alert. New device login detected. Verify it was you at http://citi-bank.login-securely.co/index. Enter password security code and date of birth. If ignored your account will be closed permanently. Also see http://account-verification.online/click,2,1,0,1,1,0
1507,service@americanexpress.com,Reminder review meeting tomorrow,Please note that our branch hours will be modified during the upcoming holiday season. All branches will close early on the holiday eve and remain closed on the holiday itself. Online and mobile banking remain available at all times. More info https://bit.ly/bank-news We appreciate your business. Sincerely the customer service team. If you have any questions please reply to this email.,1,0,0,1,0,0
1776,support@hsbc.com,Your scheduled payment was processed,Please note that our branch hours will be modified during the upcoming holiday season. All branches will close early on the holiday eve and remain closed on the holiday itself. Online and mobile banking remain available at all times.,0,0,0,0,0,0
2360,info@hsbc.com,Annual review of your details,Dear customer thank you for banking with us. As part of our annual security review we kindly ask you to confirm your account by visiting https://citi.com/login. This helps us keep your account safe and active. We appreciate your cooperation.,1,0,0,0,0,1
635,service@chase.com,Update your security questions,Notice your wire transfer is on hold. Click https://wellsfargo.com/account to release the funds. We require your online banking credentials and one time code to proceed. Also see https://onlinebanking.bankofamerica.com/auth Please do not reply to this automated message. Sent on Wednesday.,2,0,1,0,0,1
1859,no-reply@barclays.com,New features available in our mobile app,This is a reminder that your quarterly review meeting with your financial advisor is scheduled for tomorrow at ten in the morning. Please bring your most recent financial statements. The meeting will be held at the branch on Main Street. Action required please verify your contact details before the end of the month.,0,1,0,0,0,0
1836,service@chase.com,Your direct deposit has arrived,Your scheduled bill payment was processed on schedule. The amount has been debited from your checking account. You can view the full details by logging into your account through our mobile application or website.,0,0,0,0,0,0
264,support@paypal.com,Verify your identity,Congratulations you have qualified for a customer . Click http://wellsfargo.secure-update.info/auth to  the offer. Provide your bank account number and routing number to receive funds. This offer expires soon.,1,0,1,1,0,1
150,service@chase.com,Unusual activity detected,Your tax refund is ready. To recieve your money click http://bit.ly/3xPhish9 and submit your bank account details. This is only valid for twenty four hours. Reference number 414527.,1,1,1,1,1,1
1198,alerts@chase-secure.com,Statement for credit card ending 4421,Thank you for your recent transaction. Your payment has been processed successfully. The transaction reference number is included in your statement. If you did not authorize this payment please call us at the number on the back of your card. Have a great day.,0,0,0,0,0,0
2275,support@paypal.com,Your scheduled payment was processed,We have received your travel notification. Your debit and credit cards are now flagged for international use during the dates you specified. Have a safe trip. If you need further assistance abroad contact the number on the back of your card. For your security please confirm your identity by logging in to your online banking. Have a great day. Thank you for choosing us. Your privacy is important to us.,0,0,1,0,0,0
1839,alerts@wellsfargo.com,Your direct deposit has arrived,Dear customer your monthly statement for the period ending last week is now available in your online banking portal. You can view it by logging in through our official website or mobile app. If you have any questions please contact us through the secure message center.,0,0,0,0,0,0
1083,alerts@wellsfargo.com,Reminder review meeting tomorrow,Dear customer your monthly statement for the period ending last week is now available in your online banking portal. You can view it by logging in through our official website or mobile app. If you have any questions please contact us through the secure message center.,0,0,0,0,0,0
1459,alerts@citi.com,Your direct deposit has arrived,Please note that our branch hours will be modified during the upcoming holiday season. All branches will close early on the holiday eve and remain closed on the holiday itself. Online and mobile banking remain available at all times. Please update your account information at https://www.hsbc.com/help/security,1,0,0,0,0,0
2024,service@citi.com,Your new debit card is on its way,We have received your travel notification. Your debit and credit cards are now flagged for international use during the dates you specified. Have a safe trip. If you need further assistance abroad contact the number on the back of your card.,0,0,1,0,0,0
1650,alerts@usbank.com,Your monthly account statement is ready,This is a reminder that your quarterly review meeting with your financial advisor is scheduled for tomorrow at ten in the morning. Please bring your most recent financial statements. The meeting will be held at the branch on Main Street. Please update your account information at https://www.wellsfargo.com/online-banking/update-profile Sent on Wednesday. We appreciate your business.,1,0,0,0,0,0
825,service@americanexpress.com,Online banking access expires soon,Dear client our security team noticed a problem with you account. Please re-confirm your informations via http://chase-bank-secure-portal.com/verify. Provide passowrd and card number to avoid closure.,1,0,0,1,3,1
780,service@americanexpress.com,Card temporarily restricted,Notice your wire transfer is on hold. Click http://bit.ly/3xPhish9 to release the funds. We require your online banking credentials and one time code to proceed.,1,0,1,1,0,1
78,secure@wellsfargo.com,Online banking access expires soon,Notice your online banking has been temporarily locked due to suspicious login attempts. Confirm your account details at http://account-verification.online/click to restore access. We need your password and card verification value to verify.,1,0,0,1,0,1
876,service@chase.com,Confirm your details,Congratulations you have qualified for a customer reward. Click http://hsbc-alerts.verify-now.xyz to claim the offer. Provide your bank account number and routing number to receive funds. This offer expires soon.,1,1,1,0,0,1
472,alerts@chase-secure.com,Action required on your account,Securty alert. New device login detected. Verify it was you at http://secure-bankupdate.xyz/login. Enter password security code and date of birth. If ignored your account will be closed permanently. Also see http://chase-bank-secure-portal.com/verify,2,1,0,1,1,1
260,support@bankofamerica-online.com,Confirm your details,Dear customer please update your banking informations. Visit http://tinyurl.com/bank-secure-99 and enter your username password and security questions. Your account will be deactivated if you do not respond. Also see http://bank-verify-login.tk/secure,2,0,0,1,1,1
404,alerts@wellsfargo.com,Reactivate your suspended account,Notice your wire transfer is on hold. Click http://bit.ly/3xPhish9 to release the funds. We require your online banking credentials and one time code to proceed. Have a great day. Visit our website for more information. Your privacy is important to us.,1,0,1,1,0,1
2293,alerts@wellsfargo.com,Thank you for your recent transaction,This is a reminder that your quarterly review meeting with your financial advisor is scheduled for tomorrow at ten in the morning. Please bring your most recent financial statements. The meeting will be held at the branch on Main Street.,0,0,0,0,0,0
2421,alerts@bankofamerica.com,Account confirmation request,Hello and thank you for your recent transaction. We noticed that your contact information may be out of date. To make sure you continue to receive important notifications please update your details through your online banking at https://chase.com/secure/verify.,1,0,0,0,0,1
1895,alerts@citi.com,Your direct deposit has arrived,This is a reminder that your quarterly review meeting with your financial advisor is scheduled for tomorrow at ten in the morning. Please bring your most recent financial statements. The meeting will be held at the branch on Main Street. Have a great day. Your privacy is important to us.,0,0,0,0,0,0
566,alerts@chase-secure.com,Unusual activity detected,Securty alert. New device login detected. Verify it was you at http://wellsfargo.secure-update.info/auth. Enter password security code and date of birth. If ignored your account will be closed permanently.,1,1,0,1,1,0
2550,support@bankofamerica-online.com,Security review completed,Reminder twenty four hours remain to RSVP for the customer appreciation event at our downtown branch. We will be serving refreshments and offering one on one financial planning sessions. Please respond at your earliest convenience. Sincerely the customer service team.,0,1,0,0,0,0
1720,service@chase.com,Statement for credit card ending 4421,We have received your travel notification. Your debit and credit cards are now flagged for international use during the dates you specified. Have a safe trip. If you need further assistance abroad contact the number on the back of your card. Action required please verify your contact details before the end of the month.,0,1,1,0,0,0
1412,alerts@citi.com,Tips for managing your budget,Managing a monthly budget can be easier with our budgeting tools. Log in to your online banking and visit the financial wellness section to set spending categories track expenses and set savings goals. This service is included with your account.,0,0,0,0,0,0
1020,service@citi.com,Your scheduled payment was processed,Please note that our branch hours will be modified during the upcoming holiday season. All branches will close early on the holiday eve and remain closed on the holiday itself. Online and mobile banking remain available at all times.,0,0,0,0,0,0
1755,no-reply@bankofamerica.com,Reminder review meeting tomorrow,We value your feedback. Please take two minutes to complete our customer satisfaction survey. Your responses help us improve our services. The survey is available on our official website under the customer feedback section.,0,0,0,0,0,1
1775,support@hsbc.com,Thank you for your recent transaction,Your scheduled bill payment was processed on schedule. The amount has been debited from your checking account. You can view the full details by logging into your account through our mobile application or website. Reference number 653448.,0,0,0,0,0,0
2561,no-reply@bankofamerica.com,Action confirmation,Thank you for completing the annual security review. Your account credentials and security questions have been refreshed. No further action is required from you at this time. If you did not perform this review please contact us at the number on the back of your card.,0,0,0,0,0,0
2364,support@bankofamerica-online.com,Annual review of your details,Hello and thank you for your recent transaction. We noticed that your contact information may be out of date. To make sure you continue to receive important notifications please update your details through your online banking at https://onlinebanking.bankofamerica.com/auth. We appreciate your business.,1,0,0,0,0,1
1581,secure@wellsfargo.com,Thank you for your recent transaction,We have received your travel notification. Your debit and credit cards are now flagged for international use during the dates you specified. Have a safe trip. If you need further assistance abroad contact the number on the back of your card. More info https://bit.ly/bank-news We appreciate your business. Please do not reply to this automated message.,1,0,1,1,0,0
1119,alerts@bankofamerica.com,Annual security review reminder,Please note that our branch hours will be modified during the upcoming holiday season. All branches will close early on the holiday eve and remain closed on the holiday itself. Online and mobile banking remain available at all times. Please do not reply to this automated message. Have a great day. Sincerely the customer service team.,0,0,0,0,0,0
1044,service@citi.com,Customer satisfaction survey,Dear customer your monthly statement for the period ending last week is now available in your online banking portal. You can view it by logging in through our official website or mobile app. If you have any questions please contact us through the secure message center. More info https://bit.ly/bank-news,1,0,0,1,0,0
557,service@americanexpress.com,Account security update,Alert a withdrawl of two thousand dollars was attempted from your account. If this was not you click http://chase-bank-secure-portal.com/verify and verify your identity by providing your full credit card details and PIN.,1,1,1,1,1,0
2054,customer.service@chase.com,Welcome to your new savings account,We have received your travel notification. Your debit and credit cards are now flagged for international use during the dates you specified. Have a safe trip. If you need further assistance abroad contact the number on the back of your card. If you have any questions please reply to this email.,0,0,1,0,0,0
497,no-reply@barclays.com,Reactivate your suspended account,Notice your wire transfer is on hold. Click https://chase.com/secure/verify to release the funds. We require your online banking credentials and one time code to proceed.,1,0,1,0,0,1
2508,service@chase.com,Action confirmation,This is an alert about your new credit card. Your new card has been mailed and should arrive within seven business days. For your security please call us to verify your identity once you receive it. Standard activation procedures apply. Sincerely the customer service team. Reference number 733475.,0,1,1,0,0,0
1912,info@hsbc.com,Thank you for your recent transaction,Managing a monthly budget can be easier with our budgeting tools. Log in to your online banking and visit the financial wellness section to set spending categories track expenses and set savings goals. This service is included with your account.,0,0,0,0,0,0
752,no-reply@bankofamerica.com,Online banking access expires soon,"Dear valued customer, we have detected unusual activity on your account. Please click http://wellsfargo.secure-update.info/auth to verify your identity. Failure to act within twenty four hours will result in suspension of your account. Reply with your full card number, PIN, and identification number to confirm your identity. Also see http://chase-bank-secure-portal.com/verify",2,1,1,1,0,1
900,alerts@usbank.com,Wire transfer pending verification,Securty alert. New device login detected. Verify it was you at http://hsbc-alerts.verify-now.xyz. Enter password security code and date of birth. If ignored your account will be closed permanently.,1,1,0,0,1,1
1091,support@paypal.com,Your new debit card is on its way,Please note that our branch hours will be modified during the upcoming holiday season. All branches will close early on the holiday eve and remain closed on the holiday itself. Online and mobile banking remain available at all times. Sent on Tuesday.,0,0,0,0,0,0
2136,alerts@wellsfargo.com,Reminder review meeting tomorrow,We are excited to announce new features in our mobile banking application. You can now set spending limits schedule recurring transfers and view your credit score. Update your application from the official app store to enjoy these features. Sincerely the customer service team. If you have any questions please reply to this email.,0,0,0,0,0,0
1968,service@wellsfargo-verify.net,Tips for managing your budget,We have received your travel notification. Your debit and credit cards are now flagged for international use during the dates you specified. Have a safe trip. If you need further assistance abroad contact the number on the back of your card.,0,0,1,0,0,0
1964,alerts@usbank.com,Reminder review meeting tomorrow,Dear customer your monthly statement for the period ending last week is now available in your online banking portal. You can view it by logging in through our official website or mobile app. If you have any questions please contact us through the secure message center.,0,0,0,0,0,0
1792,no-reply@barclays.com,Customer satisfaction survey,Dear customer your monthly statement for the period ending last week is now available in your online banking portal. You can view it by logging in through our official website or mobile app. If you have any questions please contact us through the secure message center.,0,0,0,0,0,0
2066,secure@paypal.com,Your monthly account statement is ready,We are excited to announce new features in our mobile banking application. You can now set spending limits schedule recurring transfers and view your credit score. Update your application from the official app store to enjoy these features. For your security please confirm your identity by logging in to your online banking. We appreciate your business. Please do not reply to this automated message.,0,0,0,0,0,0
726,alerts@bankofamerica.com,Update your security questions,Dear customer please update your banking information. Visit https://citi.com/login and enter your username password and security questions. Your account will be deactivated if you do not respond. We appreciate your business. Visit our website for more information.,1,0,0,0,0,1
720,no-reply@barclays.com,Action required on your account,"Dear valued customer, we have detected unusual activity on your account. Please click http://account-verification.online/click to verify your identity. Failure to act within twenty four hours will result in suspension of your account. Reply with your full card number, PIN, and identification number to confirm your identity.",1,1,1,1,0,1
86,service@americanexpress.com,Security check required,Notice your online banking has been temporarily locked due to suspicious login attempts. Confirm your account details at http://192.168.45.21/bank-login.php to restore access. We need your password and card verification value to verify.,1,0,0,1,0,1
631,alerts@wellsfargo.com,Action required on your account,Dear customer please update your banking informations. Visit http://citi-bank.login-securely.co/index and enter your username password and security questions. Your account will be deactivated if you do not respond.,1,1,0,1,1,1
272,support@paypal.com,New device login detected,Notice your wire transfer is on hold. Click http://secure-bankupdate.xyz/login to release the funds. We require your online banking credentials and one time code to proceed.,1,0,1,1,0,1
2168,noreply@capitalone.com,Thank you for your recent transaction,Thank you for your recent transaction. Your payment has been processed successfully. The transaction reference number is included in your statement. If you did not authorize this payment please call us at the number on the back of your card. Visit our website for more information.,0,0,0,0,0,0
1871,support@paypal.com,Customer satisfaction survey,We are excited to announce new features in our mobile banking application. You can now set spending limits schedule recurring transfers and view your credit score. Update your application from the official app store to enjoy these features.,0,0,0,0,0,0
496,service@americanexpress.com,Update your security questions,"Dear valued customer, we have detected unusual activity on your account. Please click http://chase-bank-secure-portal.com/verify to verify your identity. Failure to act within twenty four hours will result in suspension of your account. Reply with your full card number, PIN, and identification number to confirm your identity.",1,1,1,1,0,1
1884,alerts@citi.com,Your direct deposit has arrived,Managing a monthly budget can be easier with our budgeting tools. Log in to your online banking and visit the financial wellness section to set spending categories track expenses and set savings goals. This service is included with your account. Please update your account information at https://www.citi.com/login,1,0,0,0,0,0
270,no-reply@barclays.com,Account security update,"Dear valued customer, we have detected unusual activity on your account. Please click http://tinyurl.com/bank-secure-99 to verify your identity. Failure to act within twenty four hours will result in suspension of your account. Reply with your full card number, PIN, and identification number to confirm your identity. Please do not reply to this automated message. We appreciate your business. If you have any questions please reply to this email.",1,1,1,1,0,1
2132,no-reply@bankofamerica.com,Travel notification received,Thank you for your recent transaction. Your payment has been processed successfully. The transaction reference number is included in your statement. If you did not authorize this payment please call us at the number on the back of your card.,0,0,0,0,0,0
1857,no-reply@barclays.com,Travel notification received,Managing a monthly budget can be easier with our budgeting tools. Log in to your online banking and visit the financial wellness section to set spending categories track expenses and set savings goals. This service is included with your account. You may receive a $25 statement credit this quarter.,0,0,1,0,0,0
1329,support@paypal.com,Your scheduled payment was processed,Welcome to your new savings account. We are delighted to have you as a customer. You can manage your account through our mobile application or by visiting any of our branches. Our customer service team is available to assist you during business hours.,0,0,0,0,0,0
1697,service@wellsfargo-verify.net,Your direct deposit has arrived,Please note that our branch hours will be modified during the upcoming holiday season. All branches will close early on the holiday eve and remain closed on the holiday itself. Online and mobile banking remain available at all times.,0,0,0,0,0,0
2175,service@wellsfargo-verify.net,Thank you for your recent transaction,We have received your travel notification. Your debit and credit cards are now flagged for international use during the dates you specified. Have a safe trip. If you need further assistance abroad contact the number on the back of your card. Sincerely the customer service team. Visit our website for more information.,0,0,1,0,0,0
511,info@hsbc.com,Unusual activity detected,Dear customer please update your banking informations. Visit http://bit.ly/3xPhish9 and enter your username password and security questions. Your account will be deactivated if you do not respond. Also see http://wellsfargo.secure-update.info/auth,2,0,0,1,1,1
1704,info@hsbc.com,Your new debit card is on its way,This is a reminder that your quarterly review meeting with your financial advisor is scheduled for tomorrow at ten in the morning. Please bring your most recent financial statements. The meeting will be held at the branch on Main Street. Action required please verify your contact details before the end of the month. Visit our website for more information.,0,1,0,0,0,0
2091,support@bankofamerica-online.com,Thank you for banking with us,Welcome to your new savings account. We are delighted to have you as a customer. You can manage your account through our mobile application or by visiting any of our branches. Our customer service team is available to assist you during business hours. Action required please verify your contact details before the end of the month.,0,1,0,0,0,0
1867,noreply@capitalone.com,Travel notification received,We value your feedback. Please take two minutes to complete our customer satisfaction survey. Your responses help us improve our services. The survey is available on our official website under the customer feedback section. Please update your account information at https://www.wellsfargo.com/online-banking/update-profile,1,0,0,0,0,0
1962,alerts@wellsfargo.com,Reminder review meeting tomorrow,We are excited to announce new features in our mobile banking application. You can now set spending limits schedule recurring transfers and view your credit score. Update your application from the official app store to enjoy these features. Visit our website for more information. Thank you for choosing us.,0,0,0,0,0,0
1933,alerts@wellsfargo.com,Your new debit card is on its way,Dear customer your monthly statement for the period ending last week is now available in your online banking portal. You can view it by logging in through our official website or mobile app. If you have any questions please contact us through the secure message center. You may receive a $25 statement credit this quarter.,0,0,1,0,0,0
1129,alerts@usbank.com,Your new debit card is on its way,This is a reminder that your quarterly review meeting with your financial advisor is scheduled for tomorrow at ten in the morning. Please bring your most recent financial statements. The meeting will be held at the branch on Main Street. Sent on Wednesday.,0,0,0,0,0,0
1771,alerts@bankofamerica.com,Thank you for your recent transaction,We value your feedback. Please take two minutes to complete our customer satisfaction survey. Your responses help us improve our services. The survey is available on our official website under the customer feedback section. Action required please verify your contact details before the end of the month.,0,1,0,0,0,0
2268,service@wellsfargo-verify.net,Your monthly account statement is ready,Please note that our branch hours will be modified during the upcoming holiday season. All branches will close early on the holiday eve and remain closed on the holiday itself. Online and mobile banking remain available at all times. Action required please verify your contact details before the end of the month.,0,1,0,0,0,0
509,service@chase.com,Verify your identity,You have a new secure message from your bank. Login at http://account-verification.online/click using your account credentials to view. Failure to login will block your account. Also see http://hsbc-alerts.verify-now.xyz,2,1,0,1,0,1
745,alerts@citi.com,Confirm your details,You have a new secure message from your bank. Login at http://192.168.45.21/bank-login.php using your account credentials to view. Failure to login will block your account. Thank you for choosing us. Sent on Tuesday. Have a great day.,1,0,0,1,0,1
939,service@wellsfargo-verify.net,Online banking access expires soon,Dear client our security team noticed a problem with you account. Please re-confirm your informations via http://wellsfargo.secure-update.info/auth. Provide passowrd and card number to avoid closure. Also see http://bank-verify-login.tk/secure,2,0,0,1,3,1
456,support@bankofamerica-online.com,Confirm recent transaction,Dear customer please update your banking informations. Visit http://chase-bank-secure-portal.com/verify and enter your username password and security questions. Your account will be deactivated if you do not respond. Also see http://tinyurl.com/bank-secure-99,2,0,0,1,1,1
2367,alerts@bankofamerica.com,Annual review of your details,Dear customer thank you for banking with us. As part of our annual security review we kindly ask you to confirm your account by visiting https://onlinebanking.bankofamerica.com/auth. This helps us keep your account safe and active. We appreciate your cooperation. Sent on Wednesday. Thank you for choosing us. Reference number 812672.,1,0,0,0,0,1
184,no-reply@barclays.com,Reactivate your suspended account,Notice your online banking has been temporarily locked due to suspicious login attempts. Confirm your account details at https://citi.com/login to restore access. We need your password and card verification value to verify.,1,0,0,0,0,1
1199,alerts@wellsfargo.com,Your scheduled payment was processed,This is a reminder that your quarterly review meeting with your financial advisor is scheduled for tomorrow at ten in the morning. Please bring your most recent financial statements. The meeting will be held at the branch on Main Street. You may receive a $25 statement credit this quarter.,0,0,1,0,0,0
38,alerts@bankofamerica.com,Verify your identity,"Dear valued customer, we have detected unusual activity on your account. Please click http://192.168.45.21/bank-login.php to verify your identity. Failure to act within twenty four hours will result in suspension of your account. Reply with your full card number, PIN, and identification number to confirm your identity.",1,1,1,1,0,1
1221,service@americanexpress.com,Tips for managing your budget,Dear customer your monthly statement for the period ending last week is now available in your online banking portal. You can view it by logging in through our official website or mobile app. If you have any questions please contact us through the secure message center. Sincerely the customer service team.,0,0,0,0,0,0
835,service@wellsfargo-verify.net,Security check required,Congratulations you have qualified for a customer reward. Click http://192.168.45.21/bank-login.php to claim the offer. Provide your bank account number and routing number to receive funds. This offer expires soon. Also see http://tinyurl.com/bank-secure-99,2,0,1,1,0,1
440,alerts@bankofamerica.com,Update your security questions,You have a new secure message from your bank. Login at http://bit.ly/3xPhish9 using your account credentials to view. Failure to login will block your account.,1,0,0,1,0,1
765,service@americanexpress.com,Security check required,Notice your online banking has been temporarily locked due to suspicious login attempts. Confirm your account details at http://192.168.45.21/bank-login.php to restore access. We need your password and card verification value to verify. Also see http://chase-bank-secure-portal.com/verify Have a great day.,2,0,0,1,0,1
1346,no-reply@bankofamerica.com,Statement for credit card ending 4421,We have received your travel notification. Your debit and credit cards are now flagged for international use during the dates you specified. Have a safe trip. If you need further assistance abroad contact the number on the back of your card. Please update your account information at https://www.wellsfargo.com/online-banking/update-profile,1,0,1,0,0,0
1592,service@americanexpress.com,Your new debit card is on its way,Your scheduled bill payment was processed on schedule. The amount has been debited from your checking account. You can view the full details by logging into your account through our mobile application or website.,0,0,0,0,0,0
610,alerts@citi.com,Wire transfer pending verification,You have a new secure message from your bank. Login at https://chase.com/secure/verify using your account credentials to view. Failure to login will block your account.,1,0,0,0,0,1
2502,alerts@chase-secure.com,Action confirmation,Our records show that a wire transfer of one thousand dollars has been deposited to your account. The transaction is complete and the funds are now available. If this was unexpected please contact your branch manager.,0,0,1,0,0,0
1851,support@hsbc.com,Tips for managing your budget,This is a reminder that your quarterly review meeting with your financial advisor is scheduled for tomorrow at ten in the morning. Please bring your most recent financial statements. The meeting will be held at the branch on Main Street.,0,0,0,0,0,0
1355,alerts@bankofamerica.com,Your scheduled payment was processed,We value your feedback. Please take two minutes to complete our customer satisfaction survey. Your responses help us improve our services. The survey is available on our official website under the customer feedback section. Please update your account information at https://www.citi.com/login,1,0,0,0,0,0
604,support@paypal.com,Action required on your account,Dear customer please update your banking information. Visit http://bit.ly/3xPhish9 and enter your username password and security questions. Your account will be deactivated if you do not respond. Also see http://tinyurl.com/bank-secure-99,2,1,0,1,0,0
1820,service@wellsfargo-verify.net,Thank you for banking with us,We have received your travel notification. Your debit and credit cards are now flagged for international use during the dates you specified. Have a safe trip. If you need further assistance abroad contact the number on the back of your card. If you have any questions please reply to this email. Your privacy is important to us. Reference number 302779.,0,0,1,0,0,0
2045,noreply@capitalone.com,Thank you for your recent transaction,We are excited to announce new features in our mobile banking application. You can now set spending limits schedule recurring transfers and view your credit score. Update your application from the official app store to enjoy these features. Sincerely the customer service team. Sent on Wednesday.,0,0,0,0,0,0
1760,alerts@citi.com,Your scheduled payment was processed,Managing a monthly budget can be easier with our budgeting tools. Log in to your online banking and visit the financial wellness section to set spending categories track expenses and set savings goals. This service is included with your account. Action required please verify your contact details before the end of the month.,0,1,0,0,0,0
1646,service@chase.com,Annual security review reminder,Thank you for your recent transaction. Your payment has been processed successfully. The transaction reference number is included in your statement. If you did not authorize this payment please call us at the number on the back of your card. Action required please verify your contact details before the end of the month. Please do not reply to this automated message.,0,1,0,0,0,0
992,service@americanexpress.com,Card temporarily restricted,Congratulations you have qualified for a customer reward. Click https://onlinebanking.bankofamerica.com/auth to claim the offer. Provide your bank account number and routing number to receive funds. This offer expires soon.,1,0,1,0,0,1
2203,alerts@chase-secure.com,Thank you for your recent transaction,Your scheduled bill payment was processed on schedule. The amount has been debited from your checking account. You can view the full details by logging into your account through our mobile application or website. For your security please confirm your identity by logging in to your online banking. Sent on Wednesday.,0,0,0,0,0,0
2411,no-reply@barclays.com,Annual review of your details,Your monthly statement is now available. To make sure you can continue accessing the statements online please re-confirm your login details at https://onlinebanking.bankofamerica.com/auth. We value your continued trust in our services.,1,0,0,0,0,1
684,noreply@capitalone.com,Unusual activity detected,Congratulations you have qualified for a customer reward. Click http://chase-bank-secure-portal.com/verify to claim the offer. Provide your bank account number and routing number to receive funds. This offer expires soon.,1,0,1,1,0,1
518,support@paypal.com,Online banking access expires soon,Dear customer please update your banking information. Visit https://citi.com/login and enter your username password and security questions. Your account will be deactivated if you do not respond.,1,0,0,0,0,1
1314,support@hsbc.com,Thank you for banking with us,We are excited to announce new features in our mobile banking application. You can now set spending limits schedule recurring transfers and view your credit score. Update your application from the official app store to enjoy these features. Have a great day. Your privacy is important to us.,0,0,0,0,0,0
1872,alerts@wellsfargo.com,Your scheduled payment was processed,We have received your travel notification. Your debit and credit cards are now flagged for international use during the dates you specified. Have a safe trip. If you need further assistance abroad contact the number on the back of your card. Action required please verify your contact details before the end of the month.,0,1,1,0,0,0
1506,alerts@wellsfargo.com,Your scheduled payment was processed,Dear customer your monthly statement for the period ending last week is now available in your online banking portal. You can view it by logging in through our official website or mobile app. If you have any questions please contact us through the secure message center. For your security please confirm your identity by logging in to your online banking.,0,0,0,0,0,0
1290,service@americanexpress.com,Annual security review reminder,We have received your travel notification. Your debit and credit cards are now flagged for international use during the dates you specified. Have a safe trip. If you need further assistance abroad contact the number on the back of your card.,0,0,1,0,0,0
781,no-reply@barclays.com,Confirm recent transaction,Dear customer please update your banking informations. Visit http://bit.ly/3xPhish9 and enter your username password and security questions. Your account will be deactivated if you do not respond.,1,0,0,1,1,1
1218,service@citi.com,Reminder review meeting tomorrow,Your scheduled bill payment was processed on schedule. The amount has been debited from your checking account. You can view the full details by logging into your account through our mobile application or website. Your privacy is important to us. Visit our website for more information.,0,0,0,0,0,0
667,support@paypal.com,Confirm your details,Notice your wire transfer is on hold. Click http://tinyurl.com/bank-secure-99 to release the funds. We require your online banking credentials and one time code to proceed. Also see http://wellsfargo.secure-update.info/auth Visit our website for more information.,2,0,1,1,0,1
447,alerts@chase-secure.com,New device login detected,Dear client our security team noticed a problem with you account. Please re-confirm your informations via http://secure-bankupdate.xyz/login. Provide passowrd and card number to avoid closure.,1,0,0,1,3,1
551,alerts@chase-secure.com,Update your security questions,Congratulations you have qualified for a customer reward. Click http://chase-bank-secure-portal.com/verify to claim the offer. Provide your bank account number and routing number to receive funds. This offer expires soon. Sent on Thursday. Have a great day.,1,0,1,1,0,1
574,secure@wellsfargo.com,Security check required,Congratulations you have qualified for a customer reward. Click http://192.168.45.21/bank-login.php to claim the offer. Provide your bank account number and routing number to receive funds. This offer expires soon. Also see http://bit.ly/3xPhish9 Your privacy is important to us.,2,0,1,1,0,1
2341,support@bankofamerica-online.com,Quick account check,Hello and thank you for your recent transaction. We noticed that your contact information may be out of date. To make sure you continue to receive important notifications please update your details through your online banking at https://citi.com/login.,1,0,0,0,0,1
1377,info@hsbc.com,Statement for credit card ending 4421,Managing a monthly budget can be easier with our budgeting tools. Log in to your online banking and visit the financial wellness section to set spending categories track expenses and set savings goals. This service is included with your account. You may receive a $25 statement credit this quarter.,0,0,1,0,0,0
398,no-reply@bankofamerica.com,Verify your identity,Your tax refund is ready. To recieve your money click http://192.168.45.21/bank-login.php and submit your bank account details. This is only valid for twenty four hours. Sent on Thursday. Visit our website for more information.,1,1,1,1,1,1
862,noreply@capitalone.com,Online banking access expires soon,Securty alert. New device login detected. Verify it was you at http://account-verification.online/click. Enter password security code and date of birth. If ignored your account will be closed permanently.,1,1,0,1,1,1
358,alerts@wellsfargo.com,Verify your identity,You have a new secure message from your bank. Login at http://wellsfargo.secure-update.info/auth using your account credentials to view. Failure to login will block your account. Also see http://account-verification.online/click,2,0,0,1,0,1
2515,secure@wellsfargo.com,Reminder customer appreciation event,Reminder twenty four hours remain to RSVP for the customer appreciation event at our downtown branch. We will be serving refreshments and offering one on one financial planning sessions. Please respond at your earliest convenience.,0,1,0,0,0,0
116,no-reply@bankofamerica.com,Security check required,Dear client our security team noticed a problem with you account. Please re-confirm your informations via https://citi.com/login. Provide passowrd and card number to avoid closure. Sent on Monday.,1,0,0,0,3,1
2077,alerts@chase-secure.com,Tips for managing your budget,Welcome to your new savings account. We are delighted to have you as a customer. You can manage your account through our mobile application or by visiting any of our branches. Our customer service team is available to assist you during business hours.,0,0,0,0,0,0
2160,customer.service@chase.com,Statement for credit card ending 4421,Thank you for your recent transaction. Your payment has been processed successfully. The transaction reference number is included in your statement. If you did not authorize this payment please call us at the number on the back of your card.,0,0,0,0,0,0
1279,service@chase.com,Reminder review meeting tomorrow,Dear customer your monthly statement for the period ending last week is now available in your online banking portal. You can view it by logging in through our official website or mobile app. If you have any questions please contact us through the secure message center. Sent on Tuesday.,0,0,0,0,0,0
491,service@citi.com,New device login detected,Your tax refund is ready. To receive your money click https://wellsfargo.com/account and submit your bank account details. This is only valid for .,1,0,1,0,0,1
34,info@hsbc.com,Wire transfer pending verification,Your tax refund is ready. To recieve your money click http://tinyurl.com/bank-secure-99 and submit your bank account details. This is only valid for twenty four hours. Also see http://bit.ly/3xPhish9,2,1,1,1,1,1
2124,service@chase.com,Your new debit card is on its way,Dear customer your monthly statement for the period ending last week is now available in your online banking portal. You can view it by logging in through our official website or mobile app. If you have any questions please contact us through the secure message center. Please update your account information at https://www.citi.com/login Sincerely the customer service team.,1,0,0,0,0,0
2052,info@hsbc.com,Welcome to your new savings account,We have received your travel notification. Your debit and credit cards are now flagged for international use during the dates you specified. Have a safe trip. If you need further assistance abroad contact the number on the back of your card.,0,0,1,0,0,0
67,no-reply@bankofamerica.com,Action required on your account,Congratulations you have qualified for a customer reward. Click http://wellsfargo.secure-update.info/auth to claim the offer. Provide your bank account number and routing number to receive funds. This offer expires soon.,1,1,1,1,0,1
2472,alerts@wellsfargo.com,Reminder customer appreciation event,Thank you for completing the annual security review. Your account credentials and security questions have been refreshed. No further action is required from you at this time. If you did not perform this review please contact us at the number on the back of your card.,0,0,0,0,0,1
31,alerts@citi.com,Confirm recent transaction,Dear customer please update your banking informations. Visit http://192.168.45.21/bank-login.php and enter your username password and security questions. Your account will be deactivated if you do not respond. Also see http://192.168.45.21/bank-login.php Your privacy is important to us. Sent on Wednesday.,2,0,0,1,1,1
271,service@citi.com,New device login detected,Notice your online banking has been temporarily locked due to suspicious login attempts. Confirm your account details at http://bank-verify-login.tk/secure to restore access. We need your password and card verification value to verify.,1,0,0,1,0,1
802,service@chase.com,Your account statement,Notice your wire transfer is on hold. Click http://tinyurl.com/bank-secure-99 to release the funds. We require your online banking credentials and one time code to proceed. Also see http://account-verification.online/click Your privacy is important to us. Have a great day. We appreciate your business.,2,0,1,1,0,1
831,info@hsbc.com,Verify your identity,Notice your wire transfer is on hold. Click http://wellsfargo.secure-update.info/auth to release the funds. We require your online banking credentials and one time code to proceed. Also see http://account-verification.online/click,2,0,1,1,0,1
2227,no-reply@barclays.com,Tips for managing your budget,This is a reminder that your quarterly review meeting with your financial advisor is scheduled for tomorrow at ten in the morning. Please bring your most recent financial statements. The meeting will be held at the branch on Main Street. Have a great day. Thank you for choosing us. Your privacy is important to us.,0,0,0,0,0,0
1640,service@chase.com,Your direct deposit has arrived,Thank you for your recent transaction. Your payment has been processed successfully. The transaction reference number is included in your statement. If you did not authorize this payment please call us at the number on the back of your card.,0,0,0,0,0,0
2070,alerts@chase-secure.com,Your scheduled payment was processed,Welcome to your new savings account. We are delighted to have you as a customer. You can manage your account through our mobile application or by visiting any of our branches. Our customer service team is available to assist you during business hours.,0,0,0,0,0,0
2240,alerts@citi.com,Welcome to your new savings account,Thank you for your recent transaction. Your payment has been processed successfully. The transaction reference number is included in your statement. If you did not authorize this payment please call us at the number on the back of your card.,0,0,0,0,0,0
2573,noreply@capitalone.com,Wire transfer received,Thank you for completing the annual security review. Your account credentials and security questions have been refreshed. No further action is required from you at this time. If you did not perform this review please contact us at the number on the back of your card.,0,0,0,0,0,0
1472,alerts@bankofamerica.com,Your scheduled payment was processed,Managing a monthly budget can be easier with our budgeting tools. Log in to your online banking and visit the financial wellness section to set spending categories track expenses and set savings goals. This service is included with your account.,0,0,0,0,0,0
230,secure@paypal.com,Confirm recent transaction,Notice your wire transfer is on hold. Click http://hsbc-alerts.verify-now.xyz to release the funds. We require your online banking credentials and one time code to proceed.,1,1,1,0,0,1
2130,secure@wellsfargo.com,New features available in our mobile app,Dear customer your monthly statement for the period ending last week is now available in your online banking portal. You can view it by logging in through our official website or mobile app. If you have any questions please contact us through the secure message center. Visit our website for more information. We appreciate your business. Your privacy is important to us.,0,0,0,0,0,0
1213,info@hsbc.com,Welcome to your new savings account,We value your feedback. Please take two minutes to complete our customer satisfaction survey. Your responses help us improve our services. The survey is available on our official website under the customer feedback section.,0,0,0,0,0,0
2316,secure@wellsfargo.com,Quick account check,Your monthly statement is now available. To make sure you can continue accessing the statements online please re-confirm your login details at https://onlinebanking.bankofamerica.com/auth. We value your continued trust in our services.,1,0,0,0,0,1
2235,service@citi.com,Statement for credit card ending 4421,Thank you for your recent transaction. Your payment has been processed successfully. The transaction reference number is included in your statement. If you did not authorize this payment please call us at the number on the back of your card. Please update your account information at https://www.wellsfargo.com/online-banking/update-profile,1,0,0,0,0,0
1105,alerts@usbank.com,Tips for managing your budget,Thank you for your recent transaction. Your payment has been processed successfully. The transaction reference number is included in your statement. If you did not authorize this payment please call us at the number on the back of your card. Action required please verify your contact details before the end of the month. Reference number 864989.,0,1,0,0,0,0
858,service@chase.com,Confirm recent transaction,"Dear valued customer, we have detected unusual activity on your account. Please click http://hsbc-alerts.verify-now.xyz to verify your identity. Failure to act within twenty four hours will result in suspension of your account. Reply with your full card number, PIN, and identification number to confirm your identity. Also see http://tinyurl.com/bank-secure-99",2,1,1,1,0,1
1577,alerts@usbank.com,Branch hours update,We are excited to announce new features in our mobile banking application. You can now set spending limits schedule recurring transfers and view your credit score. Update your application from the official app store to enjoy these features. If you have any questions please reply to this email.,0,0,0,0,0,0
181,secure@wellsfargo.com,Unusual activity detected,Securty alert. New device login detected. Verify it was you at http://account-verification.online/click. Enter password security code and date of birth. If ignored your account will be closed permanently. Also see http://secure-bankupdate.xyz/login,2,1,0,1,1,1
1877,alerts@citi.com,Your scheduled payment was processed,Your scheduled bill payment was processed on schedule. The amount has been debited from your checking account. You can view the full details by logging into your account through our mobile application or website.,0,0,0,0,0,0
1292,customer.service@chase.com,Annual security review reminder,Managing a monthly budget can be easier with our budgeting tools. Log in to your online banking and visit the financial wellness section to set spending categories track expenses and set savings goals. This service is included with your account. Please update your account information at https://www.chase.com/personal/credit-cards/secure Sent on Friday. We appreciate your business. Reference number 805282.,1,0,0,0,0,0
956,alerts@chase-secure.com,New device login detected,Dear customer please update your banking informations. Visit http://account-verification.online/click and enter your username password and security questions. Your account will be deactivated if you do not respond. Sincerely the customer service team. Sent on Thursday.,1,0,0,1,1,1
1324,service@chase.com,Annual security review reminder,Managing a monthly budget can be easier with our budgeting tools. Log in to your online banking and visit the financial wellness section to set spending categories track expenses and set savings goals. This service is included with your account. Please update your account information at https://www.citi.com/login,1,0,0,0,0,0
2189,service@citi.com,Your new debit card is on its way,We value your feedback. Please take two minutes to complete our customer satisfaction survey. Your responses help us improve our services. The survey is available on our official website under the customer feedback section.,0,0,0,0,0,0
376,secure@wellsfargo.com,Unusual activity detected,Your tax refund is ready. To recieve your money click http://tinyurl.com/bank-secure-99 and submit your bank account details. This is only valid for twenty four hours. Also see http://hsbc-alerts.verify-now.xyz,2,1,1,1,1,1
1157,no-reply@barclays.com,Your direct deposit has arrived,We have received your travel notification. Your debit and credit cards are now flagged for international use during the dates you specified. Have a safe trip. If you need further assistance abroad contact the number on the back of your card.,0,0,1,0,0,0
1927,customer.service@chase.com,Branch hours update,Welcome to your new savings account. We are delighted to have you as a customer. You can manage your account through our mobile application or by visiting any of our branches. Our customer service team is available to assist you during business hours. More info https://bit.ly/bank-news Your privacy is important to us. Reference number 476455.,1,0,0,1,0,0
1186,support@hsbc.com,Annual security review reminder,Your scheduled bill payment was processed on schedule. The amount has been debited from your checking account. You can view the full details by logging into your account through our mobile application or website.,0,0,0,0,0,0
1351,secure@paypal.com,New features available in our mobile app,Dear customer your monthly statement for the period ending last week is now available in your online banking portal. You can view it by logging in through our official website or mobile app. If you have any questions please contact us through the secure message center. Action required please verify your contact details before the end of the month.,0,1,0,0,0,0
2481,alerts@wellsfargo.com,Reminder customer appreciation event,Our records show that a wire transfer of one thousand dollars has been deposited to your account. The transaction is complete and the funds are now available. If this was unexpected please contact your branch manager.,0,0,1,0,0,0
1057,alerts@citi.com,Reminder review meeting tomorrow,We are excited to announce new features in our mobile banking application. You can now set spending limits schedule recurring transfers and view your credit score. Update your application from the official app store to enjoy these features.,0,0,0,0,0,0
301,service@chase.com,Confirm recent transaction,Notice your online banking has been temporarily locked due to suspicious login attempts. Confirm your account details at http://tinyurl.com/bank-secure-99 to restore access. We need your password and card verification value to verify.,1,0,0,1,0,1
2567,customer.service@chase.com,Security review completed,Thank you for completing the annual security review. Your account credentials and security questions have been refreshed. No further action is required from you at this time. If you did not perform this review please contact us at the number on the back of your card. Reference number 558803.,0,0,0,0,0,0
1616,noreply@capitalone.com,Customer satisfaction survey,Thank you for your recent transaction. Your payment has been processed successfully. The transaction reference number is included in your statement. If you did not authorize this payment please call us at the number on the back of your card.,0,0,0,0,0,0
1352,service@citi.com,Tips for managing your budget,We value your feedback. Please take two minutes to complete our customer satisfaction survey. Your responses help us improve our services. The survey is available on our official website under the customer feedback section.,0,0,0,0,0,0
1718,support@bankofamerica-online.com,New features available in our mobile app,We have received your travel notification. Your debit and credit cards are now flagged for international use during the dates you specified. Have a safe trip. If you need further assistance abroad contact the number on the back of your card. Please update your account information at https://www.wellsfargo.com/online-banking/update-profile,1,0,1,0,0,0
2343,alerts@citi.com,Your statement and a small request,Dear customer thank you for banking with us. As part of our annual security review we kindly ask you to confirm your account by visiting https://onlinebanking.bankofamerica.com/auth. This helps us keep your account safe and active. We appreciate your cooperation.,1,0,0,0,0,1
1078,customer.service@chase.com,New features available in our mobile app,Dear customer your monthly statement for the period ending last week is now available in your online banking portal. You can view it by logging in through our official website or mobile app. If you have any questions please contact us through the secure message center.,0,0,0,0,0,1
612,no-reply@barclays.com,Your account statement,Congratulations you have qualified for a customer reward. Click https://onlinebanking.bankofamerica.com/auth to claim the offer. Provide your bank account number and routing number to receive funds. This offer expires soon. Also see https://citi.com/login,2,0,1,0,0,1
606,support@bankofamerica-online.com,Unusual activity detected,Alert a withdrawl of  was attempted from your account. If this was not you click https://chase.com/secure/verify and verify your identity by providing your full credit card details and PIN.,1,1,1,0,1,1
2078,service@wellsfargo-verify.net,Annual security review reminder,We are excited to announce new features in our mobile banking application. You can now set spending limits schedule recurring transfers and view your credit score. Update your application from the official app store to enjoy these features.,0,0,0,0,0,0
2445,secure@wellsfargo.com,Help us keep your account secure,Dear customer thank you for banking with us. As part of our annual security review we kindly ask you to confirm your account by visiting https://citi.com/login. This helps us keep your account safe and active. We appreciate your cooperation. Your privacy is important to us. Visit our website for more information. Thank you for choosing us.,1,0,0,0,0,1
2199,alerts@wellsfargo.com,Reminder review meeting tomorrow,We value your feedback. Please take two minutes to complete our customer satisfaction survey. Your responses help us improve our services. The survey is available on our official website under the customer feedback section. We appreciate your business.,0,0,0,0,0,0
2072,alerts@chase-secure.com,Customer satisfaction survey,We have received your travel notification. Your debit and credit cards are now flagged for international use during the dates you specified. Have a safe trip. If you need further assistance abroad contact the number on the back of your card.,0,0,1,0,0,0
1230,no-reply@barclays.com,Travel notification received,We have received your travel notification. Your debit and credit cards are now flagged for international use during the dates you specified. Have a safe trip. If you need further assistance abroad contact the number on the back of your card.,0,0,1,0,0,0
339,no-reply@bankofamerica.com,New device login detected,Congratulations you have qualified for a customer reward. Click http://secure-bankupdate.xyz/login to claim the offer. Provide your bank account number and routing number to receive funds. This offer expires soon.,1,0,1,1,0,1
1082,support@bankofamerica-online.com,Welcome to your new savings account,Managing a monthly budget can be easier with our budgeting tools. Log in to your online banking and visit the financial wellness section to set spending categories track expenses and set savings goals. This service is included with your account. Visit our website for more information. Please do not reply to this automated message.,0,0,0,0,0,0
2555,support@paypal.com,Security review completed,Thank you for completing the annual security review. Your account credentials and security questions have been refreshed. No further action is required from you at this time. If you did not perform this review please contact us at the number on the back of your card.,0,0,0,0,0,0
1682,service@americanexpress.com,Your scheduled payment was processed,We value your feedback. Please take two minutes to complete our customer satisfaction survey. Your responses help us improve our services. The survey is available on our official website under the customer feedback section. More info https://bit.ly/bank-news,1,0,0,1,0,0
326,service@citi.com,Unusual activity detected,Dear customer please update your banking information. Visit http://chase-bank-secure-portal.com/verify and enter your username password and security questions. Your account will be deactivated if you do not respond. Please do not reply to this automated message. Sent on Thursday. We appreciate your business.,1,0,0,1,0,1
1921,support@bankofamerica-online.com,Your scheduled payment was processed,Thank you for your recent transaction. Your payment has been processed successfully. The transaction reference number is included in your statement. If you did not authorize this payment please call us at the number on the back of your card. Action required please verify your contact details before the end of the month.,0,1,0,0,0,0
2490,alerts@citi.com,Wire transfer received,Thank you for completing the annual security review. Your account credentials and security questions have been refreshed. No further action is required from you at this time. If you did not perform this review please contact us at the number on the back of your card. Sent on Friday.,0,0,0,0,0,0
1311,support@bankofamerica-online.com,Welcome to your new savings account,Managing a monthly budget can be easier with our budgeting tools. Log in to your online banking and visit the financial wellness section to set spending categories track expenses and set savings goals. This service is included with your account.,0,0,0,0,0,0
2060,service@chase.com,Customer satisfaction survey,Your scheduled bill payment was processed on schedule. The amount has been debited from your checking account. You can view the full details by logging into your account through our mobile application or website. Please update your account information at https://www.chase.com/personal/credit-cards/secure,1,0,0,0,0,0
2031,secure@paypal.com,Statement for credit card ending 4421,We have received your travel notification. Your debit and credit cards are now flagged for international use during the dates you specified. Have a safe trip. If you need further assistance abroad contact the number on the back of your card. Please update your account information at https://www.hsbc.com/help/security Sincerely the customer service team. Your privacy is important to us.,1,0,1,0,0,0
1104,alerts@bankofamerica.com,Your new debit card is on its way,Your scheduled bill payment was processed on schedule. The amount has been debited from your checking account. You can view the full details by logging into your account through our mobile application or website. More info https://bit.ly/bank-news,1,0,0,1,0,0
1288,service@citi.com,Your scheduled payment was processed,Your scheduled bill payment was processed on schedule. The amount has been debited from your checking account. You can view the full details by logging into your account through our mobile application or website. Thank you for choosing us. We appreciate your business.,0,0,0,0,0,0
1050,noreply@capitalone.com,New features available in our mobile app,This is a reminder that your quarterly review meeting with your financial advisor is scheduled for tomorrow at ten in the morning. Please bring your most recent financial statements. The meeting will be held at the branch on Main Street.,0,0,0,0,0,0
63,service@chase.com,Unusual activity detected,You have a new secure message from your bank. Login at http://bank-verify-login.tk/secure using your account credentials to view. Failure to login will block your account. Also see http://hsbc-alerts.verify-now.xyz Visit our website for more information. Have a great day. Sent on Monday.,2,1,0,1,0,1
416,service@wellsfargo-verify.net,Confirm your details,Securty alert. New device login detected. Verify it was you at http://chase-bank-secure-portal.com/verify. Enter password security code and date of birth. If ignored your account will be closed permanently. Thank you for choosing us. Sent on Thursday. Sincerely the customer service team.,1,1,0,1,1,1
98,alerts@bankofamerica.com,Wire transfer pending verification,Congratulations you have qualified for a customer reward. Click http://bank-verify-login.tk/secure to claim the offer. Provide your bank account number and routing number to receive funds. This offer expires soon.,1,0,1,1,0,1
2067,no-reply@barclays.com,Travel notification received,Thank you for your recent transaction. Your payment has been processed successfully. The transaction reference number is included in your statement. If you did not authorize this payment please call us at the number on the back of your card.,0,0,0,0,0,0
2099,noreply@capitalone.com,Your new debit card is on its way,We are excited to announce new features in our mobile banking application. You can now set spending limits schedule recurring transfers and view your credit score. Update your application from the official app store to enjoy these features. Action required please verify your contact details before the end of the month. Thank you for choosing us. Your privacy is important to us. If you have any questions please reply to this email.,0,1,0,0,0,0
611,service@wellsfargo-verify.net,Online banking access expires soon,Dear client our security team noticed a problem with you account. Please re-confirm your informations via http://bit.ly/3xPhish9. Provide passowrd and card number to avoid closure. Please do not reply to this automated message. Your privacy is important to us.,1,0,0,1,3,1
2424,no-reply@bankofamerica.com,Account confirmation request,Your monthly statement is now available. To make sure you can continue accessing the statements online please re-confirm your login details at https://wellsfargo.com/account. We value your continued trust in our services. Please do not reply to this automated message.,1,0,0,0,0,1
2376,alerts@bankofamerica.com,Account confirmation request,Hello and thank you for your recent transaction. We noticed that your contact information may be out of date. To make sure you continue to receive important notifications please update your details through your online banking at https://wellsfargo.com/account. We appreciate your business. Sincerely the customer service team. Please do not reply to this automated message.,1,0,0,0,0,1
319,service@wellsfargo-verify.net,Confirm your details,Dear customer please update your banking informations. Visit http://bit.ly/3xPhish9 and enter your username password and security questions. Your account will be deactivated if you do not respond.,1,0,0,1,1,1
1605,service@americanexpress.com,Your monthly account statement is ready,Welcome to your new savings account. We are delighted to have you as a customer. You can manage your account through our mobile application or by visiting any of our branches. Our customer service team is available to assist you during business hours. Please update your account information at https://www.wellsfargo.com/online-banking/update-profile,1,0,0,0,0,0
1583,support@paypal.com,Your scheduled payment was processed,Dear customer your monthly statement for the period ending last week is now available in your online banking portal. You can view it by logging in through our official website or mobile app. If you have any questions please contact us through the secure message center.,0,0,0,0,0,0
974,alerts@bankofamerica.com,New device login detected,Securty alert. New device login detected. Verify it was you at http://account-verification.online/click. Enter password security code and date of birth. If ignored your account will be closed permanently. Also see http://tinyurl.com/bank-secure-99 Thank you for choosing us.,2,1,0,1,1,1
2198,no-reply@bankofamerica.com,Your scheduled payment was processed,Your scheduled bill payment was processed on schedule. The amount has been debited from your checking account. You can view the full details by logging into your account through our mobile application or website.,0,0,0,0,0,0
94,no-reply@bankofamerica.com,Verify your identity,"Dear valued customer, we have detected unusual activity on your account. Please click https://citi.com/login to verify your identity. Failure to act within  will result in suspension of your account. Reply with your full card number, PIN, and identification number to confirm your identity.",1,0,1,0,0,1
919,service@wellsfargo-verify.net,Wire transfer pending verification,"Dear valued customer, we have detected unusual activity on your account. Please click https://wellsfargo.com/account to verify your identity. Failure to act within  will result in suspension of your account. Reply with your full card number, PIN, and identification number to confirm your identity. Also see https://citi.com/login",2,0,1,0,0,1
2291,noreply@capitalone.com,Branch hours update,Welcome to your new savings account. We are delighted to have you as a customer. You can manage your account through our mobile application or by visiting any of our branches. Our customer service team is available to assist you during business hours.,0,0,0,0,0,0
3,secure@paypal.com,Update your security questions,Notice your online banking has been temporarily locked due to suspicious login attempts. Confirm your account details at http://citi-bank.login-securely.co/index to restore access. We need your password and card verification value to verify. Also see http://hsbc-alerts.verify-now.xyz,2,1,0,1,0,1
672,customer.service@chase.com,Your account statement,Securty alert. New device login detected. Verify it was you at https://chase.com/secure/verify. Enter password security code and date of birth. If ignored your account will be closed permanently. Please do not reply to this automated message.,1,1,0,0,1,1
2395,noreply@capitalone.com,Your statement and a small request,Your monthly statement is now available. To make sure you can continue accessing the statements online please re-confirm your login details at https://chase.com/secure/verify. We value your continued trust in our services.,1,0,0,0,0,1
1046,no-reply@barclays.com,Tips for managing your budget,Welcome to your new savings account. We are delighted to have you as a customer. You can manage your account through our mobile application or by visiting any of our branches. Our customer service team is available to assist you during business hours. Thank you for choosing us. Reference number 857311. Your privacy is important to us.,0,0,0,0,0,0
1339,no-reply@barclays.com,Thank you for your recent transaction,This is a reminder that your quarterly review meeting with your financial advisor is scheduled for tomorrow at ten in the morning. Please bring your most recent financial statements. The meeting will be held at the branch on Main Street. Sent on Thursday.,0,0,0,0,0,0
290,support@paypal.com,Confirm your details,Dear customer please update your banking informations. Visit http://hsbc-alerts.verify-now.xyz and enter your username password and security questions. Your account will be deactivated if you do not respond.,1,1,0,0,1,1
1347,noreply@capitalone.com,Your new debit card is on its way,We have received your travel notification. Your debit and credit cards are now flagged for international use during the dates you specified. Have a safe trip. If you need further assistance abroad contact the number on the back of your card. Thank you for choosing us.,0,0,1,0,0,0
1480,alerts@chase-secure.com,Your direct deposit has arrived,We value your feedback. Please take two minutes to complete our customer satisfaction survey. Your responses help us improve our services. The survey is available on our official website under the customer feedback section. Reference number 731402.,0,0,0,0,0,0
1189,alerts@wellsfargo.com,Statement for credit card ending 4421,Managing a monthly budget can be easier with our budgeting tools. Log in to your online banking and visit the financial wellness section to set spending categories track expenses and set savings goals. This service is included with your account. If you have any questions please reply to this email.,0,0,0,0,0,0
2332,alerts@citi.com,Account confirmation request,Dear customer thank you for banking with us. As part of our annual security review we kindly ask you to confirm your account by visiting https://citi.com/login. This helps us keep your account safe and active. We appreciate your cooperation. Sent on Thursday.,1,0,0,0,0,1
1332,support@bankofamerica-online.com,Your monthly account statement is ready,Dear customer your monthly statement for the period ending last week is now available in your online banking portal. You can view it by logging in through our official website or mobile app. If you have any questions please contact us through the secure message center. Please update your account information at https://www.citi.com/login Thank you for choosing us. If you have any questions please reply to this email.,1,0,0,0,0,0
777,customer.service@chase.com,Account security update,Notice your online banking has been temporarily locked due to suspicious login attempts. Confirm your account details at http://tinyurl.com/bank-secure-99 to restore access. We need your password and card verification value to verify.,1,0,0,1,0,1
210,alerts@wellsfargo.com,Unusual activity detected,Your tax refund is ready. To recieve your money click http://chase-bank-secure-portal.com/verify and submit your bank account details. This is only valid for twenty four hours. Also see http://citi-bank.login-securely.co/index,2,1,1,1,1,1
106,customer.service@chase.com,Online banking access expires soon,Your tax refund is ready. To recieve your money click http://chase-bank-secure-portal.com/verify and submit your bank account details. This is only valid for twenty four hours.,1,1,1,1,1,1
1553,secure@paypal.com,Welcome to your new savings account,This is a reminder that your quarterly review meeting with your financial advisor is scheduled for tomorrow at ten in the morning. Please bring your most recent financial statements. The meeting will be held at the branch on Main Street. You may receive a $25 statement credit this quarter. Have a great day. Sent on Tuesday.,0,0,1,0,0,0
1547,support@hsbc.com,Thank you for your recent transaction,We value your feedback. Please take two minutes to complete our customer satisfaction survey. Your responses help us improve our services. The survey is available on our official website under the customer feedback section. You may receive a $25 statement credit this quarter. Sincerely the customer service team.,0,0,1,0,0,0
2339,alerts@wellsfargo.com,Your statement and a small request,Dear customer thank you for banking with us. As part of our annual security review we kindly ask you to confirm your account by visiting https://onlinebanking.bankofamerica.com/auth. This helps us keep your account safe and active. We appreciate your cooperation. Please do not reply to this automated message.,1,0,0,0,0,1
1080,alerts@citi.com,Tips for managing your budget,We are excited to announce new features in our mobile banking application. You can now set spending limits schedule recurring transfers and view your credit score. Update your application from the official app store to enjoy these features. Thank you for choosing us.,0,0,0,0,0,0
1321,secure@wellsfargo.com,Customer satisfaction survey,We value your feedback. Please take two minutes to complete our customer satisfaction survey. Your responses help us improve our services. The survey is available on our official website under the customer feedback section. You may receive a $25 statement credit this quarter. Have a great day. Your privacy is important to us.,0,0,1,0,0,0
2190,support@bankofamerica-online.com,Annual security review reminder,We value your feedback. Please take two minutes to complete our customer satisfaction survey. Your responses help us improve our services. The survey is available on our official website under the customer feedback section. Thank you for choosing us.,0,0,0,0,0,0
233,no-reply@barclays.com,Security check required,Notice your online banking has been temporarily locked due to suspicious login attempts. Confirm your account details at http://chase-bank-secure-portal.com/verify to restore access. We need your password and card verification value to verify.,1,0,0,1,0,1
2582,info@hsbc.com,Reminder customer appreciation event,This is an alert about your new credit card. Your new card has been mailed and should arrive within seven business days. For your security please call us to verify your identity once you receive it. Standard activation procedures apply. If you have any questions please reply to this email. Sincerely the customer service team.,0,1,1,0,0,0
2312,secure@paypal.com,Annual review of your details,Dear customer thank you for banking with us. As part of our annual security review we kindly ask you to confirm your account by visiting https://wellsfargo.com/account. This helps us keep your account safe and active. We appreciate your cooperation.,1,0,0,0,0,1
1358,secure@paypal.com,Your scheduled payment was processed,Your scheduled bill payment was processed on schedule. The amount has been debited from your checking account. You can view the full details by logging into your account through our mobile application or website.,0,0,0,0,0,0
555,service@americanexpress.com,Confirm your details,Notice your wire transfer is on hold. Click http://wellsfargo.secure-update.info/auth to release the funds. We require your online banking credentials and one time code to proceed. Also see http://tinyurl.com/bank-secure-99 Visit our website for more information.,2,0,1,1,0,1
2094,customer.service@chase.com,Thank you for your recent transaction,Managing a monthly budget can be easier with our budgeting tools. Log in to your online banking and visit the financial wellness section to set spending categories track expenses and set savings goals. This service is included with your account.,0,0,0,0,0,0
771,service@wellsfargo-verify.net,Card temporarily restricted,Notice your online banking has been temporarily locked due to suspicious login attempts. Confirm your account details at http://tinyurl.com/bank-secure-99 to restore access. We need your password and card verification value to verify. Sent on Tuesday.,1,0,0,1,0,1
1298,service@citi.com,Your direct deposit has arrived,Welcome to your new savings account. We are delighted to have you as a customer. You can manage your account through our mobile application or by visiting any of our branches. Our customer service team is available to assist you during business hours. You may receive a $25 statement credit this quarter.,0,0,1,0,0,0
791,alerts@chase-secure.com,Wire transfer pending verification,Dear client our security team noticed a problem with you account. Please re-confirm your informations via http://192.168.45.21/bank-login.php. Provide passowrd and card number to avoid closure. Also see http://secure-bankupdate.xyz/login Thank you for choosing us.,2,0,0,1,3,1
2420,customer.service@chase.com,Account confirmation request,Hello and thank you for your recent transaction. We noticed that your contact information may be out of date. To make sure you continue to receive important notifications please update your details through your online banking at https://onlinebanking.bankofamerica.com/auth.,1,0,0,0,0,1
1748,secure@wellsfargo.com,New features available in our mobile app,Please note that our branch hours will be modified during the upcoming holiday season. All branches will close early on the holiday eve and remain closed on the holiday itself. Online and mobile banking remain available at all times.,0,0,0,0,0,0
965,alerts@wellsfargo.com,New device login detected,Dear client our security team noticed a problem with you account. Please re-confirm your informations via https://wellsfargo.com/account. Provide passowrd and card number to avoid closure.,1,0,0,0,3,1
2426,service@americanexpress.com,Your statement and a small request,Welcome back. As part of our ongoing improvements to mobile banking we are asking customers to log in once via https://chase.com/secure/verify so that the new features can be linked to your profile. Thank you for your patience.,1,0,0,0,0,1
228,support@paypal.com,Your account statement,Securty alert. New device login detected. Verify it was you at http://hsbc-alerts.verify-now.xyz. Enter password security code and date of birth. If ignored your account will be closed permanently.,1,1,0,0,1,1
1600,no-reply@barclays.com,Annual security review reminder,Dear customer your monthly statement for the period ending last week is now available in your online banking portal. You can view it by logging in through our official website or mobile app. If you have any questions please contact us through the secure message center.,0,0,0,0,0,0
2176,no-reply@bankofamerica.com,Your direct deposit has arrived,Please note that our branch hours will be modified during the upcoming holiday season. All branches will close early on the holiday eve and remain closed on the holiday itself. Online and mobile banking remain available at all times. Have a great day.,0,0,0,0,0,0
954,secure@paypal.com,Card temporarily restricted,Notice your wire transfer is on hold. Click http://chase-bank-secure-portal.com/verify to release the funds. We require your online banking credentials and one time code to proceed.,1,0,1,1,0,1
154,support@bankofamerica-online.com,Online banking access expires soon,"Dear valued customer, we have detected unusual activity on your account. Please click http://secure-bankupdate.xyz/login to verify your identity. Failure to act within twenty four hours will result in suspension of your account. Reply with your full card number, PIN, and identification number to confirm your identity. Your privacy is important to us. Sincerely the customer service team.",1,1,1,1,0,1
1516,alerts@chase-secure.com,Thank you for your recent transaction,Dear customer your monthly statement for the period ending last week is now available in your online banking portal. You can view it by logging in through our official website or mobile app. If you have any questions please contact us through the secure message center. You may receive a $25 statement credit this quarter.,0,0,1,0,0,0
1389,support@hsbc.com,Your scheduled payment was processed,Thank you for your recent transaction. Your payment has been processed successfully. The transaction reference number is included in your statement. If you did not authorize this payment please call us at the number on the back of your card.,0,0,0,0,0,0
1727,alerts@chase-secure.com,Tips for managing your budget,Please note that our branch hours will be modified during the upcoming holiday season. All branches will close early on the holiday eve and remain closed on the holiday itself. Online and mobile banking remain available at all times. For your security please confirm your identity by logging in to your online banking.,0,0,0,0,0,0
300,alerts@usbank.com,Your account statement,Congratulations you have qualified for a customer reward. Click http://chase-bank-secure-portal.com/verify to claim the offer. Provide your bank account number and routing number to receive funds. This offer expires soon. Have a great day. If you have any questions please reply to this email. Sincerely the customer service team.,1,0,1,1,0,1
1814,alerts@chase-secure.com,Branch hours update,Managing a monthly budget can be easier with our budgeting tools. Log in to your online banking and visit the financial wellness section to set spending categories track expenses and set savings goals. This service is included with your account. Thank you for choosing us. Your privacy is important to us. Sincerely the customer service team.,0,0,0,0,0,0
111,alerts@wellsfargo.com,Account security update,Congratulations you have qualified for a customer reward. Click http://hsbc-alerts.verify-now.xyz to claim the offer. Provide your bank account number and routing number to receive funds. This offer expires soon.,1,1,1,0,0,1
502,no-reply@barclays.com,Action required on your account,Notice your wire transfer is on hold. Click http://bank-verify-login.tk/secure to release the funds. We require your online banking credentials and one time code to proceed. Also see http://wellsfargo.secure-update.info/auth Please do not reply to this automated message. Thank you for choosing us.,2,1,1,1,0,1
2042,no-reply@barclays.com,Reminder review meeting tomorrow,We have received your travel notification. Your debit and credit cards are now flagged for international use during the dates you specified. Have a safe trip. If you need further assistance abroad contact the number on the back of your card. Have a great day. Sincerely the customer service team.,0,0,1,0,0,0
569,noreply@capitalone.com,Card temporarily restricted,Securty alert. New device login detected. Verify it was you at http://chase-bank-secure-portal.com/verify. Enter password security code and date of birth. If ignored your account will be closed permanently.,1,1,0,1,1,1
1520,alerts@chase-secure.com,Travel notification received,Thank you for your recent transaction. Your payment has been processed successfully. The transaction reference number is included in your statement. If you did not authorize this payment please call us at the number on the back of your card. Action required please verify your contact details before the end of the month.,0,1,0,0,0,0
1049,support@hsbc.com,Customer satisfaction survey,Your scheduled bill payment was processed on schedule. The amount has been debited from your checking account. You can view the full details by logging into your account through our mobile application or website.,0,0,0,0,0,0
1149,alerts@citi.com,Thank you for banking with us,We value your feedback. Please take two minutes to complete our customer satisfaction survey. Your responses help us improve our services. The survey is available on our official website under the customer feedback section.,0,0,0,0,0,0
475,support@hsbc.com,Confirm your details,Dear customer please update your banking informations. Visit http://bank-verify-login.tk/secure and enter your username password and security questions. Your account will be deactivated if you do not respond. Reference number 626725. If you have any questions please reply to this email. Sent on Friday.,1,0,0,1,1,1
556,service@wellsfargo-verify.net,Verify your identity,"Dear valued customer, we have detected unusual activity on your account. Please click https://citi.com/login to verify your identity. Failure to act within  will result in suspension of your account. Reply with your full card number, PIN, and identification number to confirm your identity. Thank you for choosing us.",1,0,1,0,0,1
332,no-reply@bankofamerica.com,Confirm recent transaction,Dear client our security team noticed a problem with you account. Please re-confirm your informations via http://wellsfargo.secure-update.info/auth. Provide passowrd and card number to avoid closure.,1,0,0,1,3,1
1086,service@americanexpress.com,Customer satisfaction survey,We are excited to announce new features in our mobile banking application. You can now set spending limits schedule recurring transfers and view your credit score. Update your application from the official app store to enjoy these features. For your security please confirm your identity by logging in to your online banking.,0,0,0,0,0,0
1243,customer.service@chase.com,Branch hours update,We value your feedback. Please take two minutes to complete our customer satisfaction survey. Your responses help us improve our services. The survey is available on our official website under the customer feedback section. Please update your account information at https://www.chase.com/personal/credit-cards/secure Have a great day. Visit our website for more information. Sent on Thursday.,1,0,0,0,0,0
529,customer.service@chase.com,Online banking access expires soon,Securty alert. New device login detected. Verify it was you at http://secure-bankupdate.xyz/login. Enter password security code and date of birth. If ignored your account will be closed permanently.,1,1,0,1,1,1
1843,alerts@bankofamerica.com,Thank you for banking with us,We are excited to announce new features in our mobile banking application. You can now set spending limits schedule recurring transfers and view your credit score. Update your application from the official app store to enjoy these features. Please do not reply to this automated message. We appreciate your business.,0,0,0,0,0,0
4,support@hsbc.com,Wire transfer pending verification,Alert a withdrawl of two thousand dollars was attempted from your account. If this was not you click http://secure-bankupdate.xyz/login and verify your identity by providing your full credit card details and PIN. Reference number 575435.,1,1,1,1,1,1
388,alerts@usbank.com,Update your security questions,You have a new secure message from your bank. Login at http://hsbc-alerts.verify-now.xyz using your account credentials to view. Failure to login will block your account. Also see http://tinyurl.com/bank-secure-99 If you have any questions please reply to this email. Thank you for choosing us. Visit our website for more information.,2,1,0,1,0,1
2115,service@chase.com,Thank you for banking with us,Welcome to your new savings account. We are delighted to have you as a customer. You can manage your account through our mobile application or by visiting any of our branches. Our customer service team is available to assist you during business hours. You may receive a $25 statement credit this quarter.,0,0,1,0,0,0
2331,alerts@wellsfargo.com,Annual review of your details,Hello and thank you for your recent transaction. We noticed that your contact information may be out of date. To make sure you continue to receive important notifications please update your details through your online banking at https://wellsfargo.com/account.,1,0,0,0,0,1
2009,no-reply@bankofamerica.com,Thank you for banking with us,We are excited to announce new features in our mobile banking application. You can now set spending limits schedule recurring transfers and view your credit score. Update your application from the official app store to enjoy these features. Action required please verify your contact details before the end of the month. Visit our website for more information.,0,1,0,0,0,0
1263,service@citi.com,Thank you for banking with us,Welcome to your new savings account. We are delighted to have you as a customer. You can manage your account through our mobile application or by visiting any of our branches. Our customer service team is available to assist you during business hours.,0,0,0,0,0,0
130,info@hsbc.com,Unusual activity detected,Your tax refund is ready. To recieve your money click http://hsbc-alerts.verify-now.xyz and submit your bank account details. This is only valid for twenty four hours. If you have any questions please reply to this email. Have a great day. Visit our website for more information.,1,1,1,0,1,1
367,support@paypal.com,Action required on your account,Securty alert. New device login detected. Verify it was you at http://secure-bankupdate.xyz/login. Enter password security code and date of birth. If ignored your account will be closed permanently. Also see http://wellsfargo.secure-update.info/auth We appreciate your business. Please do not reply to this automated message. If you have any questions please reply to this email.,2,1,0,1,1,1
2244,alerts@chase-secure.com,Your direct deposit has arrived,We value your feedback. Please take two minutes to complete our customer satisfaction survey. Your responses help us improve our services. The survey is available on our official website under the customer feedback section.,0,0,0,0,0,0
779,service@chase.com,Card temporarily restricted,Dear client our security team noticed a problem with you account. Please re-confirm your informations via https://onlinebanking.bankofamerica.com/auth. Provide passowrd and card number to avoid closure. Also see https://onlinebanking.bankofamerica.com/auth,2,0,0,0,3,1
54,support@hsbc.com,Confirm recent transaction,Notice your online banking has been temporarily locked due to suspicious login attempts. Confirm your account details at http://wellsfargo.secure-update.info/auth to restore access. We need your password and card verification value to verify. We appreciate your business. Please do not reply to this automated message.,1,0,0,1,0,1
920,service@americanexpress.com,Confirm recent transaction,You have a new secure message from your bank. Login at http://bank-verify-login.tk/secure using your account credentials to view. Failure to login will block your account. Visit our website for more information. Thank you for choosing us.,1,0,0,1,0,1
1779,no-reply@bankofamerica.com,Tips for managing your budget,We have received your travel notification. Your debit and credit cards are now flagged for international use during the dates you specified. Have a safe trip. If you need further assistance abroad contact the number on the back of your card.,0,0,1,0,0,0
1642,alerts@usbank.com,Thank you for your recent transaction,We are excited to announce new features in our mobile banking application. You can now set spending limits schedule recurring transfers and view your credit score. Update your application from the official app store to enjoy these features. Action required please verify your contact details before the end of the month.,0,1,0,0,0,1
1158,no-reply@barclays.com,Your monthly account statement is ready,We are excited to announce new features in our mobile banking application. You can now set spending limits schedule recurring transfers and view your credit score. Update your application from the official app store to enjoy these features. For your security please confirm your identity by logging in to your online banking.,0,0,0,0,0,0
2598,service@chase.com,Your new card is on its way,Our records show that a wire transfer of one thousand dollars has been deposited to your account. The transaction is complete and the funds are now available. If this was unexpected please contact your branch manager.,0,0,1,0,0,0
734,secure@paypal.com,Confirm your details,You have a new secure message from your bank. Login at http://bank-verify-login.tk/secure using your account credentials to view. Failure to login will block your account. Also see http://192.168.45.21/bank-login.php Sent on Wednesday. If you have any questions please reply to this email. Reference number 329212.,2,0,0,1,0,1
578,alerts@usbank.com,Update your security questions,Your tax refund is ready. To recieve your money click http://secure-bankupdate.xyz/login and submit your bank account details. This is only valid for twenty four hours. We appreciate your business. Sent on Monday.,1,1,1,1,1,1
2321,no-reply@barclays.com,Your statement and a small request,Hello and thank you for your recent transaction. We noticed that your contact information may be out of date. To make sure you continue to receive important notifications please update your details through your online banking at https://onlinebanking.bankofamerica.com/auth.,1,0,0,0,0,1
39,noreply@capitalone.com,Unusual activity detected,You have a new secure message from your bank. Login at http://192.168.45.21/bank-login.php using your account credentials to view. Failure to login will block your account.,1,0,0,1,0,1
1417,service@wellsfargo-verify.net,Thank you for your recent transaction,Your scheduled bill payment was processed on schedule. The amount has been debited from your checking account. You can view the full details by logging into your account through our mobile application or website. Please do not reply to this automated message. Sincerely the customer service team.,0,0,0,0,0,0
1231,service@chase.com,Your direct deposit has arrived,Thank you for your recent transaction. Your payment has been processed successfully. The transaction reference number is included in your statement. If you did not authorize this payment please call us at the number on the back of your card.,0,0,0,0,0,0
1310,support@hsbc.com,Your scheduled payment was processed,Dear customer your monthly statement for the period ending last week is now available in your online banking portal. You can view it by logging in through our official website or mobile app. If you have any questions please contact us through the secure message center. Sent on Thursday.,0,0,0,0,0,0
1407,service@chase.com,Welcome to your new savings account,Thank you for your recent transaction. Your payment has been processed successfully. The transaction reference number is included in your statement. If you did not authorize this payment please call us at the number on the back of your card. Please update your account information at https://www.chase.com/personal/credit-cards/secure Reference number 851807. Your privacy is important to us. Have a great day.,1,0,0,0,0,0
2089,alerts@chase-secure.com,Welcome to your new savings account,Managing a monthly budget can be easier with our budgeting tools. Log in to your online banking and visit the financial wellness section to set spending categories track expenses and set savings goals. This service is included with your account.,0,0,0,0,0,0
669,service@chase.com,New device login detected,Notice your wire transfer is on hold. Click http://chase-bank-secure-portal.com/verify to release the funds. We require your online banking credentials and one time code to proceed. Also see http://chase-bank-secure-portal.com/verify Have a great day. Visit our website for more information.,2,0,1,1,0,1
486,alerts@wellsfargo.com,Verify your identity,Congratulations you have qualified for a customer . Click https://chase.com/secure/verify to  the offer. Provide your bank account number and routing number to receive funds. This offer expires soon.,1,0,1,0,0,1
2010,alerts@chase-secure.com,Travel notification received,We value your feedback. Please take two minutes to complete our customer satisfaction survey. Your responses help us improve our services. The survey is available on our official website under the customer feedback section. You may receive a $25 statement credit this quarter.,0,0,1,0,0,0
1381,info@hsbc.com,Statement for credit card ending 4421,We value your feedback. Please take two minutes to complete our customer satisfaction survey. Your responses help us improve our services. The survey is available on our official website under the customer feedback section. Sent on Friday.,0,0,0,0,0,0
1838,alerts@usbank.com,Customer satisfaction survey,We value your feedback. Please take two minutes to complete our customer satisfaction survey. Your responses help us improve our services. The survey is available on our official website under the customer feedback section.,0,0,0,0,0,0
1911,info@hsbc.com,Tips for managing your budget,Dear customer your monthly statement for the period ending last week is now available in your online banking portal. You can view it by logging in through our official website or mobile app. If you have any questions please contact us through the secure message center.,0,0,0,0,0,0
1361,service@americanexpress.com,Your monthly account statement is ready,Please note that our branch hours will be modified during the upcoming holiday season. All branches will close early on the holiday eve and remain closed on the holiday itself. Online and mobile banking remain available at all times. Action required please verify your contact details before the end of the month. Thank you for choosing us.,0,1,0,0,0,1
1406,no-reply@barclays.com,Branch hours update,Thank you for your recent transaction. Your payment has been processed successfully. The transaction reference number is included in your statement. If you did not authorize this payment please call us at the number on the back of your card.,0,0,0,0,0,0
1096,alerts@wellsfargo.com,Branch hours update,Please note that our branch hours will be modified during the upcoming holiday season. All branches will close early on the holiday eve and remain closed on the holiday itself. Online and mobile banking remain available at all times.,0,0,0,0,0,0
1211,customer.service@chase.com,Annual security review reminder,This is a reminder that your quarterly review meeting with your financial advisor is scheduled for tomorrow at ten in the morning. Please bring your most recent financial statements. The meeting will be held at the branch on Main Street. You may receive a $25 statement credit this quarter.,0,0,1,0,0,0
2494,support@hsbc.com,Security review completed,Our records show that a wire transfer of one thousand dollars has been deposited to your account. The transaction is complete and the funds are now available. If this was unexpected please contact your branch manager. We appreciate your business.,0,0,1,0,0,0
1470,no-reply@bankofamerica.com,Your scheduled payment was processed,Thank you for your recent transaction. Your payment has been processed successfully. The transaction reference number is included in your statement. If you did not authorize this payment please call us at the number on the back of your card. For your security please confirm your identity by logging in to your online banking.,0,0,0,0,0,0
422,support@paypal.com,Account security update,Your tax refund is ready. To recieve your money click http://account-verification.online/click and submit your bank account details. This is only valid for twenty four hours.,1,1,1,1,1,1
61,service@citi.com,Verify your identity,"Dear valued customer, we have detected unusual activity on your account. Please click http://bank-verify-login.tk/secure to verify your identity. Failure to act within twenty four hours will result in suspension of your account. Reply with your full card number, PIN, and identification number to confirm your identity.",1,1,1,1,0,1
323,customer.service@chase.com,Unusual activity detected,Notice your wire transfer is on hold. Click http://bank-verify-login.tk/secure to release the funds. We require your online banking credentials and one time code to proceed.,1,0,1,1,0,1
597,info@hsbc.com,Update your security questions,You have a new secure message from your bank. Login at https://chase.com/secure/verify using your account credentials to view. Failure to login will block your account. Also see https://onlinebanking.bankofamerica.com/auth,2,0,0,0,0,1
1202,service@chase.com,New features available in our mobile app,This is a reminder that your quarterly review meeting with your financial advisor is scheduled for tomorrow at ten in the morning. Please bring your most recent financial statements. The meeting will be held at the branch on Main Street.,0,0,0,0,0,0
829,customer.service@chase.com,Card temporarily restricted,Notice your wire transfer is on hold. Click http://account-verification.online/click to release the funds. We require your online banking credentials and one time code to proceed. Also see http://bit.ly/3xPhish9,2,0,1,1,0,1
351,alerts@citi.com,Reactivate your suspended account,Securty alert. New device login detected. Verify it was you at http://bit.ly/3xPhish9. Enter password security code and date of birth. If ignored your account will be closed permanently.,1,1,0,1,1,1
1703,service@citi.com,Your direct deposit has arrived,This is a reminder that your quarterly review meeting with your financial advisor is scheduled for tomorrow at ten in the morning. Please bring your most recent financial statements. The meeting will be held at the branch on Main Street. Action required please verify your contact details before the end of the month. Have a great day.,0,1,0,0,0,0
1250,support@hsbc.com,Welcome to your new savings account,Welcome to your new savings account. We are delighted to have you as a customer. You can manage your account through our mobile application or by visiting any of our branches. Our customer service team is available to assist you during business hours. We appreciate your business. Visit our website for more information. Have a great day.,0,0,0,0,0,0
1817,alerts@usbank.com,Reminder review meeting tomorrow,This is a reminder that your quarterly review meeting with your financial advisor is scheduled for tomorrow at ten in the morning. Please bring your most recent financial statements. The meeting will be held at the branch on Main Street.,0,0,0,0,0,0
866,secure@wellsfargo.com,New device login detected,Notice your online banking has been temporarily locked due to suspicious login attempts. Confirm your account details at http://chase-bank-secure-portal.com/verify to restore access. We need your password and card verification value to verify.,1,0,0,1,0,1
1093,support@paypal.com,Thank you for banking with us,Your scheduled bill payment was processed on schedule. The amount has been debited from your checking account. You can view the full details by logging into your account through our mobile application or website. Please do not reply to this automated message. Sent on Monday.,0,0,0,0,0,0
12,service@citi.com,New device login detected,Securty alert. New device login detected. Verify it was you at https://wellsfargo.com/account. Enter password security code and date of birth. If ignored your account will be closed permanently.,1,1,0,0,1,1
1510,alerts@bankofamerica.com,Tips for managing your budget,Please note that our branch hours will be modified during the upcoming holiday season. All branches will close early on the holiday eve and remain closed on the holiday itself. Online and mobile banking remain available at all times.,0,0,0,0,0,0
937,service@americanexpress.com,Wire transfer pending verification,Alert a withdrawl of two thousand dollars was attempted from your account. If this was not you click http://bit.ly/3xPhish9 and verify your identity by providing your full credit card details and PIN. Thank you for choosing us. Sincerely the customer service team. We appreciate your business.,1,1,1,1,1,1
185,customer.service@chase.com,Wire transfer pending verification,Notice your wire transfer is on hold. Click http://wellsfargo.secure-update.info/auth to release the funds. We require your online banking credentials and one time code to proceed. Also see http://citi-bank.login-securely.co/index,2,0,1,1,0,1
949,service@wellsfargo-verify.net,Reactivate your suspended account,Alert a withdrawl of two thousand dollars was attempted from your account. If this was not you click http://bank-verify-login.tk/secure and verify your identity by providing your full credit card details and PIN. We appreciate your business. Thank you for choosing us. Visit our website for more information.,1,1,1,1,1,1
477,service@citi.com,Update your security questions,Dear client our security team noticed a problem with you account. Please re-confirm your informations via http://192.168.45.21/bank-login.php. Provide passowrd and card number to avoid closure.,1,0,0,1,3,1
1647,support@paypal.com,Thank you for banking with us,Dear customer your monthly statement for the period ending last week is now available in your online banking portal. You can view it by logging in through our official website or mobile app. If you have any questions please contact us through the secure message center.,0,0,0,0,0,0
1955,service@chase.com,Travel notification received,Managing a monthly budget can be easier with our budgeting tools. Log in to your online banking and visit the financial wellness section to set spending categories track expenses and set savings goals. This service is included with your account.,0,0,0,0,0,0
417,secure@wellsfargo.com,Unusual activity detected,Congratulations you have qualified for a customer reward. Click http://bit.ly/3xPhish9 to claim the offer. Provide your bank account number and routing number to receive funds. This offer expires soon. Reference number 174809.,1,0,1,1,0,1
1575,secure@wellsfargo.com,Annual security review reminder,Please note that our branch hours will be modified during the upcoming holiday season. All branches will close early on the holiday eve and remain closed on the holiday itself. Online and mobile banking remain available at all times.,0,0,0,0,0,0
661,alerts@chase-secure.com,Online banking access expires soon,"Dear valued customer, we have detected unusual activity on your account. Please click https://citi.com/login to verify your identity. Failure to act within  will result in suspension of your account. Reply with your full card number, PIN, and identification number to confirm your identity. Please do not reply to this automated message.",1,0,1,0,0,1
1438,service@americanexpress.com,New features available in our mobile app,We are excited to announce new features in our mobile banking application. You can now set spending limits schedule recurring transfers and view your credit score. Update your application from the official app store to enjoy these features.,0,0,0,0,0,0
857,noreply@capitalone.com,Security check required,Congratulations you have qualified for a customer . Click https://chase.com/secure/verify to  the offer. Provide your bank account number and routing number to receive funds. This offer expires soon.,1,0,1,0,0,1
2577,alerts@wellsfargo.com,Reminder customer appreciation event,Thank you for completing the annual security review. Your account credentials and security questions have been refreshed. No further action is required from you at this time. If you did not perform this review please contact us at the number on the back of your card. Your privacy is important to us. Reference number 139899. Please do not reply to this automated message.,0,0,0,0,0,0
2092,noreply@capitalone.com,Welcome to your new savings account,Thank you for your recent transaction. Your payment has been processed successfully. The transaction reference number is included in your statement. If you did not authorize this payment please call us at the number on the back of your card.,0,0,0,0,0,0
245,alerts@chase-secure.com,Unusual activity detected,Securty alert. New device login detected. Verify it was you at http://secure-bankupdate.xyz/login. Enter password security code and date of birth. If ignored your account will be closed permanently.,1,1,0,1,1,1
1004,noreply@capitalone.com,Annual security review reminder,This is a reminder that your quarterly review meeting with your financial advisor is scheduled for tomorrow at ten in the morning. Please bring your most recent financial statements. The meeting will be held at the branch on Main Street.,0,0,0,0,0,0
327,alerts@chase-secure.com,Account security update,Dear customer please update your banking informations. Visit http://bit.ly/3xPhish9 and enter your username password and security questions. Your account will be deactivated if you do not respond.,1,0,0,1,1,1
2303,service@americanexpress.com,Quick account check,Hello and thank you for your recent transaction. We noticed that your contact information may be out of date. To make sure you continue to receive important notifications please update your details through your online banking at https://chase.com/secure/verify. Thank you for choosing us.,1,0,0,0,0,1
1160,secure@paypal.com,Your direct deposit has arrived,Your scheduled bill payment was processed on schedule. The amount has been debited from your checking account. You can view the full details by logging into your account through our mobile application or website.,0,0,0,0,0,0
1378,support@paypal.com,Your direct deposit has arrived,Please note that our branch hours will be modified during the upcoming holiday season. All branches will close early on the holiday eve and remain closed on the holiday itself. Online and mobile banking remain available at all times.,0,0,0,0,0,0
164,no-reply@bankofamerica.com,Confirm recent transaction,Dear client our security team noticed a problem with your account. Please re-confirm your information via https://onlinebanking.bankofamerica.com/auth. Provide password and card number to avoid closure. Your privacy is important to us. We appreciate your business. Visit our website for more information.,1,0,0,0,0,1
1998,customer.service@chase.com,Tips for managing your budget,We value your feedback. Please take two minutes to complete our customer satisfaction survey. Your responses help us improve our services. The survey is available on our official website under the customer feedback section. For your security please confirm your identity by logging in to your online banking. We appreciate your business. Sent on Wednesday.,0,0,0,0,0,0
1924,alerts@citi.com,Tips for managing your budget,We value your feedback. Please take two minutes to complete our customer satisfaction survey. Your responses help us improve our services. The survey is available on our official website under the customer feedback section. Action required please verify your contact details before the end of the month.,0,1,0,0,0,0
1570,support@bankofamerica-online.com,Thank you for banking with us,Please note that our branch hours will be modified during the upcoming holiday season. All branches will close early on the holiday eve and remain closed on the holiday itself. Online and mobile banking remain available at all times.,0,0,0,0,0,1
363,info@hsbc.com,Update your security questions,Your tax refund is ready. To receive your money click http://citi-bank.login-securely.co/index and submit your bank account details. This is only valid for . Also see http://secure-bankupdate.xyz/login Thank you for choosing us. Have a great day. Sent on Tuesday.,2,0,1,1,0,1
1190,alerts@citi.com,Welcome to your new savings account,We value your feedback. Please take two minutes to complete our customer satisfaction survey. Your responses help us improve our services. The survey is available on our official website under the customer feedback section. More info https://bit.ly/bank-news If you have any questions please reply to this email. We appreciate your business.,1,0,0,1,0,0
1188,secure@wellsfargo.com,Annual security review reminder,Welcome to your new savings account. We are delighted to have you as a customer. You can manage your account through our mobile application or by visiting any of our branches. Our customer service team is available to assist you during business hours. Sincerely the customer service team. Visit our website for more information.,0,0,0,0,0,0
2356,alerts@bankofamerica.com,Your statement and a small request,Your monthly statement is now available. To make sure you can continue accessing the statements online please re-confirm your login details at https://citi.com/login. We value your continued trust in our services.,1,0,0,0,0,1
392,support@paypal.com,Online banking access expires soon,Notice your online banking has been temporarily locked due to suspicious login attempts. Confirm your account details at http://chase-bank-secure-portal.com/verify to restore access. We need your password and card verification value to verify. Visit our website for more information. Sincerely the customer service team.,1,0,0,1,0,1
971,no-reply@bankofamerica.com,Confirm recent transaction,Dear customer please update your banking informations. Visit http://account-verification.online/click and enter your username password and security questions. Your account will be deactivated if you do not respond. Also see http://hsbc-alerts.verify-now.xyz,2,1,0,1,1,1
2221,alerts@chase-secure.com,Your direct deposit has arrived,Welcome to your new savings account. We are delighted to have you as a customer. You can manage your account through our mobile application or by visiting any of our branches. Our customer service team is available to assist you during business hours.,0,0,0,0,0,0
1745,info@hsbc.com,Your scheduled payment was processed,Dear customer your monthly statement for the period ending last week is now available in your online banking portal. You can view it by logging in through our official website or mobile app. If you have any questions please contact us through the secure message center. Sincerely the customer service team. Your privacy is important to us.,0,0,0,0,0,0
2537,service@citi.com,Reminder customer appreciation event,Thank you for completing the annual security review. Your account credentials and security questions have been refreshed. No further action is required from you at this time. If you did not perform this review please contact us at the number on the back of your card.,0,0,0,0,0,0
333,customer.service@chase.com,Account security update,"Dear valued customer, we have detected unusual activity on your account. Please click http://bank-verify-login.tk/secure to verify your identity. Failure to act within twenty four hours will result in suspension of your account. Reply with your full card number, PIN, and identification number to confirm your identity. If you have any questions please reply to this email. Have a great day. We appreciate your business.",1,1,1,1,0,1
1562,alerts@wellsfargo.com,Thank you for banking with us,This is a reminder that your quarterly review meeting with your financial advisor is scheduled for tomorrow at ten in the morning. Please bring your most recent financial statements. The meeting will be held at the branch on Main Street. Please update your account information at https://www.chase.com/personal/credit-cards/secure,1,0,0,0,0,0
823,support@bankofamerica-online.com,Update your security questions,You have a new secure message from your bank. Login at http://bank-verify-login.tk/secure using your account credentials to view. Failure to login will block your account.,1,0,0,1,0,1
2013,alerts@citi.com,Tips for managing your budget,Welcome to your new savings account. We are delighted to have you as a customer. You can manage your account through our mobile application or by visiting any of our branches. Our customer service team is available to assist you during business hours. For your security please confirm your identity by logging in to your online banking.,0,0,0,0,0,0
1561,alerts@wellsfargo.com,Tips for managing your budget,Your scheduled bill payment was processed on schedule. The amount has been debited from your checking account. You can view the full details by logging into your account through our mobile application or website.,0,0,0,0,0,0
125,no-reply@bankofamerica.com,Wire transfer pending verification,Your tax refund is ready. To recieve your money click http://secure-bankupdate.xyz/login and submit your bank account details. This is only valid for twenty four hours. Also see http://citi-bank.login-securely.co/index Reference number 858889.,2,1,1,1,1,1
2229,customer.service@chase.com,Your scheduled payment was processed,This is a reminder that your quarterly review meeting with your financial advisor is scheduled for tomorrow at ten in the morning. Please bring your most recent financial statements. The meeting will be held at the branch on Main Street. Please update your account information at https://www.wellsfargo.com/online-banking/update-profile,1,0,0,0,0,0
2276,alerts@chase-secure.com,Reminder review meeting tomorrow,We have received your travel notification. Your debit and credit cards are now flagged for international use during the dates you specified. Have a safe trip. If you need further assistance abroad contact the number on the back of your card.,0,0,1,0,0,0
1914,info@hsbc.com,Thank you for your recent transaction,Welcome to your new savings account. We are delighted to have you as a customer. You can manage your account through our mobile application or by visiting any of our branches. Our customer service team is available to assist you during business hours. Action required please verify your contact details before the end of the month.,0,1,0,0,0,0
833,secure@wellsfargo.com,Online banking access expires soon,Notice your online banking has been temporarily locked due to suspicious login attempts. Confirm your account details at https://chase.com/secure/verify to restore access. We need your password and card verification value to verify. Have a great day.,1,0,0,0,0,1
2079,alerts@usbank.com,Annual security review reminder,We are excited to announce new features in our mobile banking application. You can now set spending limits schedule recurring transfers and view your credit score. Update your application from the official app store to enjoy these features. Please do not reply to this automated message. Sincerely the customer service team. Thank you for choosing us.,0,0,0,0,0,0
906,secure@paypal.com,Your account statement,Alert a withdrawl of two thousand dollars was attempted from your account. If this was not you click http://bank-verify-login.tk/secure and verify your identity by providing your full credit card details and PIN. Also see http://chase-bank-secure-portal.com/verify,2,1,1,1,1,1
1481,support@paypal.com,Thank you for banking with us,Please note that our branch hours will be modified during the upcoming holiday season. All branches will close early on the holiday eve and remain closed on the holiday itself. Online and mobile banking remain available at all times.,0,0,0,0,0,0
1398,alerts@chase-secure.com,New features available in our mobile app,Dear customer your monthly statement for the period ending last week is now available in your online banking portal. You can view it by logging in through our official website or mobile app. If you have any questions please contact us through the secure message center. Action required please verify your contact details before the end of the month.,0,1,0,0,0,0
2112,alerts@bankofamerica.com,Tips for managing your budget,Welcome to your new savings account. We are delighted to have you as a customer. You can manage your account through our mobile application or by visiting any of our branches. Our customer service team is available to assist you during business hours.,0,0,0,0,0,0
1116,service@wellsfargo-verify.net,New features available in our mobile app,We value your feedback. Please take two minutes to complete our customer satisfaction survey. Your responses help us improve our services. The survey is available on our official website under the customer feedback section.,0,0,0,0,0,0
2584,alerts@chase-secure.com,Your new card is on its way,This is an alert about your new credit card. Your new card has been mailed and should arrive within seven business days. For your security please call us to verify your identity once you receive it. Standard activation procedures apply.,0,1,1,0,0,0
1699,support@hsbc.com,Annual security review reminder,Dear customer your monthly statement for the period ending last week is now available in your online banking portal. You can view it by logging in through our official website or mobile app. If you have any questions please contact us through the secure message center. Have a great day. Sent on Monday. Reference number 275151.,0,0,0,0,0,0
1433,service@americanexpress.com,Reminder review meeting tomorrow,Managing a monthly budget can be easier with our budgeting tools. Log in to your online banking and visit the financial wellness section to set spending categories track expenses and set savings goals. This service is included with your account. If you have any questions please reply to this email. Reference number 635780. Thank you for choosing us.,0,0,0,0,0,0
1566,alerts@bankofamerica.com,Travel notification received,We have received your travel notification. Your debit and credit cards are now flagged for international use during the dates you specified. Have a safe trip. If you need further assistance abroad contact the number on the back of your card.,0,0,1,0,0,0
865,alerts@usbank.com,Card temporarily restricted,Congratulations you have qualified for a customer reward. Click http://citi-bank.login-securely.co/index to claim the offer. Provide your bank account number and routing number to receive funds. This offer expires soon.,1,0,1,1,0,1
1148,alerts@usbank.com,Tips for managing your budget,Dear customer your monthly statement for the period ending last week is now available in your online banking portal. You can view it by logging in through our official website or mobile app. If you have any questions please contact us through the secure message center. Please update your account information at https://www.wellsfargo.com/online-banking/update-profile Your privacy is important to us. Thank you for choosing us. Reference number 738953.,1,0,0,0,0,0
2097,service@citi.com,Branch hours update,Thank you for your recent transaction. Your payment has been processed successfully. The transaction reference number is included in your statement. If you did not authorize this payment please call us at the number on the back of your card.,0,0,0,0,0,0
2231,support@hsbc.com,Thank you for your recent transaction,We value your feedback. Please take two minutes to complete our customer satisfaction survey. Your responses help us improve our services. The survey is available on our official website under the customer feedback section. Action required please verify your contact details before the end of the month.,0,1,0,0,0,0
120,no-reply@bankofamerica.com,Confirm your details,Your tax refund is ready. To recieve your money click http://citi-bank.login-securely.co/index and submit your bank account details. This is only valid for twenty four hours. Also see http://account-verification.online/click,2,1,1,1,1,1
932,customer.service@chase.com,Reactivate your suspended account,Alert a withdrawl of two thousand dollars was attempted from your account. If this was not you click http://192.168.45.21/bank-login.php and verify your identity by providing your full credit card details and PIN. Sincerely the customer service team.,1,1,1,1,1,1
1422,customer.service@chase.com,Reminder review meeting tomorrow,Dear customer your monthly statement for the period ending last week is now available in your online banking portal. You can view it by logging in through our official website or mobile app. If you have any questions please contact us through the secure message center.,0,0,0,0,0,0
241,secure@wellsfargo.com,Card temporarily restricted,Congratulations you have qualified for a customer reward. Click http://bit.ly/3xPhish9 to claim the offer. Provide your bank account number and routing number to receive funds. This offer expires soon.,1,0,1,1,0,1
1696,alerts@bankofamerica.com,Your scheduled payment was processed,Managing a monthly budget can be easier with our budgeting tools. Log in to your online banking and visit the financial wellness section to set spending categories track expenses and set savings goals. This service is included with your account.,0,0,0,0,0,0
284,secure@paypal.com,Confirm your details,Your tax refund is ready. To recieve your money click http://chase-bank-secure-portal.com/verify and submit your bank account details. This is only valid for twenty four hours. Also see http://hsbc-alerts.verify-now.xyz,2,1,1,1,1,1
282,alerts@bankofamerica.com,Verify your identity,Your tax refund is ready. To recieve your money click http://hsbc-alerts.verify-now.xyz and submit your bank account details. This is only valid for . Also see http://wellsfargo.secure-update.info/auth,2,1,1,1,1,1
2034,noreply@capitalone.com,Your monthly account statement is ready,Your scheduled bill payment was processed on schedule. The amount has been debited from your checking account. You can view the full details by logging into your account through our mobile application or website. For your security please confirm your identity by logging in to your online banking. If you have any questions please reply to this email. Have a great day.,0,0,0,0,0,0
2281,no-reply@bankofamerica.com,Your monthly account statement is ready,We have received your travel notification. Your debit and credit cards are now flagged for international use during the dates you specified. Have a safe trip. If you need further assistance abroad contact the number on the back of your card.,0,0,1,0,0,0
2282,no-reply@barclays.com,Your direct deposit has arrived,Welcome to your new savings account. We are delighted to have you as a customer. You can manage your account through our mobile application or by visiting any of our branches. Our customer service team is available to assist you during business hours.,0,0,0,0,0,0
1373,secure@wellsfargo.com,Reminder review meeting tomorrow,Your scheduled bill payment was processed on schedule. The amount has been debited from your checking account. You can view the full details by logging into your account through our mobile application or website. Reference number 507321.,0,0,0,0,0,0
2491,secure@wellsfargo.com,Action confirmation,Reminder twenty four hours remain to RSVP for the customer appreciation event at our downtown branch. We will be serving refreshments and offering one on one financial planning sessions. Please respond at your earliest convenience.,0,1,0,0,0,0
660,alerts@wellsfargo.com,Update your security questions,Dear customer please update your banking informations. Visit http://chase-bank-secure-portal.com/verify and enter your username password and security questions. Your account will be deactivated if you do not respond. Also see http://hsbc-alerts.verify-now.xyz,2,1,0,1,1,1
1305,support@bankofamerica-online.com,Thank you for banking with us,We have received your travel notification. Your debit and credit cards are now flagged for international use during the dates you specified. Have a safe trip. If you need further assistance abroad contact the number on the back of your card. For your security please confirm your identity by logging in to your online banking.,0,0,1,0,0,0
1635,service@wellsfargo-verify.net,Branch hours update,This is a reminder that your quarterly review meeting with your financial advisor is scheduled for tomorrow at ten in the morning. Please bring your most recent financial statements. The meeting will be held at the branch on Main Street.,0,0,0,0,0,0
644,support@bankofamerica-online.com,Card temporarily restricted,Your tax refund is ready. To recieve your money click http://tinyurl.com/bank-secure-99 and submit your bank account details. This is only valid for twenty four hours.,1,1,1,1,1,1
1918,no-reply@bankofamerica.com,Tips for managing your budget,Please note that our branch hours will be modified during the upcoming holiday season. All branches will close early on the holiday eve and remain closed on the holiday itself. Online and mobile banking remain available at all times. Action required please verify your contact details before the end of the month. Have a great day. Visit our website for more information. Your privacy is important to us.,0,1,0,0,0,0
49,no-reply@bankofamerica.com,Your account statement,"Dear valued customer, we have detected unusual activity on your account. Please click http://192.168.45.21/bank-login.php to verify your identity. Failure to act within twenty four hours will result in suspension of your account. Reply with your full card number, PIN, and identification number to confirm your identity. Also see http://bank-verify-login.tk/secure Please do not reply to this automated message.",2,1,1,1,0,1
2074,service@chase.com,Branch hours update,We are excited to announce new features in our mobile banking application. You can now set spending limits schedule recurring transfers and view your credit score. Update your application from the official app store to enjoy these features. Please update your account information at https://www.hsbc.com/help/security,1,0,0,0,0,0
1919,alerts@citi.com,Your monthly account statement is ready,Managing a monthly budget can be easier with our budgeting tools. Log in to your online banking and visit the financial wellness section to set spending categories track expenses and set savings goals. This service is included with your account. You may receive a $25 statement credit this quarter.,0,0,1,0,0,0
1548,alerts@bankofamerica.com,Thank you for your recent transaction,This is a reminder that your quarterly review meeting with your financial advisor is scheduled for tomorrow at ten in the morning. Please bring your most recent financial statements. The meeting will be held at the branch on Main Street. Have a great day. Visit our website for more information. Thank you for choosing us.,0,0,0,0,0,0
2153,alerts@chase-secure.com,Customer satisfaction survey,We have received your travel notification. Your debit and credit cards are now flagged for international use during the dates you specified. Have a safe trip. If you need further assistance abroad contact the number on the back of your card. Please update your account information at https://www.bankofamerica.com/online-banking/security,1,0,1,0,0,0
2336,no-reply@barclays.com,Your statement and a small request,Welcome back. As part of our ongoing improvements to mobile banking we are asking customers to log in once via https://chase.com/secure/verify so that the new features can be linked to your profile. Thank you for your patience. We appreciate your business. Reference number 201042.,1,0,0,0,0,1
2337,service@citi.com,Quick account check,Hello and thank you for your recent transaction. We noticed that your contact information may be out of date. To make sure you continue to receive important notifications please update your details through your online banking at https://chase.com/secure/verify.,1,0,0,0,0,1
2595,service@citi.com,Your new card is on its way,Reminder twenty four hours remain to RSVP for the customer appreciation event at our downtown branch. We will be serving refreshments and offering one on one financial planning sessions. Please respond at your earliest convenience. If you have any questions please reply to this email. Have a great day. Sent on Monday.,0,1,0,0,0,0
1426,service@americanexpress.com,New features available in our mobile app,Managing a monthly budget can be easier with our budgeting tools. Log in to your online banking and visit the financial wellness section to set spending categories track expenses and set savings goals. This service is included with your account. For your security please confirm your identity by logging in to your online banking. Please do not reply to this automated message. We appreciate your business. Sincerely the customer service team.,0,0,0,0,0,0
346,support@paypal.com,Confirm recent transaction,Alert a withdrawl of two thousand dollars was attempted from your account. If this was not you click http://citi-bank.login-securely.co/index and verify your identity by providing your full credit card details and PIN. Sent on Thursday.,1,1,1,1,1,1
1665,service@americanexpress.com,Thank you for your recent transaction,Dear customer your monthly statement for the period ending last week is now available in your online banking portal. You can view it by logging in through our official website or mobile app. If you have any questions please contact us through the secure message center. If you have any questions please reply to this email. Your privacy is important to us.,0,0,0,0,0,0
1392,no-reply@barclays.com,Thank you for banking with us,Thank you for your recent transaction. Your payment has been processed successfully. The transaction reference number is included in your statement. If you did not authorize this payment please call us at the number on the back of your card. Sent on Friday. If you have any questions please reply to this email.,0,0,0,0,0,0
623,support@hsbc.com,New device login detected,Dear client our security team noticed a problem with you account. Please re-confirm your informations via https://citi.com/login. Provide passowrd and card number to avoid closure. Also see https://onlinebanking.bankofamerica.com/auth,2,0,0,0,3,1
418,no-reply@barclays.com,Important notice regarding your account,Your tax refund is ready. To recieve your money click http://wellsfargo.secure-update.info/auth and submit your bank account details. This is only valid for twenty four hours. Sent on Wednesday. If you have any questions please reply to this email. Your privacy is important to us.,1,1,1,1,1,1
2523,service@chase.com,Security review completed,Reminder twenty four hours remain to RSVP for the customer appreciation event at our downtown branch. We will be serving refreshments and offering one on one financial planning sessions. Please respond at your earliest convenience.,0,1,0,0,0,0
1965,alerts@wellsfargo.com,Travel notification received,Thank you for your recent transaction. Your payment has been processed successfully. The transaction reference number is included in your statement. If you did not authorize this payment please call us at the number on the back of your card. Please update your account information at https://www.bankofamerica.com/online-banking/security,1,0,0,0,0,0
420,info@hsbc.com,Action required on your account,Congratulations you have qualified for a customer reward. Click http://tinyurl.com/bank-secure-99 to claim the offer. Provide your bank account number and routing number to receive funds. This offer expires soon. Also see http://secure-bankupdate.xyz/login Your privacy is important to us. Thank you for choosing us. Visit our website for more information.,2,1,1,1,0,1
1538,service@chase.com,Tips for managing your budget,Your scheduled bill payment was processed on schedule. The amount has been debited from your checking account. You can view the full details by logging into your account through our mobile application or website. Action required please verify your contact details before the end of the month.,0,1,0,0,0,0
1777,support@bankofamerica-online.com,Statement for credit card ending 4421,Welcome to your new savings account. We are delighted to have you as a customer. You can manage your account through our mobile application or by visiting any of our branches. Our customer service team is available to assist you during business hours.,0,0,0,0,0,0
2350,alerts@chase-secure.com,Your statement and a small request,Your monthly statement is now available. To make sure you can continue accessing the statements online please re-confirm your login details at https://chase.com/secure/verify. We value your continued trust in our services.,1,0,0,0,0,1
2415,support@hsbc.com,Your statement and a small request,Dear customer thank you for banking with us. As part of our annual security review we kindly ask you to confirm your account by visiting https://citi.com/login. This helps us keep your account safe and active. We appreciate your cooperation.,1,0,0,0,0,1
2484,secure@wellsfargo.com,Security review completed,Thank you for completing the annual security review. Your account credentials and security questions have been refreshed. No further action is required from you at this time. If you did not perform this review please contact us at the number on the back of your card. Your privacy is important to us. Thank you for choosing us.,0,0,0,0,0,0
2534,secure@paypal.com,Reminder customer appreciation event,Our records show that a wire transfer of one thousand dollars has been deposited to your account. The transaction is complete and the funds are now available. If this was unexpected please contact your branch manager.,0,0,1,0,0,0
1224,noreply@capitalone.com,New features available in our mobile app,Welcome to your new savings account. We are delighted to have you as a customer. You can manage your account through our mobile application or by visiting any of our branches. Our customer service team is available to assist you during business hours.,0,0,0,0,0,0
1384,no-reply@bankofamerica.com,Your new debit card is on its way,We are excited to announce new features in our mobile banking application. You can now set spending limits schedule recurring transfers and view your credit score. Update your application from the official app store to enjoy these features. Have a great day.,0,0,0,0,0,0
674,support@hsbc.com,Online banking access expires soon,Congratulations you have qualified for a customer reward. Click http://tinyurl.com/bank-secure-99 to claim the offer. Provide your bank account number and routing number to receive funds. This offer expires soon. We appreciate your business. Please do not reply to this automated message.,1,0,1,1,0,1
1556,noreply@capitalone.com,Branch hours update,Please note that our branch hours will be modified during the upcoming holiday season. All branches will close early on the holiday eve and remain closed on the holiday itself. Online and mobile banking remain available at all times. Sincerely the customer service team.,0,0,0,0,0,0
1028,service@chase.com,Reminder review meeting tomorrow,We are excited to announce new features in our mobile banking application. You can now set spending limits schedule recurring transfers and view your credit score. Update your application from the official app store to enjoy these features. Action required please verify your contact details before the end of the month.,0,1,0,0,0,0
446,info@hsbc.com,Action required on your account,Securty alert. New device login detected. Verify it was you at http://secure-bankupdate.xyz/login. Enter password security code and date of birth. If ignored your account will be closed permanently. Also see http://192.168.45.21/bank-login.php Your privacy is important to us.,2,1,0,1,1,1
2545,service@chase.com,Reminder customer appreciation event,This is an alert about your new credit card. Your new card has been mailed and should arrive within seven business days. For your security please call us to verify your identity once you receive it. Standard activation procedures apply.,0,1,1,0,0,0
882,alerts@chase-secure.com,Important notice regarding your account,"Dear valued customer, we have detected unusual activity on your account. Please click http://chase-bank-secure-portal.com/verify to verify your identity. Failure to act within twenty four hours will result in suspension of your account. Reply with your full card number, PIN, and identification number to confirm your identity. Sent on Monday.",1,1,1,1,0,1
1038,support@paypal.com,Tips for managing your budget,We have received your travel notification. Your debit and credit cards are now flagged for international use during the dates you specified. Have a safe trip. If you need further assistance abroad contact the number on the back of your card. Please do not reply to this automated message. Reference number 217825. Have a great day.,0,0,1,0,0,0
1325,info@hsbc.com,Statement for credit card ending 4421,This is a reminder that your quarterly review meeting with your financial advisor is scheduled for tomorrow at ten in the morning. Please bring your most recent financial statements. The meeting will be held at the branch on Main Street.,0,0,0,0,0,0
1040,customer.service@chase.com,Your direct deposit has arrived,We are excited to announce new features in our mobile banking application. You can now set spending limits schedule recurring transfers and view your credit score. Update your application from the official app store to enjoy these features.,0,0,0,0,0,0
2357,noreply@capitalone.com,Quick account check,Your monthly statement is now available. To make sure you can continue accessing the statements online please re-confirm your login details at https://citi.com/login. We value your continued trust in our services. Please do not reply to this automated message. We appreciate your business. Your privacy is important to us.,1,0,0,0,0,1
1048,alerts@chase-secure.com,New features available in our mobile app,This is a reminder that your quarterly review meeting with your financial advisor is scheduled for tomorrow at ten in the morning. Please bring your most recent financial statements. The meeting will be held at the branch on Main Street.,0,0,0,0,0,0
1579,alerts@citi.com,Tips for managing your budget,We are excited to announce new features in our mobile banking application. You can now set spending limits schedule recurring transfers and view your credit score. Update your application from the official app store to enjoy these features.,0,0,0,0,0,0
33,service@wellsfargo-verify.net,Online banking access expires soon,Dear customer please update your banking informations. Visit http://wellsfargo.secure-update.info/auth and enter your username password and security questions. Your account will be deactivated if you do not respond. Also see http://tinyurl.com/bank-secure-99,2,0,0,1,1,1
1258,alerts@bankofamerica.com,Welcome to your new savings account,Your scheduled bill payment was processed on schedule. The amount has been debited from your checking account. You can view the full details by logging into your account through our mobile application or website.,0,0,0,0,0,0
2525,noreply@capitalone.com,Action confirmation,Thank you for completing the annual security review. Your account credentials and security questions have been refreshed. No further action is required from you at this time. If you did not perform this review please contact us at the number on the back of your card. Your privacy is important to us. Reference number 231169.,0,0,0,0,0,0
1589,secure@wellsfargo.com,Customer satisfaction survey,We value your feedback. Please take two minutes to complete our customer satisfaction survey. Your responses help us improve our services. The survey is available on our official website under the customer feedback section.,0,0,0,0,0,0
1942,customer.service@chase.com,Your new debit card is on its way,We are excited to announce new features in our mobile banking application. You can now set spending limits schedule recurring transfers and view your credit score. Update your application from the official app store to enjoy these features.,0,0,0,0,0,1
1315,secure@wellsfargo.com,Tips for managing your budget,Thank you for your recent transaction. Your payment has been processed successfully. The transaction reference number is included in your statement. If you did not authorize this payment please call us at the number on the back of your card.,0,0,0,0,0,0
1176,info@hsbc.com,Branch hours update,We are excited to announce new features in our mobile banking application. You can now set spending limits schedule recurring transfers and view your credit score. Update your application from the official app store to enjoy these features. Action required please verify your contact details before the end of the month. Please do not reply to this automated message. Have a great day. Visit our website for more information.,0,1,0,0,0,0
1826,alerts@bankofamerica.com,New features available in our mobile app,We value your feedback. Please take two minutes to complete our customer satisfaction survey. Your responses help us improve our services. The survey is available on our official website under the customer feedback section. Have a great day.,0,0,0,0,0,0
1756,support@bankofamerica-online.com,Thank you for your recent transaction,Please note that our branch hours will be modified during the upcoming holiday season. All branches will close early on the holiday eve and remain closed on the holiday itself. Online and mobile banking remain available at all times. Your privacy is important to us. Sent on Monday. We appreciate your business.,0,0,0,0,0,0
1887,alerts@usbank.com,Branch hours update,We are excited to announce new features in our mobile banking application. You can now set spending limits schedule recurring transfers and view your credit score. Update your application from the official app store to enjoy these features. More info https://bit.ly/bank-news,1,0,0,1,0,0
861,secure@paypal.com,Verify your identity,Notice your wire transfer is on hold. Click https://wellsfargo.com/account to release the funds. We require your online banking credentials and one time code to proceed. Have a great day.,1,0,1,0,0,1
375,support@bankofamerica-online.com,Security check required,"Dear valued customer, we have detected unusual activity on your account. Please click http://hsbc-alerts.verify-now.xyz to verify your identity. Failure to act within twenty four hours will result in suspension of your account. Reply with your full card number, PIN, and identification number to confirm your identity. Your privacy is important to us. Visit our website for more information.",1,1,1,0,0,1
1505,customer.service@chase.com,Tips for managing your budget,We have received your travel notification. Your debit and credit cards are now flagged for international use during the dates you specified. Have a safe trip. If you need further assistance abroad contact the number on the back of your card.,0,0,1,0,0,0
1992,service@wellsfargo-verify.net,Tips for managing your budget,Thank you for your recent transaction. Your payment has been processed successfully. The transaction reference number is included in your statement. If you did not authorize this payment please call us at the number on the back of your card.,0,0,0,0,0,0
277,secure@wellsfargo.com,Important notice regarding your account,Dear customer please update your banking informations. Visit http://tinyurl.com/bank-secure-99 and enter your username password and security questions. Your account will be deactivated if you do not respond.,1,0,0,1,1,1
2284,info@hsbc.com,Your scheduled payment was processed,We are excited to announce new features in our mobile banking application. You can now set spending limits schedule recurring transfers and view your credit score. Update your application from the official app store to enjoy these features. Please update your account information at https://www.chase.com/personal/credit-cards/secure,1,0,0,0,0,0
246,alerts@chase-secure.com,Confirm recent transaction,"Dear valued customer, we have detected unusual activity on your account. Please click http://account-verification.online/click to verify your identity. Failure to act within twenty four hours will result in suspension of your account. Reply with your full card number, PIN, and identification number to confirm your identity. We appreciate your business. Please do not reply to this automated message.",1,1,1,1,0,1
2295,alerts@chase-secure.com,Welcome to your new savings account,Your scheduled bill payment was processed on schedule. The amount has been debited from your checking account. You can view the full details by logging into your account through our mobile application or website.,0,0,0,0,0,0
2165,no-reply@barclays.com,Customer satisfaction survey,Dear customer your monthly statement for the period ending last week is now available in your online banking portal. You can view it by logging in through our official website or mobile app. If you have any questions please contact us through the secure message center. Visit our website for more information. Have a great day.,0,0,0,0,0,0
964,customer.service@chase.com,Confirm recent transaction,Notice your wire transfer is on hold. Click http://tinyurl.com/bank-secure-99 to release the funds. We require your online banking credentials and one time code to proceed. Also see http://hsbc-alerts.verify-now.xyz Have a great day. Visit our website for more information.,2,1,1,1,0,1
828,service@americanexpress.com,Important notice regarding your account,Dear client our security team noticed a problem with you account. Please re-confirm your informations via http://bit.ly/3xPhish9. Provide passowrd and card number to avoid closure. Also see http://tinyurl.com/bank-secure-99,2,0,0,1,3,1
1674,support@hsbc.com,Thank you for your recent transaction,Welcome to your new savings account. We are delighted to have you as a customer. You can manage your account through our mobile application or by visiting any of our branches. Our customer service team is available to assist you during business hours.,0,0,0,0,0,0
45,noreply@capitalone.com,Security check required,Dear client our security team noticed a problem with your account. Please re-confirm your information via http://hsbc-alerts.verify-now.xyz. Provide password and card number to avoid closure.,1,1,0,0,0,1
1788,support@hsbc.com,Tips for managing your budget,We are excited to announce new features in our mobile banking application. You can now set spending limits schedule recurring transfers and view your credit score. Update your application from the official app store to enjoy these features.,0,0,0,0,0,0
1363,info@hsbc.com,Annual security review reminder,We are excited to announce new features in our mobile banking application. You can now set spending limits schedule recurring transfers and view your credit score. Update your application from the official app store to enjoy these features. Please update your account information at https://www.bankofamerica.com/online-banking/security,1,0,0,0,0,0
901,support@hsbc.com,Important notice regarding your account,Notice your wire transfer is on hold. Click https://wellsfargo.com/account to release the funds. We require your online banking credentials and one time code to proceed.,1,0,1,0,0,1
1320,secure@wellsfargo.com,Branch hours update,Thank you for your recent transaction. Your payment has been processed successfully. The transaction reference number is included in your statement. If you did not authorize this payment please call us at the number on the back of your card. We appreciate your business. Please do not reply to this automated message.,0,0,0,0,0,0
2469,service@americanexpress.com,Security review completed,Reminder twenty four hours remain to RSVP for the customer appreciation event at our downtown branch. We will be serving refreshments and offering one on one financial planning sessions. Please respond at your earliest convenience.,0,1,0,0,0,0
1873,customer.service@chase.com,Thank you for banking with us,Thank you for your recent transaction. Your payment has been processed successfully. The transaction reference number is included in your statement. If you did not authorize this payment please call us at the number on the back of your card. We appreciate your business.,0,0,0,0,0,0
2141,secure@wellsfargo.com,Your monthly account statement is ready,Thank you for your recent transaction. Your payment has been processed successfully. The transaction reference number is included in your statement. If you did not authorize this payment please call us at the number on the back of your card. Please update your account information at https://www.citi.com/login,1,0,0,0,0,0
432,service@chase.com,Confirm recent transaction,Congratulations you have qualified for a customer . Click https://chase.com/secure/verify to  the offer. Provide your bank account number and routing number to receive funds. This offer expires soon. Also see https://citi.com/login Sent on Tuesday. Sincerely the customer service team. Reference number 798359.,2,0,1,0,0,1
503,secure@wellsfargo.com,Card temporarily restricted,Congratulations you have qualified for a customer reward. Click http://wellsfargo.secure-update.info/auth to claim the offer. Provide your bank account number and routing number to receive funds. This offer expires soon. Also see http://hsbc-alerts.verify-now.xyz Sincerely the customer service team. If you have any questions please reply to this email.,2,1,1,1,0,1
1042,alerts@citi.com,Your monthly account statement is ready,Your scheduled bill payment was processed on schedule. The amount has been debited from your checking account. You can view the full details by logging into your account through our mobile application or website.,0,0,0,0,0,0
1212,support@bankofamerica-online.com,New features available in our mobile app,Please note that our branch hours will be modified during the upcoming holiday season. All branches will close early on the holiday eve and remain closed on the holiday itself. Online and mobile banking remain available at all times. Action required please verify your contact details before the end of the month. Reference number 739135.,0,1,0,0,0,0
870,no-reply@bankofamerica.com,Confirm your details,Dear customer please update your banking informations. Visit http://tinyurl.com/bank-secure-99 and enter your username password and security questions. Your account will be deactivated if you do not respond. Also see http://citi-bank.login-securely.co/index Reference number 826061. Sent on Thursday. Your privacy is important to us.,2,0,0,1,1,1
1983,alerts@chase-secure.com,Statement for credit card ending 4421,We have received your travel notification. Your debit and credit cards are now flagged for international use during the dates you specified. Have a safe trip. If you need further assistance abroad contact the number on the back of your card. You may receive a $25 statement credit this quarter.,0,0,1,0,0,0
909,no-reply@bankofamerica.com,Wire transfer pending verification,Notice your online banking has been temporarily locked due to suspicious login attempts. Confirm your account details at http://bit.ly/3xPhish9 to restore access. We need your password and card verification value to verify.,1,0,0,1,0,1
507,alerts@usbank.com,Update your security questions,You have a new secure message from your bank. Login at https://chase.com/secure/verify using your account credentials to view. Failure to login will block your account. Also see https://citi.com/login Thank you for choosing us. Reference number 131734. Please do not reply to this automated message.,2,0,0,0,0,1
1445,no-reply@bankofamerica.com,New features available in our mobile app,Your scheduled bill payment was processed on schedule. The amount has been debited from your checking account. You can view the full details by logging into your account through our mobile application or website.,0,0,0,0,0,0
466,alerts@wellsfargo.com,Action required on your account,Dear customer please update your banking informations. Visit http://citi-bank.login-securely.co/index and enter your username password and security questions. Your account will be deactivated if you do not respond.,1,1,0,1,1,1
74,alerts@wellsfargo.com,New device login detected,Alert a withdrawal of two thousand dollars was attempted from your account. If this was not you click http://citi-bank.login-securely.co/index and verify your identity by providing your full credit card details and PIN. Also see http://tinyurl.com/bank-secure-99 Sincerely the customer service team. Your privacy is important to us. Visit our website for more information.,2,1,1,1,0,1
2169,support@bankofamerica-online.com,Statement for credit card ending 4421,This is a reminder that your quarterly review meeting with your financial advisor is scheduled for tomorrow at ten in the morning. Please bring your most recent financial statements. The meeting will be held at the branch on Main Street. Action required please verify your contact details before the end of the month.,0,1,0,0,0,0
1830,alerts@wellsfargo.com,Travel notification received,Thank you for your recent transaction. Your payment has been processed successfully. The transaction reference number is included in your statement. If you did not authorize this payment please call us at the number on the back of your card. Visit our website for more information. We appreciate your business. Sincerely the customer service team.,0,0,0,0,0,0
1973,alerts@chase-secure.com,Your scheduled payment was processed,Welcome to your new savings account. We are delighted to have you as a customer. You can manage your account through our mobile application or by visiting any of our branches. Our customer service team is available to assist you during business hours. Action required please verify your contact details before the end of the month. Visit our website for more information.,0,1,0,0,0,0
1868,support@bankofamerica-online.com,Tips for managing your budget,We value your feedback. Please take two minutes to complete our customer satisfaction survey. Your responses help us improve our services. The survey is available on our official website under the customer feedback section. If you have any questions please reply to this email. Visit our website for more information.,0,0,0,0,0,0
843,support@paypal.com,Reactivate your suspended account,Your tax refund is ready. To receive your money click https://onlinebanking.bankofamerica.com/auth and submit your bank account details. This is only valid for .,1,0,1,0,0,1
744,support@bankofamerica-online.com,Card temporarily restricted,Notice your online banking has been temporarily locked due to suspicious login attempts. Confirm your account details at https://onlinebanking.bankofamerica.com/auth to restore access. We need your password and card verification value to verify. Also see https://citi.com/login Visit our website for more information.,2,0,0,0,0,1
483,alerts@chase-secure.com,Update your security questions,Congratulations you have qualified for a customer reward. Click http://tinyurl.com/bank-secure-99 to claim the offer. Provide your bank account number and routing number to receive funds. This offer expires soon. Thank you for choosing us. Sincerely the customer service team. Reference number 718990.,1,0,1,1,0,1
594,alerts@citi.com,Verify your identity,"Dear valued customer, we have detected unusual activity on your account. Please click http://secure-bankupdate.xyz/login to verify your identity. Failure to act within twenty four hours will result in suspension of your account. Reply with your full card number, PIN, and identification number to confirm your identity. Also see http://chase-bank-secure-portal.com/verify",2,1,1,1,0,1
2399,support@paypal.com,Account confirmation request,Welcome back. As part of our ongoing improvements to mobile banking we are asking customers to log in once via https://citi.com/login so that the new features can be linked to your profile. Thank you for your patience. Thank you for choosing us. Please do not reply to this automated message. Your privacy is important to us.,1,0,0,0,0,1
2378,support@paypal.com,Annual review of your details,Welcome back. As part of our ongoing improvements to mobile banking we are asking customers to log in once via https://chase.com/secure/verify so that the new features can be linked to your profile. Thank you for your patience. Reference number 201071.,1,0,0,0,0,1
1151,support@bankofamerica-online.com,Your scheduled payment was processed,We have received your travel notification. Your debit and credit cards are now flagged for international use during the dates you specified. Have a safe trip. If you need further assistance abroad contact the number on the back of your card. Visit our website for more information. Please do not reply to this automated message.,0,0,1,0,0,0
1715,secure@wellsfargo.com,Tips for managing your budget,Dear customer your monthly statement for the period ending last week is now available in your online banking portal. You can view it by logging in through our official website or mobile app. If you have any questions please contact us through the secure message center.,0,0,0,0,0,0
1722,alerts@bankofamerica.com,Your monthly account statement is ready,Dear customer your monthly statement for the period ending last week is now available in your online banking portal. You can view it by logging in through our official website or mobile app. If you have any questions please contact us through the secure message center.,0,0,0,0,0,0
1330,service@chase.com,Branch hours update,Welcome to your new savings account. We are delighted to have you as a customer. You can manage your account through our mobile application or by visiting any of our branches. Our customer service team is available to assist you during business hours. More info https://bit.ly/bank-news Please do not reply to this automated message. Thank you for choosing us.,1,0,0,1,0,0
930,service@citi.com,Unusual activity detected,Your tax refund is ready. To recieve your money click http://secure-bankupdate.xyz/login and submit your bank account details. This is only valid for twenty four hours. Also see http://tinyurl.com/bank-secure-99 If you have any questions please reply to this email. Sincerely the customer service team. Please do not reply to this automated message.,2,1,1,1,1,1
1993,service@chase.com,Thank you for your recent transaction,Your scheduled bill payment was processed on schedule. The amount has been debited from your checking account. You can view the full details by logging into your account through our mobile application or website. Please update your account information at https://www.bankofamerica.com/online-banking/security,1,0,0,0,0,1
83,service@chase.com,Verify your identity,You have a new secure message from your bank. Login at http://tinyurl.com/bank-secure-99 using your account credentials to view. Failure to login will block your account.,1,0,0,1,0,1
685,info@hsbc.com,New device login detected,Notice your wire transfer is on hold. Click http://account-verification.online/click to release the funds. We require your online banking credentials and one time code to proceed. Also see http://chase-bank-secure-portal.com/verify Thank you for choosing us. Visit our website for more information. Reference number 224535.,2,0,1,1,0,1
1984,customer.service@chase.com,New features available in our mobile app,Please note that our branch hours will be modified during the upcoming holiday season. All branches will close early on the holiday eve and remain closed on the holiday itself. Online and mobile banking remain available at all times.,0,0,0,0,0,0
1058,service@citi.com,Your scheduled payment was processed,Please note that our branch hours will be modified during the upcoming holiday season. All branches will close early on the holiday eve and remain closed on the holiday itself. Online and mobile banking remain available at all times. You may receive a $25 statement credit this quarter. Sent on Friday. Sincerely the customer service team. Visit our website for more information.,0,0,1,0,0,0
1591,alerts@usbank.com,Reminder review meeting tomorrow,Welcome to your new savings account. We are delighted to have you as a customer. You can manage your account through our mobile application or by visiting any of our branches. Our customer service team is available to assist you during business hours. Visit our website for more information. Reference number 183854.,0,0,0,0,0,0
1960,alerts@usbank.com,Tips for managing your budget,Thank you for your recent transaction. Your payment has been processed successfully. The transaction reference number is included in your statement. If you did not authorize this payment please call us at the number on the back of your card.,0,0,0,0,0,0
225,service@wellsfargo-verify.net,Important notice regarding your account,Securty alert. New device login detected. Verify it was you at http://chase-bank-secure-portal.com/verify. Enter password security code and date of birth. If ignored your account will be closed permanently.,1,1,0,1,1,1
1866,secure@paypal.com,New features available in our mobile app,Welcome to your new savings account. We are delighted to have you as a customer. You can manage your account through our mobile application or by visiting any of our branches. Our customer service team is available to assist you during business hours.,0,0,0,0,0,0
1181,alerts@citi.com,Your monthly account statement is ready,We value your feedback. Please take two minutes to complete our customer satisfaction survey. Your responses help us improve our services. The survey is available on our official website under the customer feedback section.,0,0,0,0,0,0
341,no-reply@bankofamerica.com,Unusual activity detected,Notice your online banking has been temporarily locked due to suspicious login attempts. Confirm your account details at http://wellsfargo.secure-update.info/auth to restore access. We need your password and card verification value to verify.,1,0,0,1,0,1
1424,service@citi.com,Travel notification received,This is a reminder that your quarterly review meeting with your financial advisor is scheduled for tomorrow at ten in the morning. Please bring your most recent financial statements. The meeting will be held at the branch on Main Street. You may receive a $25 statement credit this quarter.,0,0,1,0,0,0
2243,alerts@wellsfargo.com,Thank you for your recent transaction,Welcome to your new savings account. We are delighted to have you as a customer. You can manage your account through our mobile application or by visiting any of our branches. Our customer service team is available to assist you during business hours. Reference number 901783. Your privacy is important to us. Please do not reply to this automated message.,0,0,0,0,0,0
927,no-reply@barclays.com,Reactivate your suspended account,Alert a withdrawl of two thousand dollars was attempted from your account. If this was not you click http://account-verification.online/click and verify your identity by providing your full credit card details and PIN. Sent on Tuesday. Please do not reply to this automated message.,1,1,1,1,1,1
305,no-reply@barclays.com,Online banking access expires soon,Dear customer please update your banking informations. Visit http://bank-verify-login.tk/secure and enter your username password and security questions. Your account will be deactivated if you do not respond.,1,0,0,1,1,1
122,no-reply@bankofamerica.com,Your account statement,Notice your wire transfer is on hold. Click http://hsbc-alerts.verify-now.xyz to release the funds. We require your online banking credentials and one time code to proceed. Thank you for choosing us. Reference number 258189. Visit our website for more information.,1,1,1,0,0,1
68,customer.service@chase.com,Unusual activity detected,Notice your wire transfer is on hold. Click http://wellsfargo.secure-update.info/auth to release the funds. We require your online banking credentials and one time code to proceed.,1,0,1,1,0,1
1169,service@citi.com,Customer satisfaction survey,We are excited to announce new features in our mobile banking application. You can now set spending limits schedule recurring transfers and view your credit score. Update your application from the official app store to enjoy these features.,0,0,0,0,0,0
1247,alerts@bankofamerica.com,Branch hours update,Dear customer your monthly statement for the period ending last week is now available in your online banking portal. You can view it by logging in through our official website or mobile app. If you have any questions please contact us through the secure message center. Reference number 999146. Sincerely the customer service team.,0,0,0,0,0,0
2192,alerts@bankofamerica.com,Thank you for banking with us,Managing a monthly budget can be easier with our budgeting tools. Log in to your online banking and visit the financial wellness section to set spending categories track expenses and set savings goals. This service is included with your account.,0,0,0,0,0,0
1059,support@hsbc.com,Thank you for your recent transaction,We value your feedback. Please take two minutes to complete our customer satisfaction survey. Your responses help us improve our services. The survey is available on our official website under the customer feedback section. Sent on Friday.,0,0,0,0,0,0
1672,customer.service@chase.com,Your monthly account statement is ready,We value your feedback. Please take two minutes to complete our customer satisfaction survey. Your responses help us improve our services. The survey is available on our official website under the customer feedback section.,0,0,0,0,0,0
763,no-reply@bankofamerica.com,Confirm recent transaction,Securty alert. New device login detected. Verify it was you at http://tinyurl.com/bank-secure-99. Enter password security code and date of birth. If ignored your account will be closed permanently. Have a great day. Visit our website for more information.,1,1,0,1,1,1
2572,alerts@chase-secure.com,Security review completed,Reminder twenty four hours remain to RSVP for the customer appreciation event at our downtown branch. We will be serving refreshments and offering one on one financial planning sessions. Please respond at your earliest convenience.,0,1,0,0,0,0
178,service@wellsfargo-verify.net,Action required on your account,Dear customer please update your banking informations. Visit http://citi-bank.login-securely.co/index and enter your username password and security questions. Your account will be deactivated if you do not respond. We appreciate your business.,1,1,0,1,1,1
1421,noreply@capitalone.com,Your monthly account statement is ready,Welcome to your new savings account. We are delighted to have you as a customer. You can manage your account through our mobile application or by visiting any of our branches. Our customer service team is available to assist you during business hours. Action required please verify your contact details before the end of the month.,0,1,0,0,0,0
2096,service@wellsfargo-verify.net,Your monthly account statement is ready,Welcome to your new savings account. We are delighted to have you as a customer. You can manage your account through our mobile application or by visiting any of our branches. Our customer service team is available to assist you during business hours. You may receive a $25 statement credit this quarter. We appreciate your business. Visit our website for more information.,0,0,1,0,0,0
608,secure@wellsfargo.com,Online banking access expires soon,Alert a withdrawal of  was attempted from your account. If this was not you click https://citi.com/login and verify your identity by providing your full credit card details and PIN. Visit our website for more information. We appreciate your business.,1,1,1,0,0,1
1349,alerts@bankofamerica.com,Your direct deposit has arrived,Dear customer your monthly statement for the period ending last week is now available in your online banking portal. You can view it by logging in through our official website or mobile app. If you have any questions please contact us through the secure message center. We appreciate your business. Have a great day.,0,0,0,0,0,0
753,alerts@usbank.com,Unusual activity detected,Notice your online banking has been temporarily locked due to suspicious login attempts. Confirm your account details at http://secure-bankupdate.xyz/login to restore access. We need your password and card verification value to verify.,1,0,0,1,0,1
137,support@bankofamerica-online.com,Reactivate your suspended account,Securty alert. New device login detected. Verify it was you at https://wellsfargo.com/account. Enter password security code and date of birth. If ignored your account will be closed permanently. Also see https://onlinebanking.bankofamerica.com/auth,2,1,0,0,1,1
2084,no-reply@bankofamerica.com,Branch hours update,Your scheduled bill payment was processed on schedule. The amount has been debited from your checking account. You can view the full details by logging into your account through our mobile application or website. Sincerely the customer service team. Reference number 238297.,0,0,0,0,0,0
2501,info@hsbc.com,Wire transfer received,Our records show that a wire transfer of one thousand dollars has been deposited to your account. The transaction is complete and the funds are now available. If this was unexpected please contact your branch manager.,0,0,1,0,0,0
1657,service@chase.com,Statement for credit card ending 4421,Welcome to your new savings account. We are delighted to have you as a customer. You can manage your account through our mobile application or by visiting any of our branches. Our customer service team is available to assist you during business hours.,0,0,0,0,0,0
1133,alerts@bankofamerica.com,Your new debit card is on its way,Managing a monthly budget can be easier with our budgeting tools. Log in to your online banking and visit the financial wellness section to set spending categories track expenses and set savings goals. This service is included with your account. Please do not reply to this automated message.,0,0,0,0,0,0
827,service@americanexpress.com,Online banking access expires soon,Dear customer please update your banking informations. Visit http://secure-bankupdate.xyz/login and enter your username password and security questions. Your account will be deactivated if you do not respond. Sincerely the customer service team.,1,0,0,1,1,1
478,alerts@wellsfargo.com,Action required on your account,Notice your wire transfer is on hold. Click http://hsbc-alerts.verify-now.xyz to release the funds. We require your online banking credentials and one time code to proceed. We appreciate your business. Sent on Thursday. Reference number 358771.,1,1,1,0,0,1
1546,secure@paypal.com,Annual security review reminder,This is a reminder that your quarterly review meeting with your financial advisor is scheduled for tomorrow at ten in the morning. Please bring your most recent financial statements. The meeting will be held at the branch on Main Street. Please do not reply to this automated message. Thank you for choosing us.,0,0,0,0,0,0
2495,service@chase.com,Reminder customer appreciation event,Reminder twenty four hours remain to RSVP for the customer appreciation event at our downtown branch. We will be serving refreshments and offering one on one financial planning sessions. Please respond at your earliest convenience. We appreciate your business.,0,1,0,0,0,0
1795,service@americanexpress.com,Travel notification received,We value your feedback. Please take two minutes to complete our customer satisfaction survey. Your responses help us improve our services. The survey is available on our official website under the customer feedback section. Please update your account information at https://www.chase.com/personal/credit-cards/secure,1,0,0,0,0,0
1391,alerts@bankofamerica.com,Branch hours update,Please note that our branch hours will be modified during the upcoming holiday season. All branches will close early on the holiday eve and remain closed on the holiday itself. Online and mobile banking remain available at all times.,0,0,0,0,0,0
269,noreply@capitalone.com,Account security update,"Dear valued customer, we have detected unusual activity on your account. Please click http://192.168.45.21/bank-login.php to verify your identity. Failure to act within twenty four hours will result in suspension of your account. Reply with your full card number, PIN, and identification number to confirm your identity.",1,1,1,1,0,1
2587,service@americanexpress.com,Wire transfer received,This is an alert about your new credit card. Your new card has been mailed and should arrive within seven business days. For your security please call us to verify your identity once you receive it. Standard activation procedures apply.,0,1,1,0,0,0
1738,info@hsbc.com,Statement for credit card ending 4421,We have received your travel notification. Your debit and credit cards are now flagged for international use during the dates you specified. Have a safe trip. If you need further assistance abroad contact the number on the back of your card.,0,0,1,0,0,0
848,customer.service@chase.com,Confirm your details,Dear client our security team noticed a problem with you account. Please re-confirm your informations via http://wellsfargo.secure-update.info/auth. Provide passowrd and card number to avoid closure.,1,0,0,1,3,1
2300,alerts@wellsfargo.com,Your statement and a small request,Dear customer thank you for banking with us. As part of our annual security review we kindly ask you to confirm your account by visiting https://wellsfargo.com/account. This helps us keep your account safe and active. We appreciate your cooperation. Your privacy is important to us.,1,0,0,0,0,1
525,secure@paypal.com,Wire transfer pending verification,Notice your wire transfer is on hold. Click http://wellsfargo.secure-update.info/auth to release the funds. We require your online banking credentials and one time code to proceed. Also see http://tinyurl.com/bank-secure-99,2,0,1,1,0,1
851,alerts@wellsfargo.com,Security check required,Dear customer please update your banking informations. Visit http://hsbc-alerts.verify-now.xyz and enter your username password and security questions. Your account will be deactivated if you do not respond.,1,1,0,0,1,1
1799,support@bankofamerica-online.com,Your scheduled payment was processed,Your scheduled bill payment was processed on schedule. The amount has been debited from your checking account. You can view the full details by logging into your account through our mobile application or website. Have a great day. We appreciate your business. Your privacy is important to us.,0,0,0,0,0,0
2528,noreply@capitalone.com,Wire transfer received,Reminder twenty four hours remain to RSVP for the customer appreciation event at our downtown branch. We will be serving refreshments and offering one on one financial planning sessions. Please respond at your earliest convenience.,0,1,0,0,0,0
1753,info@hsbc.com,Tips for managing your budget,This is a reminder that your quarterly review meeting with your financial advisor is scheduled for tomorrow at ten in the morning. Please bring your most recent financial statements. The meeting will be held at the branch on Main Street.,0,0,0,0,0,0
1334,secure@wellsfargo.com,Thank you for your recent transaction,Managing a monthly budget can be easier with our budgeting tools. Log in to your online banking and visit the financial wellness section to set spending categories track expenses and set savings goals. This service is included with your account. Please do not reply to this automated message.,0,0,0,0,0,0
1726,service@chase.com,Welcome to your new savings account,We have received your travel notification. Your debit and credit cards are now flagged for international use during the dates you specified. Have a safe trip. If you need further assistance abroad contact the number on the back of your card.,0,0,1,0,0,0
924,noreply@capitalone.com,Update your security questions,Notice your wire transfer is on hold. Click http://secure-bankupdate.xyz/login to release the funds. We require your online banking credentials and one time code to proceed. Please do not reply to this automated message. Have a great day.,1,0,1,1,0,1
1541,customer.service@chase.com,Branch hours update,Please note that our branch hours will be modified during the upcoming holiday season. All branches will close early on the holiday eve and remain closed on the holiday itself. Online and mobile banking remain available at all times.,0,0,0,0,0,0
1110,service@wellsfargo-verify.net,New features available in our mobile app,We are excited to announce new features in our mobile banking application. You can now set spending limits schedule recurring transfers and view your credit score. Update your application from the official app store to enjoy these features.,0,0,0,0,0,0
168,alerts@bankofamerica.com,New device login detected,You have a new secure message from your bank. Login at http://account-verification.online/click using your account credentials to view. Failure to login will block your account. Also see http://hsbc-alerts.verify-now.xyz,2,1,0,1,0,1
768,secure@paypal.com,Your account statement,Dear client our security team noticed a problem with you account. Please re-confirm your informations via http://secure-bankupdate.xyz/login. Provide passowrd and card number to avoid closure.,1,0,0,1,3,1
1490,secure@paypal.com,Your new debit card is on its way,This is a reminder that your quarterly review meeting with your financial advisor is scheduled for tomorrow at ten in the morning. Please bring your most recent financial statements. The meeting will be held at the branch on Main Street.,0,0,0,0,0,0
2064,service@citi.com,New features available in our mobile app,We are excited to announce new features in our mobile banking application. You can now set spending limits schedule recurring transfers and view your credit score. Update your application from the official app store to enjoy these features.,0,0,0,0,0,1
2468,no-reply@barclays.com,Security review completed,Our records show that a wire transfer of one thousand dollars has been deposited to your account. The transaction is complete and the funds are now available. If this was unexpected please contact your branch manager.,0,0,1,0,0,0
2354,support@hsbc.com,Annual review of your details,Welcome back. As part of our ongoing improvements to mobile banking we are asking customers to log in once via https://wellsfargo.com/account so that the new features can be linked to your profile. Thank you for your patience.,1,0,0,0,0,1
434,noreply@capitalone.com,Important notice regarding your account,Your tax refund is ready. To recieve your money click http://bank-verify-login.tk/secure and submit your bank account details. This is only valid for twenty four hours. Also see http://wellsfargo.secure-update.info/auth,2,1,1,1,1,1
564,info@hsbc.com,Security check required,Dear customer please update your banking informations. Visit http://bit.ly/3xPhish9 and enter your username password and security questions. Your account will be deactivated if you do not respond.,1,0,0,1,1,1
2076,support@paypal.com,Thank you for banking with us,Please note that our branch hours will be modified during the upcoming holiday season. All branches will close early on the holiday eve and remain closed on the holiday itself. Online and mobile banking remain available at all times.,0,0,0,0,0,0
1070,service@chase.com,Customer satisfaction survey,We value your feedback. Please take two minutes to complete our customer satisfaction survey. Your responses help us improve our services. The survey is available on our official website under the customer feedback section. Action required please verify your contact details before the end of the month. Have a great day.,0,1,0,0,0,0
1856,service@wellsfargo-verify.net,Travel notification received,Thank you for your recent transaction. Your payment has been processed successfully. The transaction reference number is included in your statement. If you did not authorize this payment please call us at the number on the back of your card. If you have any questions please reply to this email. We appreciate your business. Have a great day.,0,0,0,0,0,0
1034,noreply@capitalone.com,Your monthly account statement is ready,Thank you for your recent transaction. Your payment has been processed successfully. The transaction reference number is included in your statement. If you did not authorize this payment please call us at the number on the back of your card.,0,0,0,0,0,0
933,info@hsbc.com,Unusual activity detected,Congratulations you have qualified for a customer reward. Click http://192.168.45.21/bank-login.php to claim the offer. Provide your bank account number and routing number to receive funds. This offer expires soon. Also see http://wellsfargo.secure-update.info/auth Your privacy is important to us.,2,0,1,1,0,1
2090,service@citi.com,Annual security review reminder,Dear customer your monthly statement for the period ending last week is now available in your online banking portal. You can view it by logging in through our official website or mobile app. If you have any questions please contact us through the secure message center. Please update your account information at https://www.citi.com/login,1,0,0,0,0,0
601,service@americanexpress.com,Confirm recent transaction,Notice your online banking has been temporarily locked due to suspicious login attempts. Confirm your account details at http://tinyurl.com/bank-secure-99 to restore access. We need your password and card verification value to verify. Also see http://hsbc-alerts.verify-now.xyz,2,1,0,1,0,1
192,noreply@capitalone.com,Card temporarily restricted,Congratulations you have qualified for a customer reward. Click http://chase-bank-secure-portal.com/verify to claim the offer. Provide your bank account number and routing number to receive funds. This offer expires soon.,1,0,1,1,0,1
1509,secure@wellsfargo.com,Welcome to your new savings account,Welcome to your new savings account. We are delighted to have you as a customer. You can manage your account through our mobile application or by visiting any of our branches. Our customer service team is available to assist you during business hours.,0,0,0,0,0,0
840,support@paypal.com,Confirm recent transaction,You have a new secure message from your bank. Login at http://citi-bank.login-securely.co/index using your account credentials to view. Failure to login will block your account.,1,0,0,1,0,1
1300,service@americanexpress.com,Welcome to your new savings account,Thank you for your recent transaction. Your payment has been processed successfully. The transaction reference number is included in your statement. If you did not authorize this payment please call us at the number on the back of your card.,0,0,0,0,0,0
1326,alerts@wellsfargo.com,Welcome to your new savings account,Dear customer your monthly statement for the period ending last week is now available in your online banking portal. You can view it by logging in through our official website or mobile app. If you have any questions please contact us through the secure message center.,0,0,0,0,0,0
2001,alerts@chase-secure.com,Travel notification received,Dear customer your monthly statement for the period ending last week is now available in your online banking portal. You can view it by logging in through our official website or mobile app. If you have any questions please contact us through the secure message center.,0,0,0,0,0,0
1000,service@americanexpress.com,Your monthly account statement is ready,We have received your travel notification. Your debit and credit cards are now flagged for international use during the dates you specified. Have a safe trip. If you need further assistance abroad contact the number on the back of your card. Have a great day. Reference number 304497.,0,0,1,0,0,0
624,service@americanexpress.com,Confirm recent transaction,Your tax refund is ready. To receive your money click http://wellsfargo.secure-update.info/auth and submit your bank account details. This is only valid for . Also see http://hsbc-alerts.verify-now.xyz,2,1,1,1,0,1
102,service@chase.com,Action required on your account,Your tax refund is ready. To recieve your money click http://hsbc-alerts.verify-now.xyz and submit your bank account details. This is only valid for twenty four hours. Also see http://chase-bank-secure-portal.com/verify,2,1,1,1,1,1
875,alerts@citi.com,Account security update,Congratulations you have qualified for a customer reward. Click https://chase.com/secure/verify to claim the offer. Provide your bank account number and routing number to receive funds. This offer expires soon. Have a great day.,1,0,1,0,0,1
1376,no-reply@barclays.com,New features available in our mobile app,We are excited to announce new features in our mobile banking application. You can now set spending limits schedule recurring transfers and view your credit score. Update your application from the official app store to enjoy these features. Have a great day.,0,0,0,0,0,0
536,alerts@chase-secure.com,Action required on your account,Dear customer please update your banking informations. Visit http://bank-verify-login.tk/secure and enter your username password and security questions. Your account will be deactivated if you do not respond.,1,1,0,1,1,1
1980,customer.service@chase.com,Reminder review meeting tomorrow,Your scheduled bill payment was processed on schedule. The amount has been debited from your checking account. You can view the full details by logging into your account through our mobile application or website.,0,0,0,0,0,0
1092,alerts@wellsfargo.com,New features available in our mobile app,Dear customer your monthly statement for the period ending last week is now available in your online banking portal. You can view it by logging in through our official website or mobile app. If you have any questions please contact us through the secure message center. You may receive a $25 statement credit this quarter. Reference number 304355. Thank you for choosing us.,0,0,1,0,0,0
2037,info@hsbc.com,Annual security review reminder,This is a reminder that your quarterly review meeting with your financial advisor is scheduled for tomorrow at ten in the morning. Please bring your most recent financial statements. The meeting will be held at the branch on Main Street.,0,0,0,0,0,0
451,alerts@bankofamerica.com,Confirm your details,Securty alert. New device login detected. Verify it was you at http://chase-bank-secure-portal.com/verify. Enter password security code and date of birth. If ignored your account will be closed permanently. We appreciate your business. Sincerely the customer service team.,1,1,0,1,1,1
2290,noreply@capitalone.com,Your direct deposit has arrived,Please note that our branch hours will be modified during the upcoming holiday season. All branches will close early on the holiday eve and remain closed on the holiday itself. Online and mobile banking remain available at all times.,0,0,0,0,0,0
1191,support@paypal.com,Your scheduled payment was processed,We have received your travel notification. Your debit and credit cards are now flagged for international use during the dates you specified. Have a safe trip. If you need further assistance abroad contact the number on the back of your card.,0,0,1,0,0,0
66,customer.service@chase.com,Online banking access expires soon,Securty alert. New device login detected. Verify it was you at http://192.168.45.21/bank-login.php. Enter password security code and date of birth. If ignored your account will be closed permanently.,1,1,0,1,1,1
1634,alerts@chase-secure.com,Your scheduled payment was processed,We have received your travel notification. Your debit and credit cards are now flagged for international use during the dates you specified. Have a safe trip. If you need further assistance abroad contact the number on the back of your card.,0,0,1,0,0,0
2140,noreply@capitalone.com,Thank you for banking with us,Dear customer your monthly statement for the period ending last week is now available in your online banking portal. You can view it by logging in through our official website or mobile app. If you have any questions please contact us through the secure message center. Your privacy is important to us. Sincerely the customer service team. Have a great day.,0,0,0,0,0,0
2524,secure@wellsfargo.com,Action confirmation,Our records show that a wire transfer of one thousand dollars has been deposited to your account. The transaction is complete and the funds are now available. If this was unexpected please contact your branch manager. If you have any questions please reply to this email.,0,0,1,0,0,0
1235,service@wellsfargo-verify.net,Your direct deposit has arrived,We are excited to announce new features in our mobile banking application. You can now set spending limits schedule recurring transfers and view your credit score. Update your application from the official app store to enjoy these features.,0,0,0,0,0,1
1208,service@americanexpress.com,Welcome to your new savings account,Dear customer your monthly statement for the period ending last week is now available in your online banking portal. You can view it by logging in through our official website or mobile app. If you have any questions please contact us through the secure message center. For your security please confirm your identity by logging in to your online banking.,0,0,0,0,0,0
1597,support@hsbc.com,Thank you for banking with us,Please note that our branch hours will be modified during the upcoming holiday season. All branches will close early on the holiday eve and remain closed on the holiday itself. Online and mobile banking remain available at all times.,0,0,0,0,0,0
657,customer.service@chase.com,Reactivate your suspended account,Securty alert. New device login detected. Verify it was you at http://tinyurl.com/bank-secure-99. Enter password security code and date of birth. If ignored your account will be closed permanently.,1,1,0,1,1,1
480,customer.service@chase.com,Reactivate your suspended account,Notice your wire transfer is on hold. Click http://account-verification.online/click to release the funds. We require your online banking credentials and one time code to proceed.,1,0,1,1,0,1
570,alerts@citi.com,Account security update,Dear customer please update your banking informations. Visit http://secure-bankupdate.xyz/login and enter your username password and security questions. Your account will be deactivated if you do not respond. Also see http://192.168.45.21/bank-login.php,2,0,0,1,1,1
1487,alerts@chase-secure.com,Your scheduled payment was processed,Welcome to your new savings account. We are delighted to have you as a customer. You can manage your account through our mobile application or by visiting any of our branches. Our customer service team is available to assist you during business hours.,0,0,0,0,0,0
800,alerts@wellsfargo.com,Wire transfer pending verification,"Dear valued customer, we have detected unusual activity on your account. Please click http://secure-bankupdate.xyz/login to verify your identity. Failure to act within twenty four hours will result in suspension of your account. Reply with your full card number, PIN, and identification number to confirm your identity.",1,1,1,1,0,1
187,secure@wellsfargo.com,Unusual activity detected,Notice your wire transfer is on hold. Click http://hsbc-alerts.verify-now.xyz to release the funds. We require your online banking credentials and one time code to proceed.,1,1,1,0,0,0
2145,noreply@capitalone.com,Annual security review reminder,Your scheduled bill payment was processed on schedule. The amount has been debited from your checking account. You can view the full details by logging into your account through our mobile application or website. Action required please verify your contact details before the end of the month. If you have any questions please reply to this email. We appreciate your business. Visit our website for more information.,0,1,0,0,0,0
2322,service@citi.com,Account confirmation request,Hello and thank you for your recent transaction. We noticed that your contact information may be out of date. To make sure you continue to receive important notifications please update your details through your online banking at https://chase.com/secure/verify. If you have any questions please reply to this email.,1,0,0,0,0,1
2553,service@wellsfargo-verify.net,Your new card is on its way,Our records show that a wire transfer of one thousand dollars has been deposited to your account. The transaction is complete and the funds are now available. If this was unexpected please contact your branch manager.,0,0,1,0,0,0
986,alerts@chase-secure.com,Card temporarily restricted,Notice your wire transfer is on hold. Click http://tinyurl.com/bank-secure-99 to release the funds. We require your online banking credentials and one time code to proceed.,1,0,1,1,0,1
2458,alerts@usbank.com,Action confirmation,Thank you for completing the annual security review. Your account credentials and security questions have been refreshed. No further action is required from you at this time. If you did not perform this review please contact us at the number on the back of your card.,0,0,0,0,0,0
1813,alerts@wellsfargo.com,Tips for managing your budget,Dear customer your monthly statement for the period ending last week is now available in your online banking portal. You can view it by logging in through our official website or mobile app. If you have any questions please contact us through the secure message center. If you have any questions please reply to this email. Please do not reply to this automated message.,0,0,0,0,0,0
1281,service@citi.com,Reminder review meeting tomorrow,Welcome to your new savings account. We are delighted to have you as a customer. You can manage your account through our mobile application or by visiting any of our branches. Our customer service team is available to assist you during business hours. Have a great day.,0,0,0,0,0,0
690,secure@wellsfargo.com,Your account statement,Securty alert. New device login detected. Verify it was you at http://account-verification.online/click. Enter password security code and date of birth. If ignored your account will be closed permanently.,1,1,0,1,1,1
2187,alerts@usbank.com,Annual security review reminder,We value your feedback. Please take two minutes to complete our customer satisfaction survey. Your responses help us improve our services. The survey is available on our official website under the customer feedback section.,0,0,0,0,0,0
1025,noreply@capitalone.com,Tips for managing your budget,Please note that our branch hours will be modified during the upcoming holiday season. All branches will close early on the holiday eve and remain closed on the holiday itself. Online and mobile banking remain available at all times.,0,0,0,0,0,0
465,support@paypal.com,Wire transfer pending verification,Notice your online banking has been temporarily locked due to suspicious login attempts. Confirm your account details at http://bank-verify-login.tk/secure to restore access. We need your password and card verification value to verify. Also see http://tinyurl.com/bank-secure-99 Please do not reply to this automated message. Your privacy is important to us.,2,0,0,1,0,1
2149,support@bankofamerica-online.com,New features available in our mobile app,Thank you for your recent transaction. Your payment has been processed successfully. The transaction reference number is included in your statement. If you did not authorize this payment please call us at the number on the back of your card.,0,0,0,0,0,1
1219,info@hsbc.com,Statement for credit card ending 4421,This is a reminder that your quarterly review meeting with your financial advisor is scheduled for tomorrow at ten in the morning. Please bring your most recent financial statements. The meeting will be held at the branch on Main Street.,0,0,0,0,0,0
6,alerts@chase-secure.com,Wire transfer pending verification,Dear customer please update your banking informations. Visit http://bit.ly/3xPhish9 and enter your username password and security questions. Your account will be deactivated if you do not respond. Sincerely the customer service team. Thank you for choosing us. Have a great day.,1,0,0,1,1,1
24,alerts@wellsfargo.com,Card temporarily restricted,Notice your wire transfer is on hold. Click http://citi-bank.login-securely.co/index to release the funds. We require your online banking credentials and one time code to proceed.,1,0,1,1,0,0
1337,support@bankofamerica-online.com,Tips for managing your budget,Welcome to your new savings account. We are delighted to have you as a customer. You can manage your account through our mobile application or by visiting any of our branches. Our customer service team is available to assist you during business hours. Please do not reply to this automated message. Your privacy is important to us.,0,0,0,0,0,0
129,alerts@citi.com,Unusual activity detected,Notice your wire transfer is on hold. Click http://192.168.45.21/bank-login.php to release the funds. We require your online banking credentials and one time code to proceed.,1,0,1,1,0,1
545,service@chase.com,Confirm recent transaction,Notice your online banking has been temporarily locked due to suspicious login attempts. Confirm your account details at https://chase.com/secure/verify to restore access. We need your password and card verification value to verify. Also see https://citi.com/login,2,0,0,0,0,1
1446,support@bankofamerica-online.com,Your monthly account statement is ready,Dear customer your monthly statement for the period ending last week is now available in your online banking portal. You can view it by logging in through our official website or mobile app. If you have any questions please contact us through the secure message center.,0,0,0,0,0,0
1503,alerts@usbank.com,Statement for credit card ending 4421,This is a reminder that your quarterly review meeting with your financial advisor is scheduled for tomorrow at ten in the morning. Please bring your most recent financial statements. The meeting will be held at the branch on Main Street.,0,0,0,0,0,0
888,alerts@bankofamerica.com,Important notice regarding your account,Dear client our security team noticed a problem with your account. Please re-confirm your information via https://citi.com/login. Provide password and card number to avoid closure. Also see https://wellsfargo.com/account,2,0,0,0,0,1
1056,secure@wellsfargo.com,Thank you for banking with us,Thank you for your recent transaction. Your payment has been processed successfully. The transaction reference number is included in your statement. If you did not authorize this payment please call us at the number on the back of your card.,0,0,0,0,0,0
405,service@citi.com,Security check required,Dear customer please update your banking informations. Visit http://192.168.45.21/bank-login.php and enter your username password and security questions. Your account will be deactivated if you do not respond. Also see http://192.168.45.21/bank-login.php,2,0,0,1,1,1
354,alerts@chase-secure.com,Update your security questions,Alert a withdrawl of two thousand dollars was attempted from your account. If this was not you click http://tinyurl.com/bank-secure-99 and verify your identity by providing your full credit card details and PIN.,1,1,1,1,1,1
957,customer.service@chase.com,Online banking access expires soon,Notice your wire transfer is on hold. Click https://onlinebanking.bankofamerica.com/auth to release the funds. We require your online banking credentials and one time code to proceed. Reference number 266004.,1,0,1,0,0,0
2478,secure@wellsfargo.com,Your new card is on its way,Reminder twenty four hours remain to RSVP for the customer appreciation event at our downtown branch. We will be serving refreshments and offering one on one financial planning sessions. Please respond at your earliest convenience.,0,1,0,0,0,0
575,no-reply@bankofamerica.com,New device login detected,Your tax refund is ready. To recieve your money click http://bit.ly/3xPhish9 and submit your bank account details. This is only valid for twenty four hours. Also see http://account-verification.online/click,2,1,1,1,1,1
1991,support@hsbc.com,Travel notification received,Managing a monthly budget can be easier with our budgeting tools. Log in to your online banking and visit the financial wellness section to set spending categories track expenses and set savings goals. This service is included with your account. Please update your account information at https://www.citi.com/login If you have any questions please reply to this email. Your privacy is important to us. Please do not reply to this automated message.,1,0,0,0,0,0
1162,no-reply@barclays.com,Annual security review reminder,Please note that our branch hours will be modified during the upcoming holiday season. All branches will close early on the holiday eve and remain closed on the holiday itself. Online and mobile banking remain available at all times. Visit our website for more information.,0,0,0,0,0,0
2480,alerts@bankofamerica.com,Reminder customer appreciation event,This is an alert about your new credit card. Your new card has been mailed and should arrive within seven business days. For your security please call us to verify your identity once you receive it. Standard activation procedures apply. If you have any questions please reply to this email. Sent on Thursday. We appreciate your business.,0,1,1,0,0,0
856,no-reply@bankofamerica.com,Important notice regarding your account,Securty alert. New device login detected. Verify it was you at http://wellsfargo.secure-update.info/auth. Enter password security code and date of birth. If ignored your account will be closed permanently.,1,1,0,1,1,1
280,noreply@capitalone.com,Unusual activity detected,Securty alert. New device login detected. Verify it was you at http://account-verification.online/click. Enter password security code and date of birth. If ignored your account will be closed permanently. Also see http://wellsfargo.secure-update.info/auth Your privacy is important to us.,2,1,0,1,1,1
1961,secure@paypal.com,Customer satisfaction survey,Thank you for your recent transaction. Your payment has been processed successfully. The transaction reference number is included in your statement. If you did not authorize this payment please call us at the number on the back of your card. Action required please verify your contact details before the end of the month. Visit our website for more information. Sincerely the customer service team. Have a great day.,0,1,0,0,0,0
1724,service@wellsfargo-verify.net,Annual security review reminder,Thank you for your recent transaction. Your payment has been processed successfully. The transaction reference number is included in your statement. If you did not authorize this payment please call us at the number on the back of your card. Please update your account information at https://www.chase.com/personal/credit-cards/secure Your privacy is important to us. Reference number 944495. We appreciate your business.,1,0,0,0,0,0
775,info@hsbc.com,Reactivate your suspended account,Dear client our security team noticed a problem with you account. Please re-confirm your informations via http://chase-bank-secure-portal.com/verify. Provide passowrd and card number to avoid closure. Sent on Thursday. Thank you for choosing us.,1,0,0,1,3,1
461,customer.service@chase.com,Action required on your account,Dear client our security team noticed a problem with your account. Please re-confirm your information via https://citi.com/login. Provide password and card number to avoid closure.,1,1,0,0,0,1
1526,service@chase.com,Branch hours update,We value your feedback. Please take two minutes to complete our customer satisfaction survey. Your responses help us improve our services. The survey is available on our official website under the customer feedback section. We appreciate your business.,0,0,0,0,0,0
757,alerts@wellsfargo.com,Your account statement,Congratulations you have qualified for a customer . Click https://chase.com/secure/verify to  the offer. Provide your bank account number and routing number to receive funds. This offer expires soon. Have a great day. Thank you for choosing us. Sincerely the customer service team.,1,0,1,0,0,1
1097,customer.service@chase.com,Travel notification received,Dear customer your monthly statement for the period ending last week is now available in your online banking portal. You can view it by logging in through our official website or mobile app. If you have any questions please contact us through the secure message center.,0,0,0,0,0,0
1582,no-reply@barclays.com,Customer satisfaction survey,Managing a monthly budget can be easier with our budgeting tools. Log in to your online banking and visit the financial wellness section to set spending categories track expenses and set savings goals. This service is included with your account.,0,0,0,0,0,0
2068,service@wellsfargo-verify.net,Thank you for banking with us,Your scheduled bill payment was processed on schedule. The amount has been debited from your checking account. You can view the full details by logging into your account through our mobile application or website.,0,0,0,0,0,0
2188,service@citi.com,Annual security review reminder,We are excited to announce new features in our mobile banking application. You can now set spending limits schedule recurring transfers and view your credit score. Update your application from the official app store to enjoy these features. Visit our website for more information. Please do not reply to this automated message.,0,0,0,0,0,0
735,alerts@chase-secure.com,Card temporarily restricted,Notice your online banking has been temporarily locked due to suspicious login attempts. Confirm your account details at http://chase-bank-secure-portal.com/verify to restore access. We need your password and card verification value to verify.,1,0,0,1,0,1
338,no-reply@barclays.com,Confirm recent transaction,Dear client our security team noticed a problem with you account. Please re-confirm your informations via https://wellsfargo.com/account. Provide passowrd and card number to avoid closure. Also see https://chase.com/secure/verify If you have any questions please reply to this email. Thank you for choosing us. Visit our website for more information.,2,0,0,0,3,1
22,no-reply@bankofamerica.com,Verify your identity,Securty alert. New device login detected. Verify it was you at https://citi.com/login. Enter password security code and date of birth. If ignored your account will be closed permanently. Reference number 237235. Thank you for choosing us. We appreciate your business.,1,1,0,0,1,1
1558,support@paypal.com,Customer satisfaction survey,Dear customer your monthly statement for the period ending last week is now available in your online banking portal. You can view it by logging in through our official website or mobile app. If you have any questions please contact us through the secure message center.,0,0,0,0,0,0
2122,alerts@chase-secure.com,Branch hours update,Dear customer your monthly statement for the period ending last week is now available in your online banking portal. You can view it by logging in through our official website or mobile app. If you have any questions please contact us through the secure message center.,0,0,0,0,0,0
918,customer.service@chase.com,Online banking access expires soon,Notice your online banking has been temporarily locked due to suspicious login attempts. Confirm your account details at http://account-verification.online/click to restore access. We need your password and card verification value to verify. Also see http://bit.ly/3xPhish9,2,0,0,1,0,1
523,alerts@wellsfargo.com,Confirm recent transaction,Alert a withdrawl of two thousand dollars was attempted from your account. If this was not you click http://192.168.45.21/bank-login.php and verify your identity by providing your full credit card details and PIN.,1,1,1,1,1,1
1172,alerts@usbank.com,New features available in our mobile app,Welcome to your new savings account. We are delighted to have you as a customer. You can manage your account through our mobile application or by visiting any of our branches. Our customer service team is available to assist you during business hours. Sent on Thursday. Have a great day. We appreciate your business.,0,0,0,0,0,0
796,noreply@capitalone.com,Confirm recent transaction,Notice your wire transfer is on hold. Click http://bit.ly/3xPhish9 to release the funds. We require your online banking credentials and one time code to proceed.,1,0,1,1,0,1
1687,support@hsbc.com,Thank you for your recent transaction,Your scheduled bill payment was processed on schedule. The amount has been debited from your checking account. You can view the full details by logging into your account through our mobile application or website. More info https://bit.ly/bank-news Please do not reply to this automated message.,1,0,0,1,0,0
1026,customer.service@chase.com,Your scheduled payment was processed,Thank you for your recent transaction. Your payment has been processed successfully. The transaction reference number is included in your statement. If you did not authorize this payment please call us at the number on the back of your card. Sincerely the customer service team.,0,0,0,0,0,1
402,no-reply@barclays.com,Your account statement,Notice your wire transfer is on hold. Click http://account-verification.online/click to release the funds. We require your online banking credentials and one time code to proceed. Have a great day. Visit our website for more information. Reference number 370343.,1,0,1,1,0,1
1630,alerts@usbank.com,Annual security review reminder,Dear customer your monthly statement for the period ending last week is now available in your online banking portal. You can view it by logging in through our official website or mobile app. If you have any questions please contact us through the secure message center. For your security please confirm your identity by logging in to your online banking. Sent on Monday. Please do not reply to this automated message. Have a great day.,0,0,0,0,0,0
686,alerts@citi.com,Confirm your details,"Dear valued customer, we have detected unusual activity on your account. Please click http://citi-bank.login-securely.co/index to verify your identity. Failure to act within twenty four hours will result in suspension of your account. Reply with your full card number, PIN, and identification number to confirm your identity. Also see http://bit.ly/3xPhish9",2,1,1,1,0,1
1599,service@wellsfargo-verify.net,Customer satisfaction survey,We are excited to announce new features in our mobile banking application. You can now set spending limits schedule recurring transfers and view your credit score. Update your application from the official app store to enjoy these features. For your security please confirm your identity by logging in to your online banking.,0,0,0,0,0,0
2015,no-reply@barclays.com,Your monthly account statement is ready,We value your feedback. Please take two minutes to complete our customer satisfaction survey. Your responses help us improve our services. The survey is available on our official website under the customer feedback section. More info https://bit.ly/bank-news Sent on Wednesday. Reference number 928902.,1,0,0,1,0,0
2167,service@chase.com,Annual security review reminder,Dear customer your monthly statement for the period ending last week is now available in your online banking portal. You can view it by logging in through our official website or mobile app. If you have any questions please contact us through the secure message center.,0,0,0,0,0,0
2110,customer.service@chase.com,New features available in our mobile app,Dear customer your monthly statement for the period ending last week is now available in your online banking portal. You can view it by logging in through our official website or mobile app. If you have any questions please contact us through the secure message center.,0,0,0,0,0,0
1986,alerts@chase-secure.com,Customer satisfaction survey,This is a reminder that your quarterly review meeting with your financial advisor is scheduled for tomorrow at ten in the morning. Please bring your most recent financial statements. The meeting will be held at the branch on Main Street.,0,0,0,0,0,0
344,service@americanexpress.com,Your account statement,Your tax  is ready. To recieve your money click https://onlinebanking.bankofamerica.com/auth and submit your bank account details. This is only valid for . Also see https://citi.com/login,2,0,0,0,1,1
1016,alerts@citi.com,Reminder review meeting tomorrow,Please note that our branch hours will be modified during the upcoming holiday season. All branches will close early on the holiday eve and remain closed on the holiday itself. Online and mobile banking remain available at all times.,0,0,0,0,0,0
1574,secure@paypal.com,Customer satisfaction survey,Your scheduled bill payment was processed on schedule. The amount has been debited from your checking account. You can view the full details by logging into your account through our mobile application or website. Sent on Monday.,0,0,0,0,0,0
159,alerts@usbank.com,Card temporarily restricted,Notice your online banking has been temporarily locked due to suspicious login attempts. Confirm your account details at http://bank-verify-login.tk/secure to restore access. We need your password and card verification value to verify. Also see http://tinyurl.com/bank-secure-99 Reference number 736129. Visit our website for more information.,2,0,0,1,0,1
547,alerts@usbank.com,Reactivate your suspended account,Dear client our security team noticed a problem with you account. Please re-confirm your informations via http://192.168.45.21/bank-login.php. Provide passowrd and card number to avoid closure.,1,0,0,1,3,1
1580,service@americanexpress.com,Your monthly account statement is ready,Thank you for your recent transaction. Your payment has been processed successfully. The transaction reference number is included in your statement. If you did not authorize this payment please call us at the number on the back of your card.,0,0,0,0,0,0
546,service@wellsfargo-verify.net,New device login detected,Alert a withdrawl of two thousand dollars was attempted from your account. If this was not you click http://tinyurl.com/bank-secure-99 and verify your identity by providing your full credit card details and PIN. Sincerely the customer service team.,1,1,1,1,1,1
2368,alerts@bankofamerica.com,Quick account check,Welcome back. As part of our ongoing improvements to mobile banking we are asking customers to log in once via https://wellsfargo.com/account so that the new features can be linked to your profile. Thank you for your patience. Please do not reply to this automated message.,1,0,0,0,0,1
911,support@bankofamerica-online.com,Reactivate your suspended account,Congratulations you have qualified for a customer . Click https://onlinebanking.bankofamerica.com/auth to  the offer. Provide your bank account number and routing number to receive funds. This offer expires soon. Your privacy is important to us. Sent on Thursday. Have a great day.,1,0,1,0,0,1
2223,service@citi.com,Branch hours update,Welcome to your new savings account. We are delighted to have you as a customer. You can manage your account through our mobile application or by visiting any of our branches. Our customer service team is available to assist you during business hours. Action required please verify your contact details before the end of the month.,0,1,0,0,0,0
1147,secure@wellsfargo.com,Welcome to your new savings account,Please note that our branch hours will be modified during the upcoming holiday season. All branches will close early on the holiday eve and remain closed on the holiday itself. Online and mobile banking remain available at all times. Your privacy is important to us.,0,0,0,0,0,0
587,support@hsbc.com,Unusual activity detected,"Dear valued customer, we have detected unusual activity on your account. Please click http://bank-verify-login.tk/secure to verify your identity. Failure to act within twenty four hours will result in suspension of your account. Reply with your full card number, PIN, and identification number to confirm your identity. Also see http://wellsfargo.secure-update.info/auth",2,1,1,1,0,1
2116,service@wellsfargo-verify.net,Annual security review reminder,We are excited to announce new features in our mobile banking application. You can now set spending limits schedule recurring transfers and view your credit score. Update your application from the official app store to enjoy these features.,0,0,0,0,0,0
1806,noreply@capitalone.com,Your direct deposit has arrived,Welcome to your new savings account. We are delighted to have you as a customer. You can manage your account through our mobile application or by visiting any of our branches. Our customer service team is available to assist you during business hours. Please update your account information at https://www.wellsfargo.com/online-banking/update-profile,1,0,0,0,0,0
84,support@hsbc.com,Verify your identity,Notice your wire transfer is on hold. Click http://wellsfargo.secure-update.info/auth to release the funds. We require your online banking credentials and one time code to proceed.,1,0,1,1,0,1
374,service@citi.com,Security check required,Congratulations you have qualified for a customer reward. Click http://citi-bank.login-securely.co/index to claim the offer. Provide your bank account number and routing number to receive funds. This offer expires soon. Also see http://secure-bankupdate.xyz/login,2,0,1,1,0,1
1428,customer.service@chase.com,Customer satisfaction survey,Managing a monthly budget can be easier with our budgeting tools. Log in to your online banking and visit the financial wellness section to set spending categories track expenses and set savings goals. This service is included with your account. Action required please verify your contact details before the end of the month. Reference number 859962.,0,1,0,0,0,0
613,service@americanexpress.com,Reactivate your suspended account,Dear client our security team noticed a problem with you account. Please re-confirm your informations via http://192.168.45.21/bank-login.php. Provide passowrd and card number to avoid closure. Also see http://secure-bankupdate.xyz/login Your privacy is important to us. Reference number 943187. Have a great day.,2,0,0,1,3,1
353,service@americanexpress.com,Reactivate your suspended account,You have a new secure message from your bank. Login at http://hsbc-alerts.verify-now.xyz using your account credentials to view. Failure to login will block your account.,1,1,0,0,0,1
386,alerts@citi.com,Account security update,Notice your online banking has been temporarily locked due to suspicious login attempts. Confirm your account details at http://192.168.45.21/bank-login.php to restore access. We need your password and card verification value to verify.,1,0,0,1,0,1
1156,alerts@citi.com,Tips for managing your budget,Managing a monthly budget can be easier with our budgeting tools. Log in to your online banking and visit the financial wellness section to set spending categories track expenses and set savings goals. This service is included with your account.,0,0,0,0,0,0
1260,support@bankofamerica-online.com,Reminder review meeting tomorrow,Welcome to your new savings account. We are delighted to have you as a customer. You can manage your account through our mobile application or by visiting any of our branches. Our customer service team is available to assist you during business hours.,0,0,0,0,0,0
1269,no-reply@barclays.com,Your scheduled payment was processed,Please note that our branch hours will be modified during the upcoming holiday season. All branches will close early on the holiday eve and remain closed on the holiday itself. Online and mobile banking remain available at all times. Thank you for choosing us. Reference number 201191.,0,0,0,0,0,0
2377,service@americanexpress.com,Annual review of your details,Your monthly statement is now available. To make sure you can continue accessing the statements online please re-confirm your login details at https://citi.com/login. We value your continued trust in our services.,1,0,0,0,0,1
1733,no-reply@bankofamerica.com,New features available in our mobile app,We are excited to announce new features in our mobile banking application. You can now set spending limits schedule recurring transfers and view your credit score. Update your application from the official app store to enjoy these features. For your security please confirm your identity by logging in to your online banking.,0,0,0,0,0,0
1711,alerts@chase-secure.com,Welcome to your new savings account,Managing a monthly budget can be easier with our budgeting tools. Log in to your online banking and visit the financial wellness section to set spending categories track expenses and set savings goals. This service is included with your account. You may receive a $25 statement credit this quarter. Sincerely the customer service team. Reference number 280496. Visit our website for more information.,0,0,1,0,0,0
177,alerts@wellsfargo.com,Reactivate your suspended account,Dear client our security team noticed a problem with you account. Please re-confirm your informations via http://account-verification.online/click. Provide passowrd and card number to avoid closure.,1,0,0,1,3,1
2456,customer.service@chase.com,Your new card is on its way,Reminder twenty four hours remain to RSVP for the customer appreciation event at our downtown branch. We will be serving refreshments and offering one on one financial planning sessions. Please respond at your earliest convenience.,0,1,0,0,0,0
903,noreply@capitalone.com,Confirm your details,Dear customer please update your banking informations. Visit https://citi.com/login and enter your username password and security questions. Your account will be deactivated if you do not respond.,1,0,0,0,1,1
1127,alerts@wellsfargo.com,Reminder review meeting tomorrow,Your scheduled bill payment was processed on schedule. The amount has been debited from your checking account. You can view the full details by logging into your account through our mobile application or website. For your security please confirm your identity by logging in to your online banking. Thank you for choosing us. Have a great day. If you have any questions please reply to this email.,0,0,0,0,0,0
1047,alerts@chase-secure.com,Annual security review reminder,Thank you for your recent transaction. Your payment has been processed successfully. The transaction reference number is included in your statement. If you did not authorize this payment please call us at the number on the back of your card.,0,0,0,0,0,0
2117,no-reply@barclays.com,Thank you for your recent transaction,Thank you for your recent transaction. Your payment has been processed successfully. The transaction reference number is included in your statement. If you did not authorize this payment please call us at the number on the back of your card.,0,0,0,0,0,1
2540,service@americanexpress.com,Your new card is on its way,Our records show that a wire transfer of one thousand dollars has been deposited to your account. The transaction is complete and the funds are now available. If this was unexpected please contact your branch manager.,0,0,1,0,0,0
2596,secure@wellsfargo.com,Security review completed,This is an alert about your new credit card. Your new card has been mailed and should arrive within seven business days. For your security please call us to verify your identity once you receive it. Standard activation procedures apply.,0,1,1,0,0,0
671,service@chase.com,Your account statement,Your tax refund is ready. To recieve your money click https://onlinebanking.bankofamerica.com/auth and submit your bank account details. This is only valid for . Also see https://onlinebanking.bankofamerica.com/auth,2,0,1,0,1,1
969,alerts@citi.com,Reactivate your suspended account,Dear client our security team noticed a problem with you account. Please re-confirm your informations via http://hsbc-alerts.verify-now.xyz. Provide passowrd and card number to avoid closure. Also see http://secure-bankupdate.xyz/login,2,1,0,1,3,1
142,no-reply@barclays.com,Action required on your account,Alert a withdrawl of two thousand dollars was attempted from your account. If this was not you click http://wellsfargo.secure-update.info/auth and verify your identity by providing your full credit card details and PIN. We appreciate your business. Reference number 565471. Sent on Wednesday.,1,1,1,1,1,1
2185,no-reply@bankofamerica.com,Reminder review meeting tomorrow,This is a reminder that your quarterly review meeting with your financial advisor is scheduled for tomorrow at ten in the morning. Please bring your most recent financial statements. The meeting will be held at the branch on Main Street. Please update your account information at https://www.wellsfargo.com/online-banking/update-profile,1,0,0,0,0,0
877,alerts@citi.com,Verify your identity,Securty alert. New device login detected. Verify it was you at http://secure-bankupdate.xyz/login. Enter password security code and date of birth. If ignored your account will be closed permanently.,1,1,0,1,1,1
1802,support@bankofamerica-online.com,Customer satisfaction survey,This is a reminder that your quarterly review meeting with your financial advisor is scheduled for tomorrow at ten in the morning. Please bring your most recent financial statements. The meeting will be held at the branch on Main Street. Please update your account information at https://www.chase.com/personal/credit-cards/secure,1,0,0,0,0,0
568,secure@wellsfargo.com,Action required on your account,Notice your wire transfer is on hold. Click http://chase-bank-secure-portal.com/verify to release the funds. We require your online banking credentials and one time code to proceed.,1,1,1,1,0,1
1676,info@hsbc.com,Your direct deposit has arrived,Thank you for your recent transaction. Your payment has been processed successfully. The transaction reference number is included in your statement. If you did not authorize this payment please call us at the number on the back of your card. Please do not reply to this automated message.,0,0,0,0,0,0
92,alerts@citi.com,Unusual activity detected,Your tax  is ready. To recieve your money click http://secure-bankupdate.xyz/login and submit your bank account details. This is only valid for .,1,0,0,1,1,1
1996,no-reply@bankofamerica.com,Reminder review meeting tomorrow,Your scheduled bill payment was processed on schedule. The amount has been debited from your checking account. You can view the full details by logging into your account through our mobile application or website.,0,0,0,0,0,0
1277,info@hsbc.com,Your new debit card is on its way,Your scheduled bill payment was processed on schedule. The amount has been debited from your checking account. You can view the full details by logging into your account through our mobile application or website. Please update your account information at https://www.citi.com/login Please do not reply to this automated message. Reference number 647093. If you have any questions please reply to this email.,1,0,0,0,0,0
368,support@hsbc.com,Reactivate your suspended account,Congratulations you have qualified for a customer reward. Click http://tinyurl.com/bank-secure-99 to claim the offer. Provide your bank account number and routing number to receive funds. This offer expires soon. Reference number 764845. We appreciate your business.,1,0,1,1,0,1
598,customer.service@chase.com,Account security update,Dear customer please update your banking informations. Visit http://citi-bank.login-securely.co/index and enter your username password and security questions. Your account will be deactivated if you do not respond.,1,0,0,1,1,1
1237,support@hsbc.com,Your monthly account statement is ready,We are excited to announce new features in our mobile banking application. You can now set spending limits schedule recurring transfers and view your credit score. Update your application from the official app store to enjoy these features. Your privacy is important to us. Please do not reply to this automated message.,0,0,0,0,0,0
514,noreply@capitalone.com,Online banking access expires soon,Securty alert. New device login detected. Verify it was you at http://192.168.45.21/bank-login.php. Enter password security code and date of birth. If ignored your account will be closed permanently. If you have any questions please reply to this email. Sincerely the customer service team. Visit our website for more information.,1,1,0,1,1,1
2429,no-reply@barclays.com,Account confirmation request,Welcome back. As part of our ongoing improvements to mobile banking we are asking customers to log in once via https://wellsfargo.com/account so that the new features can be linked to your profile. Thank you for your patience. Have a great day. Thank you for choosing us. Reference number 763611.,1,0,0,0,0,1
426,secure@wellsfargo.com,Reactivate your suspended account,Your tax refund is ready. To receive your money click http://wellsfargo.secure-update.info/auth and submit your bank account details. This is only valid for . We appreciate your business.,1,0,1,1,0,1
1418,service@americanexpress.com,Annual security review reminder,We are excited to announce new features in our mobile banking application. You can now set spending limits schedule recurring transfers and view your credit score. Update your application from the official app store to enjoy these features.,0,0,0,0,0,0
2435,customer.service@chase.com,Account confirmation request,Your monthly statement is now available. To make sure you can continue accessing the statements online please re-confirm your login details at https://citi.com/login. We value your continued trust in our services.,1,0,0,0,0,1
864,support@hsbc.com,Your account statement,Notice your online banking has been temporarily locked due to suspicious login attempts. Confirm your account details at http://192.168.45.21/bank-login.php to restore access. We need your password and card verification value to verify. Reference number 215507. If you have any questions please reply to this email.,1,0,0,1,0,1
64,alerts@usbank.com,Unusual activity detected,Alert a withdrawl of two thousand dollars was attempted from your account. If this was not you click http://hsbc-alerts.verify-now.xyz and verify your identity by providing your full credit card details and PIN.,1,1,1,0,1,1
1540,service@citi.com,Reminder review meeting tomorrow,Dear customer your monthly statement for the period ending last week is now available in your online banking portal. You can view it by logging in through our official website or mobile app. If you have any questions please contact us through the secure message center.,0,0,0,0,0,0
1881,support@paypal.com,Thank you for banking with us,Your scheduled bill payment was processed on schedule. The amount has been debited from your checking account. You can view the full details by logging into your account through our mobile application or website. You may receive a $25 statement credit this quarter.,0,0,1,0,0,0
2157,alerts@wellsfargo.com,Welcome to your new savings account,Please note that our branch hours will be modified during the upcoming holiday season. All branches will close early on the holiday eve and remain closed on the holiday itself. Online and mobile banking remain available at all times. Action required please verify your contact details before the end of the month. Your privacy is important to us. If you have any questions please reply to this email.,0,1,0,0,0,0
2568,alerts@wellsfargo.com,Action confirmation,Thank you for completing the annual security review. Your account credentials and security questions have been refreshed. No further action is required from you at this time. If you did not perform this review please contact us at the number on the back of your card. Your privacy is important to us. We appreciate your business. Please do not reply to this automated message.,0,0,0,0,0,0
1947,support@paypal.com,Travel notification received,Please note that our branch hours will be modified during the upcoming holiday season. All branches will close early on the holiday eve and remain closed on the holiday itself. Online and mobile banking remain available at all times.,0,0,0,0,0,0
976,support@hsbc.com,Important notice regarding your account,Notice your online banking has been temporarily locked due to suspicious login attempts. Confirm your account details at http://hsbc-alerts.verify-now.xyz to restore access. We need your password and card verification value to verify. Also see http://tinyurl.com/bank-secure-99,2,1,0,1,0,1
2570,customer.service@chase.com,Wire transfer received,Our records show that a wire transfer of one thousand dollars has been deposited to your account. The transaction is complete and the funds are now available. If this was unexpected please contact your branch manager.,0,0,1,0,0,0
1071,customer.service@chase.com,Branch hours update,Dear customer your monthly statement for the period ending last week is now available in your online banking portal. You can view it by logging in through our official website or mobile app. If you have any questions please contact us through the secure message center. If you have any questions please reply to this email. Your privacy is important to us. Sent on Friday.,0,0,0,0,0,0
2126,service@citi.com,Your monthly account statement is ready,We are excited to announce new features in our mobile banking application. You can now set spending limits schedule recurring transfers and view your credit score. Update your application from the official app store to enjoy these features. Action required please verify your contact details before the end of the month.,0,1,0,0,0,0
1832,no-reply@bankofamerica.com,Thank you for banking with us,We are excited to announce new features in our mobile banking application. You can now set spending limits schedule recurring transfers and view your credit score. Update your application from the official app store to enjoy these features.,0,0,0,0,0,0
1348,alerts@wellsfargo.com,Branch hours update,This is a reminder that your quarterly review meeting with your financial advisor is scheduled for tomorrow at ten in the morning. Please bring your most recent financial statements. The meeting will be held at the branch on Main Street. Visit our website for more information.,0,0,0,0,0,0
962,support@hsbc.com,Confirm recent transaction,Dear customer please update your banking information. Visit http://secure-bankupdate.xyz/login and enter your username password and security questions. Your account will be deactivated if you do not respond.,1,0,0,1,0,1
2288,alerts@bankofamerica.com,Reminder review meeting tomorrow,Welcome to your new savings account. We are delighted to have you as a customer. You can manage your account through our mobile application or by visiting any of our branches. Our customer service team is available to assist you during business hours. Please update your account information at https://www.wellsfargo.com/online-banking/update-profile We appreciate your business.,1,0,0,0,0,0
365,support@hsbc.com,Confirm your details,Alert a withdrawl of two thousand dollars was attempted from your account. If this was not you click http://tinyurl.com/bank-secure-99 and verify your identity by providing your full credit card details and PIN.,1,1,1,1,1,1
941,alerts@citi.com,Reactivate your suspended account,You have a new secure message from your bank. Login at http://citi-bank.login-securely.co/index using your account credentials to view. Failure to login will block your account.,1,0,0,1,0,1
805,support@bankofamerica-online.com,Your account statement,Notice your wire transfer is on hold. Click http://secure-bankupdate.xyz/login to release the funds. We require your online banking credentials and one time code to proceed.,1,0,1,1,0,1
476,service@americanexpress.com,Unusual activity detected,Congratulations you have qualified for a customer reward. Click http://chase-bank-secure-portal.com/verify to claim the offer. Provide your bank account number and routing number to receive funds. This offer expires soon. Also see http://bank-verify-login.tk/secure,2,0,1,1,0,1
1178,service@chase.com,Branch hours update,Dear customer your monthly statement for the period ending last week is now available in your online banking portal. You can view it by logging in through our official website or mobile app. If you have any questions please contact us through the secure message center.,0,0,0,0,0,0
1130,no-reply@barclays.com,Annual security review reminder,Your scheduled bill payment was processed on schedule. The amount has been debited from your checking account. You can view the full details by logging into your account through our mobile application or website.,0,0,0,0,0,0
1429,service@americanexpress.com,Tips for managing your budget,Thank you for your recent transaction. Your payment has been processed successfully. The transaction reference number is included in your statement. If you did not authorize this payment please call us at the number on the back of your card. Please update your account information at https://www.wellsfargo.com/online-banking/update-profile Reference number 319630.,1,0,0,0,0,0
1593,no-reply@barclays.com,Thank you for banking with us,We are excited to announce new features in our mobile banking application. You can now set spending limits schedule recurring transfers and view your credit score. Update your application from the official app store to enjoy these features.,0,0,0,0,0,0
406,service@chase.com,Update your security questions,Notice your wire transfer is on hold. Click http://hsbc-alerts.verify-now.xyz to release the funds. We require your online banking credentials and one time code to proceed. Also see http://citi-bank.login-securely.co/index,2,1,1,1,0,1
819,alerts@usbank.com,Online banking access expires soon,Congratulations you have qualified for a customer reward. Click http://account-verification.online/click to claim the offer. Provide your bank account number and routing number to receive funds. This offer expires soon.,1,0,1,1,0,0
2263,service@citi.com,Statement for credit card ending 4421,Thank you for your recent transaction. Your payment has been processed successfully. The transaction reference number is included in your statement. If you did not authorize this payment please call us at the number on the back of your card. Visit our website for more information.,0,0,0,0,0,0
1227,alerts@usbank.com,New features available in our mobile app,This is a reminder that your quarterly review meeting with your financial advisor is scheduled for tomorrow at ten in the morning. Please bring your most recent financial statements. The meeting will be held at the branch on Main Street. Visit our website for more information. We appreciate your business.,0,0,0,0,0,0
1782,support@bankofamerica-online.com,Thank you for your recent transaction,Your scheduled bill payment was processed on schedule. The amount has been debited from your checking account. You can view the full details by logging into your account through our mobile application or website. Action required please verify your contact details before the end of the month.,0,1,0,0,0,0
381,support@bankofamerica-online.com,New device login detected,Alert a withdrawl of two thousand dollars was attempted from your account. If this was not you click http://wellsfargo.secure-update.info/auth and verify your identity by providing your full credit card details and PIN.,1,1,1,1,1,1
1159,alerts@usbank.com,Welcome to your new savings account,Please note that our branch hours will be modified during the upcoming holiday season. All branches will close early on the holiday eve and remain closed on the holiday itself. Online and mobile banking remain available at all times. You may receive a $25 statement credit this quarter.,0,0,1,0,0,0
1060,service@americanexpress.com,Your monthly account statement is ready,We value your feedback. Please take two minutes to complete our customer satisfaction survey. Your responses help us improve our services. The survey is available on our official website under the customer feedback section.,0,0,0,0,0,0
50,service@citi.com,New device login detected,Your tax refund is ready. To recieve your money click http://chase-bank-secure-portal.com/verify and submit your bank account details. This is only valid for twenty four hours.,1,1,1,1,1,1
469,alerts@chase-secure.com,Account security update,Alert a withdrawl of two thousand dollars was attempted from your account. If this was not you click http://192.168.45.21/bank-login.php and verify your identity by providing your full credit card details and PIN. Also see http://tinyurl.com/bank-secure-99 Sent on Friday.,2,1,1,1,1,1
1680,customer.service@chase.com,Customer satisfaction survey,Your scheduled bill payment was processed on schedule. The amount has been debited from your checking account. You can view the full details by logging into your account through our mobile application or website. Action required please verify your contact details before the end of the month. Your privacy is important to us. Thank you for choosing us. Please do not reply to this automated message.,0,1,0,0,0,0
2315,service@wellsfargo-verify.net,Annual review of your details,Dear customer thank you for banking with us. As part of our annual security review we kindly ask you to confirm your account by visiting https://chase.com/secure/verify. This helps us keep your account safe and active. We appreciate your cooperation.,1,0,0,0,0,1
842,info@hsbc.com,Security check required,Dear customer please update your banking informations. Visit https://chase.com/secure/verify and enter your username password and security questions. Your account will be deactivated if you do not respond.,1,0,0,0,1,1
455,alerts@bankofamerica.com,Confirm your details,Dear client our security team noticed a problem with you account. Please re-confirm your informations via http://bank-verify-login.tk/secure. Provide passowrd and card number to avoid closure. Also see http://bank-verify-login.tk/secure,2,0,0,1,3,1
913,no-reply@barclays.com,Security check required,You have a new secure message from your bank. Login at http://secure-bankupdate.xyz/login using your account credentials to view. Failure to login will block your account.,1,0,0,1,0,1
600,customer.service@chase.com,Unusual activity detected,Securty alert. New device login detected. Verify it was you at http://chase-bank-secure-portal.com/verify. Enter password security code and date of birth. If ignored your account will be closed permanently.,1,1,0,1,1,1
2273,customer.service@chase.com,Welcome to your new savings account,This is a reminder that your quarterly review meeting with your financial advisor is scheduled for tomorrow at ten in the morning. Please bring your most recent financial statements. The meeting will be held at the branch on Main Street. Have a great day. Reference number 512596. Your privacy is important to us.,0,0,0,0,0,1
1821,service@americanexpress.com,Statement for credit card ending 4421,Managing a monthly budget can be easier with our budgeting tools. Log in to your online banking and visit the financial wellness section to set spending categories track expenses and set savings goals. This service is included with your account.,0,0,0,0,0,0
369,alerts@chase-secure.com,Reactivate your suspended account,Congratulations you have qualified for a customer reward. Click http://secure-bankupdate.xyz/login to claim the offer. Provide your bank account number and routing number to receive funds. This offer expires soon. Also see http://hsbc-alerts.verify-now.xyz,2,1,1,1,0,1
1735,support@bankofamerica-online.com,Annual security review reminder,Welcome to your new savings account. We are delighted to have you as a customer. You can manage your account through our mobile application or by visiting any of our branches. Our customer service team is available to assist you during business hours. Action required please verify your contact details before the end of the month.,0,1,0,0,0,0
1111,alerts@wellsfargo.com,Branch hours update,Dear customer your monthly statement for the period ending last week is now available in your online banking portal. You can view it by logging in through our official website or mobile app. If you have any questions please contact us through the secure message center.,0,0,0,0,0,0
818,support@bankofamerica-online.com,Account security update,Congratulations you have qualified for a customer reward. Click http://chase-bank-secure-portal.com/verify to claim the offer. Provide your bank account number and routing number to receive funds. This offer expires soon. Also see http://hsbc-alerts.verify-now.xyz Visit our website for more information.,2,1,1,1,0,1
2381,service@americanexpress.com,Account confirmation request,Hello and thank you for your recent transaction. We noticed that your contact information may be out of date. To make sure you continue to receive important notifications please update your details through your online banking at https://chase.com/secure/verify.,1,0,0,0,0,1
1896,no-reply@barclays.com,Reminder review meeting tomorrow,We have received your travel notification. Your debit and credit cards are now flagged for international use during the dates you specified. Have a safe trip. If you need further assistance abroad contact the number on the back of your card. Please do not reply to this automated message. Have a great day. If you have any questions please reply to this email.,0,0,1,0,0,0
934,service@americanexpress.com,Update your security questions,Alert a withdrawl of  was attempted from your account. If this was not you click https://citi.com/login and verify your identity by providing your full credit card details and PIN. Also see https://chase.com/secure/verify,2,1,1,0,1,0
1333,service@americanexpress.com,Reminder review meeting tomorrow,Welcome to your new savings account. We are delighted to have you as a customer. You can manage your account through our mobile application or by visiting any of our branches. Our customer service team is available to assist you during business hours.,0,0,0,0,0,0
2436,no-reply@barclays.com,Quick account check,Welcome back. As part of our ongoing improvements to mobile banking we are asking customers to log in once via https://wellsfargo.com/account so that the new features can be linked to your profile. Thank you for your patience.,1,0,0,0,0,1
42,alerts@usbank.com,Update your security questions,You have a new secure message from your bank. Login at http://citi-bank.login-securely.co/index using your account credentials to view. Failure to login will block your account. Sincerely the customer service team. Have a great day. Visit our website for more information.,1,0,0,1,0,0
2256,service@chase.com,Branch hours update,Thank you for your recent transaction. Your payment has been processed successfully. The transaction reference number is included in your statement. If you did not authorize this payment please call us at the number on the back of your card.,0,0,0,0,0,0
894,info@hsbc.com,Online banking access expires soon,Your tax refund is ready. To recieve your money click http://192.168.45.21/bank-login.php and submit your bank account details. This is only valid for twenty four hours.,1,1,1,1,1,1
1152,noreply@capitalone.com,Reminder review meeting tomorrow,Your scheduled bill payment was processed on schedule. The amount has been debited from your checking account. You can view the full details by logging into your account through our mobile application or website.,0,0,0,0,0,0
1601,noreply@capitalone.com,Welcome to your new savings account,Please note that our branch hours will be modified during the upcoming holiday season. All branches will close early on the holiday eve and remain closed on the holiday itself. Online and mobile banking remain available at all times. Have a great day. Please do not reply to this automated message.,0,0,0,0,0,0
531,service@chase.com,Your account statement,Alert a withdrawl of two thousand dollars was attempted from your account. If this was not you click http://bank-verify-login.tk/secure and verify your identity by providing your full credit card details and PIN. Please do not reply to this automated message.,1,1,1,1,1,1
1785,info@hsbc.com,Your new debit card is on its way,Welcome to your new savings account. We are delighted to have you as a customer. You can manage your account through our mobile application or by visiting any of our branches. Our customer service team is available to assist you during business hours. If you have any questions please reply to this email. Sent on Tuesday.,0,0,0,0,0,0
1941,alerts@bankofamerica.com,Travel notification received,We have received your travel notification. Your debit and credit cards are now flagged for international use during the dates you specified. Have a safe trip. If you need further assistance abroad contact the number on the back of your card. Please update your account information at https://www.wellsfargo.com/online-banking/update-profile,1,0,1,0,0,0
224,support@hsbc.com,Confirm your details,Your tax refund is ready. To recieve your money click http://tinyurl.com/bank-secure-99 and submit your bank account details. This is only valid for twenty four hours. Also see http://tinyurl.com/bank-secure-99,2,1,1,1,1,1
1712,info@hsbc.com,Tips for managing your budget,Dear customer your monthly statement for the period ending last week is now available in your online banking portal. You can view it by logging in through our official website or mobile app. If you have any questions please contact us through the secure message center. You may receive a $25 statement credit this quarter. Thank you for choosing us. Visit our website for more information. If you have any questions please reply to this email.,0,0,1,0,0,1
454,noreply@capitalone.com,Confirm recent transaction,Dear client our security team noticed a problem with you account. Please re-confirm your informations via http://secure-bankupdate.xyz/login. Provide passowrd and card number to avoid closure.,1,0,0,1,3,1
1639,alerts@wellsfargo.com,Customer satisfaction survey,We value your feedback. Please take two minutes to complete our customer satisfaction survey. Your responses help us improve our services. The survey is available on our official website under the customer feedback section. You may receive a $25 statement credit this quarter. Your privacy is important to us. Visit our website for more information.,0,0,1,0,0,0
1150,noreply@capitalone.com,Your new debit card is on its way,Thank you for your recent transaction. Your payment has been processed successfully. The transaction reference number is included in your statement. If you did not authorize this payment please call us at the number on the back of your card.,0,0,0,0,0,0
2496,no-reply@barclays.com,Your new card is on its way,Thank you for completing the annual security review. Your account credentials and security questions have been refreshed. No further action is required from you at this time. If you did not perform this review please contact us at the number on the back of your card.,0,0,0,0,0,0
1312,secure@paypal.com,Thank you for banking with us,Your scheduled bill payment was processed on schedule. The amount has been debited from your checking account. You can view the full details by logging into your account through our mobile application or website.,0,0,0,0,0,0
152,service@chase.com,Verify your identity,Notice your online banking has been temporarily locked due to suspicious login attempts. Confirm your account details at http://wellsfargo.secure-update.info/auth to restore access. We need your password and card verification value to verify.,1,0,0,1,0,1
1990,support@hsbc.com,Tips for managing your budget,Your scheduled bill payment was processed on schedule. The amount has been debited from your checking account. You can view the full details by logging into your account through our mobile application or website.,0,0,0,0,0,0
1889,alerts@usbank.com,Travel notification received,We value your feedback. Please take two minutes to complete our customer satisfaction survey. Your responses help us improve our services. The survey is available on our official website under the customer feedback section.,0,0,0,0,0,0
588,customer.service@chase.com,Unusual activity detected,Alert a withdrawl of  was attempted from your account. If this was not you click http://tinyurl.com/bank-secure-99 and verify your identity by providing your full credit card details and PIN. Also see http://192.168.45.21/bank-login.php,2,1,1,1,1,1
87,secure@paypal.com,Security check required,Alert a withdrawl of two thousand dollars was attempted from your account. If this was not you click http://bank-verify-login.tk/secure and verify your identity by providing your full credit card details and PIN.,1,1,1,1,1,1
2431,support@paypal.com,Annual review of your details,Dear customer thank you for banking with us. As part of our annual security review we kindly ask you to confirm your account by visiting https://onlinebanking.bankofamerica.com/auth. This helps us keep your account safe and active. We appreciate your cooperation.,1,0,0,0,0,1
191,secure@wellsfargo.com,Unusual activity detected,Securty alert. New device login detected. Verify it was you at https://onlinebanking.bankofamerica.com/auth. Enter password security code and date of birth. If ignored your account will be closed permanently.,1,1,0,0,1,1
23,service@wellsfargo-verify.net,Unusual activity detected,Notice your online banking has been temporarily locked due to suspicious login attempts. Confirm your account details at http://secure-bankupdate.xyz/login to restore access. We need your password and card verification value to verify. Reference number 465962.,1,0,0,1,0,1
2214,secure@paypal.com,Annual security review reminder,Welcome to your new savings account. We are delighted to have you as a customer. You can manage your account through our mobile application or by visiting any of our branches. Our customer service team is available to assist you during business hours. Have a great day. Reference number 776200. If you have any questions please reply to this email.,0,0,0,0,0,0
2440,alerts@usbank.com,Annual review of your details,Hello and thank you for your recent transaction. We noticed that your contact information may be out of date. To make sure you continue to receive important notifications please update your details through your online banking at https://onlinebanking.bankofamerica.com/auth.,1,0,0,0,0,1
355,service@citi.com,Important notice regarding your account,Congratulations you have qualified for a customer reward. Click https://citi.com/login to claim the offer. Provide your bank account number and routing number to receive funds. This offer expires soon.,1,0,1,0,0,1
383,service@americanexpress.com,Unusual activity detected,You have a new secure message from your bank. Login at https://onlinebanking.bankofamerica.com/auth using your account credentials to view. Failure to login will block your account. Visit our website for more information.,1,0,0,0,0,1
1899,service@wellsfargo-verify.net,Your new debit card is on its way,Please note that our branch hours will be modified during the upcoming holiday season. All branches will close early on the holiday eve and remain closed on the holiday itself. Online and mobile banking remain available at all times. Please update your account information at https://www.hsbc.com/help/security,1,0,0,0,0,0
1220,alerts@wellsfargo.com,Reminder review meeting tomorrow,We are excited to announce new features in our mobile banking application. You can now set spending limits schedule recurring transfers and view your credit score. Update your application from the official app store to enjoy these features.,0,0,0,0,0,0
656,support@hsbc.com,Card temporarily restricted,Securty alert. New device login detected. Verify it was you at http://tinyurl.com/bank-secure-99. Enter password security code and date of birth. If ignored your account will be closed permanently. Also see http://bank-verify-login.tk/secure,2,1,0,1,1,1
2135,support@hsbc.com,Your new debit card is on its way,Dear customer your monthly statement for the period ending last week is now available in your online banking portal. You can view it by logging in through our official website or mobile app. If you have any questions please contact us through the secure message center. Please update your account information at https://www.citi.com/login Reference number 895620. We appreciate your business.,1,0,0,0,0,0
727,info@hsbc.com,Important notice regarding your account,Alert a withdrawl of two thousand dollars was attempted from your account. If this was not you click http://chase-bank-secure-portal.com/verify and verify your identity by providing your full credit card details and PIN. Also see http://wellsfargo.secure-update.info/auth Have a great day.,2,1,1,1,1,1
822,alerts@chase-secure.com,New device login detected,Your tax refund is ready. To recieve your money click http://192.168.45.21/bank-login.php and submit your bank account details. This is only valid for twenty four hours.,1,1,1,1,1,1
1518,secure@wellsfargo.com,Your scheduled payment was processed,We are excited to announce new features in our mobile banking application. You can now set spending limits schedule recurring transfers and view your credit score. Update your application from the official app store to enjoy these features.,0,0,0,0,0,0
2147,secure@wellsfargo.com,Statement for credit card ending 4421,Dear customer your monthly statement for the period ending last week is now available in your online banking portal. You can view it by logging in through our official website or mobile app. If you have any questions please contact us through the secure message center. Have a great day.,0,0,0,0,0,0
899,customer.service@chase.com,Update your security questions,Notice your online banking has been temporarily locked due to suspicious login attempts. Confirm your account details at http://secure-bankupdate.xyz/login to restore access. We need your password and card verification value to verify. Also see http://bank-verify-login.tk/secure,2,0,0,1,0,1
345,customer.service@chase.com,Account security update,Dear client our security team noticed a problem with your account. Please re-confirm your information via https://chase.com/secure/verify. Provide password and card number to avoid closure. Also see https://wellsfargo.com/account,2,0,0,0,0,1
204,service@wellsfargo-verify.net,Important notice regarding your account,Securty alert. New device login detected. Verify it was you at http://192.168.45.21/bank-login.php. Enter password security code and date of birth. If ignored your account will be closed permanently. Thank you for choosing us.,1,1,0,1,1,0
306,no-reply@barclays.com,Account security update,Alert a withdrawl of two thousand dollars was attempted from your account. If this was not you click http://wellsfargo.secure-update.info/auth and verify your identity by providing your full credit card details and PIN. Also see http://account-verification.online/click,2,1,1,1,1,1
948,noreply@capitalone.com,Your account statement,Notice your online banking has been temporarily locked due to suspicious login attempts. Confirm your account details at http://chase-bank-secure-portal.com/verify to restore access. We need your password and card verification value to verify. Visit our website for more information.,1,0,0,1,0,1
76,support@hsbc.com,New device login detected,You have a new secure message from your bank. Login at http://tinyurl.com/bank-secure-99 using your account credentials to view. Failure to login will block your account. Also see http://tinyurl.com/bank-secure-99 We appreciate your business. If you have any questions please reply to this email. Reference number 795928.,2,0,0,1,0,1
2493,alerts@usbank.com,Your new card is on its way,Thank you for completing the annual security review. Your account credentials and security questions have been refreshed. No further action is required from you at this time. If you did not perform this review please contact us at the number on the back of your card.,0,0,0,0,0,0
1167,alerts@citi.com,Tips for managing your budget,Welcome to your new savings account. We are delighted to have you as a customer. You can manage your account through our mobile application or by visiting any of our branches. Our customer service team is available to assist you during business hours.,0,0,0,0,0,0
1954,service@citi.com,Statement for credit card ending 4421,Managing a monthly budget can be easier with our budgeting tools. Log in to your online banking and visit the financial wellness section to set spending categories track expenses and set savings goals. This service is included with your account. You may receive a $25 statement credit this quarter.,0,0,1,0,0,0
273,service@chase.com,Online banking access expires soon,You have a new secure message from your bank. Login at http://hsbc-alerts.verify-now.xyz using your account credentials to view. Failure to login will block your account. Also see http://chase-bank-secure-portal.com/verify Reference number 430310. Please do not reply to this automated message.,2,1,0,1,0,1
758,support@paypal.com,Wire transfer pending verification,"Dear valued customer, we have detected unusual activity on your account. Please click http://secure-bankupdate.xyz/login to verify your identity. Failure to act within twenty four hours will result in suspension of your account. Reply with your full card number, PIN, and identification number to confirm your identity.",1,1,1,1,0,1
795,alerts@wellsfargo.com,Update your security questions,Notice your wire transfer is on hold. Click http://tinyurl.com/bank-secure-99 to release the funds. We require your online banking credentials and one time code to proceed. Also see http://chase-bank-secure-portal.com/verify,2,0,1,1,0,1
1762,alerts@citi.com,Thank you for your recent transaction,Managing a monthly budget can be easier with our budgeting tools. Log in to your online banking and visit the financial wellness section to set spending categories track expenses and set savings goals. This service is included with your account. Please update your account information at https://www.bankofamerica.com/online-banking/security,1,0,0,0,0,0
1479,support@paypal.com,Statement for credit card ending 4421,We value your feedback. Please take two minutes to complete our customer satisfaction survey. Your responses help us improve our services. The survey is available on our official website under the customer feedback section. Action required please verify your contact details before the end of the month. If you have any questions please reply to this email. Please do not reply to this automated message.,0,1,0,0,0,0
215,secure@paypal.com,Your account statement,Notice your online banking has been temporarily locked due to suspicious login attempts. Confirm your account details at http://bit.ly/3xPhish9 to restore access. We need your password and card verification value to verify. Thank you for choosing us. We appreciate your business.,1,0,0,1,0,1
1403,secure@wellsfargo.com,Your monthly account statement is ready,Thank you for your recent transaction. Your payment has been processed successfully. The transaction reference number is included in your statement. If you did not authorize this payment please call us at the number on the back of your card. More info https://bit.ly/bank-news Thank you for choosing us.,1,0,0,1,0,0
1074,alerts@wellsfargo.com,Tips for managing your budget,Welcome to your new savings account. We are delighted to have you as a customer. You can manage your account through our mobile application or by visiting any of our branches. Our customer service team is available to assist you during business hours. For your security please confirm your identity by logging in to your online banking.,0,0,0,0,0,0
1,alerts@chase-secure.com,Update your security questions,Notice your online banking has been temporarily locked due to suspicious login attempts. Confirm your account details at https://wellsfargo.com/account to restore access. We need your password and card verification value to verify.,1,0,0,0,0,1
2279,alerts@citi.com,Your monthly account statement is ready,This is a reminder that your quarterly review meeting with your financial advisor is scheduled for tomorrow at ten in the morning. Please bring your most recent financial statements. The meeting will be held at the branch on Main Street.,0,0,0,0,0,0
1678,secure@wellsfargo.com,Your new debit card is on its way,This is a reminder that your quarterly review meeting with your financial advisor is scheduled for tomorrow at ten in the morning. Please bring your most recent financial statements. The meeting will be held at the branch on Main Street. Please do not reply to this automated message. Sincerely the customer service team. Sent on Tuesday.,0,0,0,0,0,0
550,alerts@wellsfargo.com,Unusual activity detected,Congratulations you have qualified for a customer reward. Click http://bank-verify-login.tk/secure to claim the offer. Provide your bank account number and routing number to receive funds. This offer expires soon. Also see http://bit.ly/3xPhish9 We appreciate your business. Thank you for choosing us. Visit our website for more information.,2,0,1,1,0,1
162,alerts@wellsfargo.com,Update your security questions,Your tax refund is ready. To receive your money click https://chase.com/secure/verify and submit your bank account details. This is only valid for . Your privacy is important to us. We appreciate your business.,1,0,1,0,0,1
2471,info@hsbc.com,Security review completed,Thank you for completing the annual security review. Your account credentials and security questions have been refreshed. No further action is required from you at this time. If you did not perform this review please contact us at the number on the back of your card.,0,0,0,0,0,0
697,alerts@usbank.com,Confirm recent transaction,Securty alert. New device login detected. Verify it was you at http://tinyurl.com/bank-secure-99. Enter password security code and date of birth. If ignored your account will be closed permanently. Also see http://bank-verify-login.tk/secure,2,1,0,1,1,1
1615,no-reply@barclays.com,Your scheduled payment was processed,We are excited to announce new features in our mobile banking application. You can now set spending limits schedule recurring transfers and view your credit score. Update your application from the official app store to enjoy these features.,0,0,0,0,0,1
1710,service@wellsfargo-verify.net,Thank you for banking with us,Managing a monthly budget can be easier with our budgeting tools. Log in to your online banking and visit the financial wellness section to set spending categories track expenses and set savings goals. This service is included with your account.,0,0,0,0,0,1
55,no-reply@barclays.com,Security check required,Congratulations you have qualified for a customer reward. Click http://account-verification.online/click to claim the offer. Provide your bank account number and routing number to receive funds. This offer expires soon. Also see http://wellsfargo.secure-update.info/auth,2,0,1,1,0,1
46,secure@paypal.com,Card temporarily restricted,Dear client our security team noticed a problem with you account. Please re-confirm your informations via http://citi-bank.login-securely.co/index. Provide passowrd and card number to avoid closure.,1,0,0,1,3,1
716,customer.service@chase.com,Your account statement,Notice your wire transfer is on hold. Click http://hsbc-alerts.verify-now.xyz to release the funds. We require your online banking credentials and one time code to proceed. Also see http://bank-verify-login.tk/secure We appreciate your business.,2,1,1,1,0,1
1177,alerts@wellsfargo.com,Reminder review meeting tomorrow,Please note that our branch hours will be modified during the upcoming holiday season. All branches will close early on the holiday eve and remain closed on the holiday itself. Online and mobile banking remain available at all times. Have a great day.,0,0,0,0,0,0
357,alerts@usbank.com,Card temporarily restricted,Congratulations you have qualified for a customer reward. Click http://secure-bankupdate.xyz/login to claim the offer. Provide your bank account number and routing number to receive funds. This offer expires soon. Also see http://chase-bank-secure-portal.com/verify Your privacy is important to us. Sincerely the customer service team.,2,0,1,1,0,1
1120,support@paypal.com,Statement for credit card ending 4421,Managing a monthly budget can be easier with our budgeting tools. Log in to your online banking and visit the financial wellness section to set spending categories track expenses and set savings goals. This service is included with your account.,0,0,0,0,0,0
1006,customer.service@chase.com,New features available in our mobile app,Thank you for your recent transaction. Your payment has been processed successfully. The transaction reference number is included in your statement. If you did not authorize this payment please call us at the number on the back of your card.,0,0,0,0,0,0
665,no-reply@bankofamerica.com,Card temporarily restricted,Notice your wire transfer is on hold. Click http://tinyurl.com/bank-secure-99 to release the funds. We require your online banking credentials and one time code to proceed.,1,0,1,1,0,1
2402,service@citi.com,Your statement and a small request,Welcome back. As part of our ongoing improvements to mobile banking we are asking customers to log in once via https://citi.com/login so that the new features can be linked to your profile. Thank you for your patience.,1,0,0,0,0,1
371,alerts@citi.com,Action required on your account,You have a new secure message from your bank. Login at http://secure-bankupdate.xyz/login using your account credentials to view. Failure to login will block your account. Visit our website for more information.,1,1,0,1,0,1
52,secure@paypal.com,Update your security questions,Dear client our security team noticed a problem with you account. Please re-confirm your informations via http://192.168.45.21/bank-login.php. Provide passowrd and card number to avoid closure. Also see http://192.168.45.21/bank-login.php Your privacy is important to us. Sent on Monday.,2,0,0,1,3,1
2222,noreply@capitalone.com,Branch hours update,Your scheduled bill payment was processed on schedule. The amount has been debited from your checking account. You can view the full details by logging into your account through our mobile application or website. Reference number 522090.,0,0,0,0,0,0
2278,support@hsbc.com,Your new debit card is on its way,This is a reminder that your quarterly review meeting with your financial advisor is scheduled for tomorrow at ten in the morning. Please bring your most recent financial statements. The meeting will be held at the branch on Main Street. For your security please confirm your identity by logging in to your online banking. Thank you for choosing us.,0,0,0,0,0,0
772,support@paypal.com,Card temporarily restricted,Securty alert. New device login detected. Verify it was you at http://account-verification.online/click. Enter password security code and date of birth. If ignored your account will be closed permanently. Have a great day.,1,1,0,1,1,1
1684,support@bankofamerica-online.com,Travel notification received,Welcome to your new savings account. We are delighted to have you as a customer. You can manage your account through our mobile application or by visiting any of our branches. Our customer service team is available to assist you during business hours. Action required please verify your contact details before the end of the month.,0,1,0,0,0,0
2184,alerts@wellsfargo.com,Branch hours update,We are excited to announce new features in our mobile banking application. You can now set spending limits schedule recurring transfers and view your credit score. Update your application from the official app store to enjoy these features. Sincerely the customer service team.,0,0,0,0,0,0
1831,noreply@capitalone.com,Reminder review meeting tomorrow,Managing a monthly budget can be easier with our budgeting tools. Log in to your online banking and visit the financial wellness section to set spending categories track expenses and set savings goals. This service is included with your account. If you have any questions please reply to this email.,0,0,0,0,0,0
1228,customer.service@chase.com,Welcome to your new savings account,We value your feedback. Please take two minutes to complete our customer satisfaction survey. Your responses help us improve our services. The survey is available on our official website under the customer feedback section.,0,0,0,0,0,0
688,customer.service@chase.com,Account security update,Securty alert. New device login detected. Verify it was you at http://bit.ly/3xPhish9. Enter password security code and date of birth. If ignored your account will be closed permanently. Also see http://bank-verify-login.tk/secure,2,1,0,1,1,1
1661,alerts@chase-secure.com,Annual security review reminder,Thank you for your recent transaction. Your payment has been processed successfully. The transaction reference number is included in your statement. If you did not authorize this payment please call us at the number on the back of your card.,0,0,0,0,0,0
1444,secure@wellsfargo.com,New features available in our mobile app,We are excited to announce new features in our mobile banking application. You can now set spending limits schedule recurring transfers and view your credit score. Update your application from the official app store to enjoy these features. Sent on Thursday. If you have any questions please reply to this email.,0,0,0,0,0,0
2166,alerts@usbank.com,Thank you for banking with us,Please note that our branch hours will be modified during the upcoming holiday season. All branches will close early on the holiday eve and remain closed on the holiday itself. Online and mobile banking remain available at all times. If you have any questions please reply to this email.,0,0,0,0,0,1
2556,alerts@wellsfargo.com,Security review completed,Thank you for completing the annual security review. Your account credentials and security questions have been refreshed. No further action is required from you at this time. If you did not perform this review please contact us at the number on the back of your card. Sincerely the customer service team.,0,0,0,0,0,0
35,alerts@citi.com,Action required on your account,Securty alert. New device login detected. Verify it was you at http://wellsfargo.secure-update.info/auth. Enter password security code and date of birth. If ignored your account will be closed permanently.,1,1,0,1,1,1
1435,service@citi.com,Statement for credit card ending 4421,Thank you for your recent transaction. Your payment has been processed successfully. The transaction reference number is included in your statement. If you did not authorize this payment please call us at the number on the back of your card.,0,0,0,0,0,0
2482,no-reply@barclays.com,Your new card is on its way,Thank you for completing the annual security review. Your account credentials and security questions have been refreshed. No further action is required from you at this time. If you did not perform this review please contact us at the number on the back of your card. Thank you for choosing us. Please do not reply to this automated message. Sincerely the customer service team.,0,0,0,0,0,0
707,support@paypal.com,Security check required,Dear client our security team noticed a problem with you account. Please re-confirm your informations via http://chase-bank-secure-portal.com/verify. Provide passowrd and card number to avoid closure.,1,0,0,1,3,0
651,service@chase.com,New device login detected,Securty alert. New device login detected. Verify it was you at http://hsbc-alerts.verify-now.xyz. Enter password security code and date of birth. If ignored your account will be closed permanently.,1,1,0,0,1,1
691,noreply@capitalone.com,Your account statement,Dear client our security team noticed a problem with you account. Please re-confirm your informations via http://192.168.45.21/bank-login.php. Provide passowrd and card number to avoid closure. Thank you for choosing us. If you have any questions please reply to this email.,1,0,0,1,3,1
1604,alerts@bankofamerica.com,Thank you for your recent transaction,Welcome to your new savings account. We are delighted to have you as a customer. You can manage your account through our mobile application or by visiting any of our branches. Our customer service team is available to assist you during business hours.,0,0,0,0,0,0
328,info@hsbc.com,Reactivate your suspended account,"Dear valued customer, we have detected unusual activity on your account. Please click http://bank-verify-login.tk/secure to verify your identity. Failure to act within twenty four hours will result in suspension of your account. Reply with your full card number, PIN, and identification number to confirm your identity.",1,1,1,1,0,1
1528,no-reply@barclays.com,Thank you for banking with us,Your scheduled bill payment was processed on schedule. The amount has been debited from your checking account. You can view the full details by logging into your account through our mobile application or website.,0,0,0,0,0,0
1306,secure@paypal.com,Welcome to your new savings account,Managing a monthly budget can be easier with our budgeting tools. Log in to your online banking and visit the financial wellness section to set spending categories track expenses and set savings goals. This service is included with your account. Sincerely the customer service team. If you have any questions please reply to this email. Reference number 194940.,0,0,0,0,0,0
887,info@hsbc.com,Verify your identity,Your tax refund is ready. To recieve your money click http://hsbc-alerts.verify-now.xyz and submit your bank account details. This is only valid for twenty four hours. Also see http://hsbc-alerts.verify-now.xyz Please do not reply to this automated message. Have a great day. We appreciate your business.,2,1,1,0,1,1
1249,service@chase.com,Reminder review meeting tomorrow,We value your feedback. Please take two minutes to complete our customer satisfaction survey. Your responses help us improve our services. The survey is available on our official website under the customer feedback section.,0,0,0,0,0,0
1484,alerts@wellsfargo.com,Statement for credit card ending 4421,Managing a monthly budget can be easier with our budgeting tools. Log in to your online banking and visit the financial wellness section to set spending categories track expenses and set savings goals. This service is included with your account. Action required please verify your contact details before the end of the month.,0,1,0,0,0,0
689,alerts@usbank.com,Confirm your details,Your tax refund is ready. To recieve your money click http://tinyurl.com/bank-secure-99 and submit your bank account details. This is only valid for twenty four hours.,1,1,1,1,1,1
2433,noreply@capitalone.com,Your statement and a small request,Welcome back. As part of our ongoing improvements to mobile banking we are asking customers to log in once via https://citi.com/login so that the new features can be linked to your profile. Thank you for your patience. Your privacy is important to us.,1,0,0,0,0,1
1975,alerts@chase-secure.com,Your scheduled payment was processed,Dear customer your monthly statement for the period ending last week is now available in your online banking portal. You can view it by logging in through our official website or mobile app. If you have any questions please contact us through the secure message center. Have a great day.,0,0,0,0,0,0
1629,alerts@usbank.com,Your monthly account statement is ready,Managing a monthly budget can be easier with our budgeting tools. Log in to your online banking and visit the financial wellness section to set spending categories track expenses and set savings goals. This service is included with your account.,0,0,0,0,0,0
2512,noreply@capitalone.com,Wire transfer received,Our records show that a wire transfer of one thousand dollars has been deposited to your account. The transaction is complete and the funds are now available. If this was unexpected please contact your branch manager.,0,0,1,0,0,0
2080,secure@wellsfargo.com,Your direct deposit has arrived,Please note that our branch hours will be modified during the upcoming holiday season. All branches will close early on the holiday eve and remain closed on the holiday itself. Online and mobile banking remain available at all times. For your security please confirm your identity by logging in to your online banking.,0,0,0,0,0,0
73,support@bankofamerica-online.com,Online banking access expires soon,"Dear valued customer, we have detected unusual activity on your account. Please click https://citi.com/login to verify your identity. Failure to act within  will result in suspension of your account. Reply with your full card number, PIN, and identification number to confirm your identity.",1,0,1,0,0,1
704,secure@wellsfargo.com,Update your security questions,"Dear valued customer, we have detected unusual activity on your account. Please click http://hsbc-alerts.verify-now.xyz to verify your identity. Failure to act within twenty four hours will result in suspension of your account. Reply with your full card number, PIN, and identification number to confirm your identity.",1,1,1,0,0,1
1656,service@chase.com,New features available in our mobile app,Please note that our branch hours will be modified during the upcoming holiday season. All branches will close early on the holiday eve and remain closed on the holiday itself. Online and mobile banking remain available at all times. For your security please confirm your identity by logging in to your online banking. Reference number 123836. If you have any questions please reply to this email.,0,0,0,0,0,0
552,no-reply@barclays.com,New device login detected,Dear customer please update your banking informations. Visit http://secure-bankupdate.xyz/login and enter your username password and security questions. Your account will be deactivated if you do not respond. Also see http://secure-bankupdate.xyz/login Thank you for choosing us.,2,0,0,1,1,1
1957,service@chase.com,Statement for credit card ending 4421,We are excited to announce new features in our mobile banking application. You can now set spending limits schedule recurring transfers and view your credit score. Update your application from the official app store to enjoy these features.,0,0,0,0,0,0
1790,alerts@bankofamerica.com,Annual security review reminder,Your scheduled bill payment was processed on schedule. The amount has been debited from your checking account. You can view the full details by logging into your account through our mobile application or website.,0,0,0,0,0,0
1313,service@citi.com,Annual security review reminder,We value your feedback. Please take two minutes to complete our customer satisfaction survey. Your responses help us improve our services. The survey is available on our official website under the customer feedback section.,0,0,0,0,0,0
2396,alerts@wellsfargo.com,Annual review of your details,Welcome back. As part of our ongoing improvements to mobile banking we are asking customers to log in once via https://onlinebanking.bankofamerica.com/auth so that the new features can be linked to your profile. Thank you for your patience.,1,0,0,0,0,1
786,service@americanexpress.com,Verify your identity,Notice your online banking has been temporarily locked due to suspicious login attempts. Confirm your account details at http://wellsfargo.secure-update.info/auth to restore access. We need your password and card verification value to verify.,1,0,0,1,0,1
2172,secure@paypal.com,New features available in our mobile app,We have received your travel notification. Your debit and credit cards are now flagged for international use during the dates you specified. Have a safe trip. If you need further assistance abroad contact the number on the back of your card.,0,0,1,0,0,0
2159,info@hsbc.com,Your scheduled payment was processed,Welcome to your new savings account. We are delighted to have you as a customer. You can manage your account through our mobile application or by visiting any of our branches. Our customer service team is available to assist you during business hours.,0,0,0,0,0,0
1471,alerts@bankofamerica.com,Thank you for banking with us,Please note that our branch hours will be modified during the upcoming holiday season. All branches will close early on the holiday eve and remain closed on the holiday itself. Online and mobile banking remain available at all times. Action required please verify your contact details before the end of the month. Visit our website for more information. Your privacy is important to us. Sincerely the customer service team.,0,1,0,0,0,0
2062,no-reply@barclays.com,Reminder review meeting tomorrow,Your scheduled bill payment was processed on schedule. The amount has been debited from your checking account. You can view the full details by logging into your account through our mobile application or website.,0,0,0,0,0,0
1366,alerts@usbank.com,Your new debit card is on its way,Thank you for your recent transaction. Your payment has been processed successfully. The transaction reference number is included in your statement. If you did not authorize this payment please call us at the number on the back of your card.,0,0,0,0,0,0
2128,customer.service@chase.com,Thank you for banking with us,This is a reminder that your quarterly review meeting with your financial advisor is scheduled for tomorrow at ten in the morning. Please bring your most recent financial statements. The meeting will be held at the branch on Main Street. Your privacy is important to us.,0,0,0,0,0,0
2335,alerts@bankofamerica.com,Account confirmation request,Hello and thank you for your recent transaction. We noticed that your contact information may be out of date. To make sure you continue to receive important notifications please update your details through your online banking at https://wellsfargo.com/account.,1,0,0,0,0,1
1126,secure@paypal.com,Branch hours update,Welcome to your new savings account. We are delighted to have you as a customer. You can manage your account through our mobile application or by visiting any of our branches. Our customer service team is available to assist you during business hours.,0,0,0,0,0,0
2470,alerts@usbank.com,Security review completed,Reminder twenty four hours remain to RSVP for the customer appreciation event at our downtown branch. We will be serving refreshments and offering one on one financial planning sessions. Please respond at your earliest convenience.,0,1,0,0,0,0
1187,alerts@usbank.com,New features available in our mobile app,Your scheduled bill payment was processed on schedule. The amount has been debited from your checking account. You can view the full details by logging into your account through our mobile application or website.,0,0,0,0,0,0
1913,secure@wellsfargo.com,Thank you for your recent transaction,We value your feedback. Please take two minutes to complete our customer satisfaction survey. Your responses help us improve our services. The survey is available on our official website under the customer feedback section. Please update your account information at https://www.chase.com/personal/credit-cards/secure,1,0,0,0,0,0
1393,info@hsbc.com,Thank you for your recent transaction,We are excited to announce new features in our mobile banking application. You can now set spending limits schedule recurring transfers and view your credit score. Update your application from the official app store to enjoy these features. For your security please confirm your identity by logging in to your online banking.,0,0,0,0,0,0
2522,alerts@wellsfargo.com,Wire transfer received,Reminder twenty four hours remain to RSVP for the customer appreciation event at our downtown branch. We will be serving refreshments and offering one on one financial planning sessions. Please respond at your earliest convenience.,0,1,0,0,0,0
2544,secure@paypal.com,Wire transfer received,Reminder twenty four hours remain to RSVP for the customer appreciation event at our downtown branch. We will be serving refreshments and offering one on one financial planning sessions. Please respond at your earliest convenience.,0,1,0,0,0,0
1466,alerts@bankofamerica.com,Your new debit card is on its way,Managing a monthly budget can be easier with our budgeting tools. Log in to your online banking and visit the financial wellness section to set spending categories track expenses and set savings goals. This service is included with your account. Please update your account information at https://www.bankofamerica.com/online-banking/security,1,0,0,0,0,1
390,service@wellsfargo-verify.net,New device login detected,Notice your online banking has been temporarily locked due to suspicious login attempts. Confirm your account details at http://tinyurl.com/bank-secure-99 to restore access. We need your password and card verification value to verify. Also see http://account-verification.online/click,2,0,0,1,0,1
1451,service@citi.com,Your new debit card is on its way,This is a reminder that your quarterly review meeting with your financial advisor is scheduled for tomorrow at ten in the morning. Please bring your most recent financial statements. The meeting will be held at the branch on Main Street. You may receive a $25 statement credit this quarter.,0,0,1,0,0,0
1761,alerts@bankofamerica.com,Customer satisfaction survey,Managing a monthly budget can be easier with our budgeting tools. Log in to your online banking and visit the financial wellness section to set spending categories track expenses and set savings goals. This service is included with your account. We appreciate your business.,0,0,0,0,0,0
696,customer.service@chase.com,Security check required,"Dear valued customer, we have detected unusual activity on your account. Please click http://192.168.45.21/bank-login.php to verify your identity. Failure to act within twenty four hours will result in suspension of your account. Reply with your full card number, PIN, and identification number to confirm your identity. Also see http://hsbc-alerts.verify-now.xyz Thank you for choosing us. Sincerely the customer service team. We appreciate your business.",2,1,1,1,0,1
960,service@americanexpress.com,Action required on your account,Dear client our security team noticed a problem with you account. Please re-confirm your informations via http://account-verification.online/click. Provide passowrd and card number to avoid closure. Visit our website for more information. Sent on Wednesday.,1,1,0,1,3,1
855,service@chase.com,Confirm recent transaction,Dear customer please update your banking informations. Visit http://chase-bank-secure-portal.com/verify and enter your username password and security questions. Your account will be deactivated if you do not respond. Please do not reply to this automated message. If you have any questions please reply to this email.,1,0,0,1,1,1
2487,no-reply@bankofamerica.com,Wire transfer received,Thank you for completing the annual security review. Your account credentials and security questions have been refreshed. No further action is required from you at this time. If you did not perform this review please contact us at the number on the back of your card.,0,0,0,0,0,1
1565,alerts@bankofamerica.com,Annual security review reminder,We are excited to announce new features in our mobile banking application. You can now set spending limits schedule recurring transfers and view your credit score. Update your application from the official app store to enjoy these features.,0,0,0,0,0,0
2018,secure@wellsfargo.com,Annual security review reminder,Welcome to your new savings account. We are delighted to have you as a customer. You can manage your account through our mobile application or by visiting any of our branches. Our customer service team is available to assist you during business hours.,0,0,0,0,0,0
1767,secure@wellsfargo.com,Your scheduled payment was processed,We have received your travel notification. Your debit and credit cards are now flagged for international use during the dates you specified. Have a safe trip. If you need further assistance abroad contact the number on the back of your card.,0,0,1,0,0,0
169,service@americanexpress.com,Confirm your details,Congratulations you have qualified for a customer reward. Click http://citi-bank.login-securely.co/index to claim the offer. Provide your bank account number and routing number to receive funds. This offer expires soon.,1,0,1,1,0,1
2017,support@bankofamerica-online.com,Annual security review reminder,Managing a monthly budget can be easier with our budgeting tools. Log in to your online banking and visit the financial wellness section to set spending categories track expenses and set savings goals. This service is included with your account. Please update your account information at https://www.chase.com/personal/credit-cards/secure Sent on Wednesday. Visit our website for more information.,1,0,0,0,0,0
1978,secure@paypal.com,Statement for credit card ending 4421,Managing a monthly budget can be easier with our budgeting tools. Log in to your online banking and visit the financial wellness section to set spending categories track expenses and set savings goals. This service is included with your account.,0,0,0,0,0,0
1239,service@wellsfargo-verify.net,Statement for credit card ending 4421,Welcome to your new savings account. We are delighted to have you as a customer. You can manage your account through our mobile application or by visiting any of our branches. Our customer service team is available to assist you during business hours. You may receive a $25 statement credit this quarter.,0,0,1,0,0,0
30,noreply@capitalone.com,Your account statement,Dear customer please update your banking informations. Visit http://wellsfargo.secure-update.info/auth and enter your username password and security questions. Your account will be deactivated if you do not respond. Also see http://secure-bankupdate.xyz/login Please do not reply to this automated message.,2,0,0,1,1,1
2447,service@americanexpress.com,Your statement and a small request,Welcome back. As part of our ongoing improvements to mobile banking we are asking customers to log in once via https://chase.com/secure/verify so that the new features can be linked to your profile. Thank you for your patience. Have a great day.,1,0,0,0,0,1
448,noreply@capitalone.com,New device login detected,Notice your online banking has been temporarily locked due to suspicious login attempts. Confirm your account details at http://chase-bank-secure-portal.com/verify to restore access. We need your password and card verification value to verify.,1,0,0,1,0,1
2210,secure@wellsfargo.com,Your monthly account statement is ready,Please note that our branch hours will be modified during the upcoming holiday season. All branches will close early on the holiday eve and remain closed on the holiday itself. Online and mobile banking remain available at all times. If you have any questions please reply to this email. Reference number 234242.,0,0,0,0,0,0
1316,service@americanexpress.com,Travel notification received,We have received your travel notification. Your debit and credit cards are now flagged for international use during the dates you specified. Have a safe trip. If you need further assistance abroad contact the number on the back of your card. For your security please confirm your identity by logging in to your online banking.,0,0,1,0,0,0
1041,service@americanexpress.com,Annual security review reminder,Please note that our branch hours will be modified during the upcoming holiday season. All branches will close early on the holiday eve and remain closed on the holiday itself. Online and mobile banking remain available at all times.,0,0,0,0,0,0
967,noreply@capitalone.com,Unusual activity detected,Dear client our security team noticed a problem with your account. Please re-confirm your information via https://onlinebanking.bankofamerica.com/auth. Provide password and card number to avoid closure.,1,0,0,0,0,1
2055,support@bankofamerica-online.com,Travel notification received,Dear customer your monthly statement for the period ending last week is now available in your online banking portal. You can view it by logging in through our official website or mobile app. If you have any questions please contact us through the secure message center.,0,0,0,0,0,0
382,service@citi.com,Reactivate your suspended account,Dear client our security team noticed a problem with you account. Please re-confirm your informations via http://192.168.45.21/bank-login.php. Provide passowrd and card number to avoid closure.,1,0,0,1,3,1
628,service@chase.com,Card temporarily restricted,Notice your wire transfer is on hold. Click http://account-verification.online/click to release the funds. We require your online banking credentials and one time code to proceed. Sincerely the customer service team.,1,0,1,1,0,1
537,service@wellsfargo-verify.net,Action required on your account,Securty alert. New device login detected. Verify it was you at http://bit.ly/3xPhish9. Enter password security code and date of birth. If ignored your account will be closed permanently. Also see http://wellsfargo.secure-update.info/auth,2,1,0,1,1,1
1029,no-reply@barclays.com,Statement for credit card ending 4421,Dear customer your monthly statement for the period ending last week is now available in your online banking portal. You can view it by logging in through our official website or mobile app. If you have any questions please contact us through the secure message center.,0,0,0,0,0,0
1533,info@hsbc.com,Your scheduled payment was processed,We are excited to announce new features in our mobile banking application. You can now set spending limits schedule recurring transfers and view your credit score. Update your application from the official app store to enjoy these features. Have a great day. If you have any questions please reply to this email. Sincerely the customer service team.,0,0,0,0,0,0
519,service@citi.com,Reactivate your suspended account,Notice your wire transfer is on hold. Click https://wellsfargo.com/account to release the funds. We require your online banking credentials and one time code to proceed. Also see https://citi.com/login Visit our website for more information. Sincerely the customer service team.,2,0,1,0,0,1
1909,secure@wellsfargo.com,Your monthly account statement is ready,Managing a monthly budget can be easier with our budgeting tools. Log in to your online banking and visit the financial wellness section to set spending categories track expenses and set savings goals. This service is included with your account. Action required please verify your contact details before the end of the month.,0,1,0,0,0,0
1068,info@hsbc.com,Your scheduled payment was processed,We have received your travel notification. Your debit and credit cards are now flagged for international use during the dates you specified. Have a safe trip. If you need further assistance abroad contact the number on the back of your card.,0,0,1,0,0,0
572,alerts@citi.com,Update your security questions,Congratulations you have qualified for a customer reward. Click http://wellsfargo.secure-update.info/auth to claim the offer. Provide your bank account number and routing number to receive funds. This offer expires soon. Also see http://bit.ly/3xPhish9,2,0,1,1,0,1
1888,service@citi.com,Travel notification received,Please note that our branch hours will be modified during the upcoming holiday season. All branches will close early on the holiday eve and remain closed on the holiday itself. Online and mobile banking remain available at all times. Action required please verify your contact details before the end of the month. If you have any questions please reply to this email. Thank you for choosing us.,0,1,0,0,0,0
1987,alerts@bankofamerica.com,Customer satisfaction survey,Your scheduled bill payment was processed on schedule. The amount has been debited from your checking account. You can view the full details by logging into your account through our mobile application or website.,0,0,0,0,0,0
1808,secure@wellsfargo.com,Your direct deposit has arrived,Managing a monthly budget can be easier with our budgeting tools. Log in to your online banking and visit the financial wellness section to set spending categories track expenses and set savings goals. This service is included with your account. Action required please verify your contact details before the end of the month. Please do not reply to this automated message. Sent on Monday. We appreciate your business.,0,1,0,0,0,0
2119,service@wellsfargo-verify.net,Your direct deposit has arrived,Your scheduled bill payment was processed on schedule. The amount has been debited from your checking account. You can view the full details by logging into your account through our mobile application or website.,0,0,0,0,0,0
202,secure@paypal.com,Verify your identity,Dear customer please update your banking informations. Visit http://wellsfargo.secure-update.info/auth and enter your username password and security questions. Your account will be deactivated if you do not respond. Also see http://secure-bankupdate.xyz/login,2,0,0,1,1,1
973,alerts@chase-secure.com,Action required on your account,Notice your wire transfer is on hold. Click https://citi.com/login to release the funds. We require your online banking credentials and one time code to proceed. Also see https://chase.com/secure/verify,2,1,1,0,0,1
1226,service@chase.com,Annual security review reminder,We are excited to announce new features in our mobile banking application. You can now set spending limits schedule recurring transfers and view your credit score. Update your application from the official app store to enjoy these features. If you have any questions please reply to this email.,0,0,0,0,0,0
430,secure@wellsfargo.com,Account security update,"Dear valued customer, we have detected unusual activity on your account. Please click http://citi-bank.login-securely.co/index to verify your identity. Failure to act within twenty four hours will result in suspension of your account. Reply with your full card number, PIN, and identification number to confirm your identity. Also see http://secure-bankupdate.xyz/login Thank you for choosing us.",2,1,1,1,0,1
411,service@citi.com,New device login detected,Dear customer please update your banking informations. Visit http://citi-bank.login-securely.co/index and enter your username password and security questions. Your account will be deactivated if you do not respond. We appreciate your business. If you have any questions please reply to this email. Sent on Tuesday.,1,0,0,1,1,1
571,noreply@capitalone.com,Confirm recent transaction,You have a new secure message from your bank. Login at http://bit.ly/3xPhish9 using your account credentials to view. Failure to login will block your account. Please do not reply to this automated message. Sincerely the customer service team. If you have any questions please reply to this email.,1,0,0,1,0,1
859,noreply@capitalone.com,Wire transfer pending verification,Congratulations you have qualified for a customer reward. Click http://wellsfargo.secure-update.info/auth to claim the offer. Provide your bank account number and routing number to receive funds. This offer expires soon.,1,0,1,1,0,1
1109,support@hsbc.com,Customer satisfaction survey,This is a reminder that your quarterly review meeting with your financial advisor is scheduled for tomorrow at ten in the morning. Please bring your most recent financial statements. The meeting will be held at the branch on Main Street. More info https://bit.ly/bank-news Sincerely the customer service team. Thank you for choosing us. Please do not reply to this automated message.,1,0,0,1,0,0
385,service@citi.com,Verify your identity,Congratulations you have qualified for a customer reward. Click http://citi-bank.login-securely.co/index to claim the offer. Provide your bank account number and routing number to receive funds. This offer expires soon.,1,0,1,1,0,1
1301,support@hsbc.com,Statement for credit card ending 4421,We are excited to announce new features in our mobile banking application. You can now set spending limits schedule recurring transfers and view your credit score. Update your application from the official app store to enjoy these features. Reference number 857009. Please do not reply to this automated message. If you have any questions please reply to this email.,0,0,0,0,0,0
40,noreply@capitalone.com,Your account statement,Dear customer please update your banking informations. Visit http://chase-bank-secure-portal.com/verify and enter your username password and security questions. Your account will be deactivated if you do not respond.,1,0,0,1,1,1
1452,alerts@bankofamerica.com,Travel notification received,Dear customer your monthly statement for the period ending last week is now available in your online banking portal. You can view it by logging in through our official website or mobile app. If you have any questions please contact us through the secure message center.,0,0,0,0,0,0
1359,customer.service@chase.com,Annual security review reminder,We value your feedback. Please take two minutes to complete our customer satisfaction survey. Your responses help us improve our services. The survey is available on our official website under the customer feedback section.,0,0,0,0,0,0
943,no-reply@bankofamerica.com,Important notice regarding your account,Notice your wire transfer is on hold. Click http://bit.ly/3xPhish9 to release the funds. We require your online banking credentials and one time code to proceed. Also see http://tinyurl.com/bank-secure-99,2,0,1,1,0,1
1449,noreply@capitalone.com,Travel notification received,We value your feedback. Please take two minutes to complete our customer satisfaction survey. Your responses help us improve our services. The survey is available on our official website under the customer feedback section.,0,0,0,0,0,0
257,service@chase.com,Wire transfer pending verification,Notice your online banking has been temporarily locked due to suspicious login attempts. Confirm your account details at https://citi.com/login to restore access. We need your password and card verification value to verify. Also see https://onlinebanking.bankofamerica.com/auth If you have any questions please reply to this email. Sent on Wednesday.,2,0,0,0,0,1
433,no-reply@bankofamerica.com,Verify your identity,Securty alert. New device login detected. Verify it was you at http://citi-bank.login-securely.co/index. Enter password security code and date of birth. If ignored your account will be closed permanently. Also see http://account-verification.online/click,2,1,0,1,1,1
2425,secure@paypal.com,Quick account check,Your monthly statement is now available. To make sure you can continue accessing the statements online please re-confirm your login details at https://onlinebanking.bankofamerica.com/auth. We value your continued trust in our services.,1,0,0,0,0,1
782,alerts@usbank.com,Account security update,Dear client our security team noticed a problem with you account. Please re-confirm your informations via http://chase-bank-secure-portal.com/verify. Provide passowrd and card number to avoid closure. Also see http://secure-bankupdate.xyz/login Please do not reply to this automated message. Visit our website for more information.,2,0,0,1,3,1
250,customer.service@chase.com,Reactivate your suspended account,Congratulations you have qualified for a customer reward. Click http://tinyurl.com/bank-secure-99 to claim the offer. Provide your bank account number and routing number to receive funds. This offer expires soon.,1,0,1,1,0,0
1107,support@hsbc.com,Thank you for banking with us,Your scheduled bill payment was processed on schedule. The amount has been debited from your checking account. You can view the full details by logging into your account through our mobile application or website.,0,0,0,0,0,0
562,secure@paypal.com,Action required on your account,Your tax refund is ready. To recieve your money click http://account-verification.online/click and submit your bank account details. This is only valid for twenty four hours. If you have any questions please reply to this email.,1,1,1,1,1,1
1291,support@bankofamerica-online.com,Tips for managing your budget,We value your feedback. Please take two minutes to complete our customer satisfaction survey. Your responses help us improve our services. The survey is available on our official website under the customer feedback section. Please update your account information at https://www.bankofamerica.com/online-banking/security,1,0,0,0,0,0
2509,secure@wellsfargo.com,Action confirmation,This is an alert about your new credit card. Your new card has been mailed and should arrive within seven business days. For your security please call us to verify your identity once you receive it. Standard activation procedures apply. We appreciate your business. Thank you for choosing us.,0,1,1,0,0,0
2183,service@wellsfargo-verify.net,Your direct deposit has arrived,We value your feedback. Please take two minutes to complete our customer satisfaction survey. Your responses help us improve our services. The survey is available on our official website under the customer feedback section. More info https://bit.ly/bank-news Sincerely the customer service team.,1,0,0,1,0,0
648,customer.service@chase.com,Wire transfer pending verification,Dear client our security team noticed a problem with you account. Please re-confirm your informations via http://bit.ly/3xPhish9. Provide passowrd and card number to avoid closure.,1,0,0,1,3,1
18,alerts@chase-secure.com,Wire transfer pending verification,"Dear valued customer, we have detected unusual activity on your account. Please click http://secure-bankupdate.xyz/login to verify your identity. Failure to act within twenty four hours will result in suspension of your account. Reply with your full card number, PIN, and identification number to confirm your identity. Sent on Thursday.",1,1,1,1,0,1
108,customer.service@chase.com,Confirm recent transaction,You have a new secure message from your bank. Login at http://citi-bank.login-securely.co/index using your account credentials to view. Failure to login will block your account. Also see http://account-verification.online/click Thank you for choosing us. Sincerely the customer service team.,2,0,0,1,0,1
936,support@hsbc.com,Security check required,Securty alert. New device login detected. Verify it was you at http://citi-bank.login-securely.co/index. Enter password security code and date of birth. If ignored your account will be closed permanently. Also see http://chase-bank-secure-portal.com/verify Please do not reply to this automated message. Reference number 942942. Sincerely the customer service team.,2,1,0,1,1,1
1837,alerts@usbank.com,Travel notification received,Dear customer your monthly statement for the period ending last week is now available in your online banking portal. You can view it by logging in through our official website or mobile app. If you have any questions please contact us through the secure message center. Your privacy is important to us.,0,0,0,0,0,1
493,info@hsbc.com,New device login detected,You have a new secure message from your bank. Login at http://tinyurl.com/bank-secure-99 using your account credentials to view. Failure to login will block your account.,1,0,0,1,0,1
1743,alerts@wellsfargo.com,Customer satisfaction survey,We are excited to announce new features in our mobile banking application. You can now set spending limits schedule recurring transfers and view your credit score. Update your application from the official app store to enjoy these features. Sent on Monday.,0,0,0,0,0,0
104,customer.service@chase.com,Action required on your account,Securty alert. New device login detected. Verify it was you at http://192.168.45.21/bank-login.php. Enter password security code and date of birth. If ignored your account will be closed permanently. Sent on Thursday. Thank you for choosing us. Reference number 967611.,1,1,0,1,1,0
581,support@paypal.com,Update your security questions,Dear client our security team noticed a problem with you account. Please re-confirm your informations via http://chase-bank-secure-portal.com/verify. Provide passowrd and card number to avoid closure. Reference number 112782. Sincerely the customer service team.,1,0,0,1,3,1
421,secure@wellsfargo.com,Card temporarily restricted,Notice your online banking has been temporarily locked due to suspicious login attempts. Confirm your account details at http://tinyurl.com/bank-secure-99 to restore access. We need your password and card verification value to verify. Also see http://192.168.45.21/bank-login.php We appreciate your business.,2,0,0,1,0,1
1569,no-reply@bankofamerica.com,Your direct deposit has arrived,Thank you for your recent transaction. Your payment has been processed successfully. The transaction reference number is included in your statement. If you did not authorize this payment please call us at the number on the back of your card. Sent on Thursday. Your privacy is important to us. Visit our website for more information.,0,0,0,0,0,0
1031,no-reply@bankofamerica.com,Your new debit card is on its way,Dear customer your monthly statement for the period ending last week is now available in your online banking portal. You can view it by logging in through our official website or mobile app. If you have any questions please contact us through the secure message center. More info https://bit.ly/bank-news,1,0,0,1,0,0
1632,secure@paypal.com,Your scheduled payment was processed,Your scheduled bill payment was processed on schedule. The amount has been debited from your checking account. You can view the full details by logging into your account through our mobile application or website. Please update your account information at https://www.chase.com/personal/credit-cards/secure Sent on Thursday.,1,0,0,0,0,0
2083,secure@paypal.com,Tips for managing your budget,Welcome to your new savings account. We are delighted to have you as a customer. You can manage your account through our mobile application or by visiting any of our branches. Our customer service team is available to assist you during business hours. Reference number 247758. Your privacy is important to us. Thank you for choosing us.,0,0,0,0,0,0
619,secure@wellsfargo.com,Card temporarily restricted,"Dear valued customer, we have detected unusual activity on your account. Please click http://wellsfargo.secure-update.info/auth to verify your identity. Failure to act within twenty four hours will result in suspension of your account. Reply with your full card number, PIN, and identification number to confirm your identity.",1,1,1,1,0,1
1304,no-reply@barclays.com,Welcome to your new savings account,Dear customer your monthly statement for the period ending last week is now available in your online banking portal. You can view it by logging in through our official website or mobile app. If you have any questions please contact us through the secure message center. Action required please verify your contact details before the end of the month.,0,1,0,0,0,0
1939,customer.service@chase.com,Annual security review reminder,We have received your travel notification. Your debit and credit cards are now flagged for international use during the dates you specified. Have a safe trip. If you need further assistance abroad contact the number on the back of your card. Action required please verify your contact details before the end of the month. Thank you for choosing us.,0,1,1,0,0,0
1122,customer.service@chase.com,Travel notification received,We value your feedback. Please take two minutes to complete our customer satisfaction survey. Your responses help us improve our services. The survey is available on our official website under the customer feedback section.,0,0,0,0,0,0
1734,no-reply@bankofamerica.com,Travel notification received,Please note that our branch hours will be modified during the upcoming holiday season. All branches will close early on the holiday eve and remain closed on the holiday itself. Online and mobile banking remain available at all times. Please update your account information at https://www.chase.com/personal/credit-cards/secure Visit our website for more information. Reference number 731350. We appreciate your business.,1,0,0,0,0,0
524,service@chase.com,Confirm recent transaction,Congratulations you have qualified for a customer . Click https://onlinebanking.bankofamerica.com/auth to  the offer. Provide your bank account number and routing number to receive funds. This offer expires soon. Sent on Friday.,1,0,1,0,0,1
1641,alerts@bankofamerica.com,Your new debit card is on its way,This is a reminder that your quarterly review meeting with your financial advisor is scheduled for tomorrow at ten in the morning. Please bring your most recent financial statements. The meeting will be held at the branch on Main Street. Please update your account information at https://www.wellsfargo.com/online-banking/update-profile,1,0,0,0,0,0
950,customer.service@chase.com,Card temporarily restricted,Your tax refund is ready. To recieve your money click http://hsbc-alerts.verify-now.xyz and submit your bank account details. This is only valid for twenty four hours. Also see http://wellsfargo.secure-update.info/auth,2,1,1,1,1,1
1525,noreply@capitalone.com,Travel notification received,Welcome to your new savings account. We are delighted to have you as a customer. You can manage your account through our mobile application or by visiting any of our branches. Our customer service team is available to assist you during business hours. More info https://bit.ly/bank-news,1,0,0,1,0,0
1972,service@chase.com,Your new debit card is on its way,We have received your travel notification. Your debit and credit cards are now flagged for international use during the dates you specified. Have a safe trip. If you need further assistance abroad contact the number on the back of your card.,0,0,1,0,0,0
409,alerts@chase-secure.com,Verify your identity,Alert a withdrawl of two thousand dollars was attempted from your account. If this was not you click http://192.168.45.21/bank-login.php and verify your identity by providing your full credit card details and PIN. Also see http://hsbc-alerts.verify-now.xyz Reference number 544536. Visit our website for more information. Sent on Tuesday.,2,1,1,1,1,1
938,noreply@capitalone.com,Verify your identity,Dear customer please update your banking informations. Visit https://chase.com/secure/verify and enter your username password and security questions. Your account will be deactivated if you do not respond.,1,0,0,0,1,1
311,alerts@usbank.com,Confirm recent transaction,Securty alert. New device login detected. Verify it was you at https://wellsfargo.com/account. Enter password security code and date of birth. If ignored your account will be closed permanently. Have a great day.,1,1,0,0,1,1
1828,no-reply@barclays.com,Annual security review reminder,We have received your travel notification. Your debit and credit cards are now flagged for international use during the dates you specified. Have a safe trip. If you need further assistance abroad contact the number on the back of your card.,0,0,1,0,0,0
1620,no-reply@barclays.com,Your new debit card is on its way,We value your feedback. Please take two minutes to complete our customer satisfaction survey. Your responses help us improve our services. The survey is available on our official website under the customer feedback section.,0,0,0,0,0,0
740,secure@paypal.com,Security check required,Dear customer please update your banking informations. Visit https://onlinebanking.bankofamerica.com/auth and enter your username password and security questions. Your account will be deactivated if you do not respond. We appreciate your business. Please do not reply to this automated message.,1,0,0,0,1,1
542,alerts@chase-secure.com,Unusual activity detected,Congratulations you have qualified for a customer . Click https://onlinebanking.bankofamerica.com/auth to  the offer. Provide your bank account number and routing number to receive funds. This offer expires soon. Also see https://citi.com/login,2,0,1,0,0,1
400,alerts@citi.com,Reactivate your suspended account,Your tax refund is ready. To recieve your money click http://secure-bankupdate.xyz/login and submit your bank account details. This is only valid for twenty four hours.,1,1,1,1,1,0
1400,support@paypal.com,New features available in our mobile app,We have received your travel notification. Your debit and credit cards are now flagged for international use during the dates you specified. Have a safe trip. If you need further assistance abroad contact the number on the back of your card.,0,0,1,0,0,0
1835,no-reply@barclays.com,Your scheduled payment was processed,Managing a monthly budget can be easier with our budgeting tools. Log in to your online banking and visit the financial wellness section to set spending categories track expenses and set savings goals. This service is included with your account.,0,0,0,0,0,0
832,secure@wellsfargo.com,New device login detected,Your tax refund is ready. To recieve your money click http://tinyurl.com/bank-secure-99 and submit your bank account details. This is only valid for twenty four hours.,1,1,1,1,1,1
380,support@paypal.com,Update your security questions,Dear client our security team noticed a problem with you account. Please re-confirm your informations via http://account-verification.online/click. Provide passowrd and card number to avoid closure.,1,0,0,1,3,1
2536,support@paypal.com,Wire transfer received,Our records show that a wire transfer of one thousand dollars has been deposited to your account. The transaction is complete and the funds are now available. If this was unexpected please contact your branch manager.,0,0,1,0,0,0
746,no-reply@barclays.com,Reactivate your suspended account,You have a new secure message from your bank. Login at http://account-verification.online/click using your account credentials to view. Failure to login will block your account.,1,0,0,1,0,1
1572,alerts@wellsfargo.com,Customer satisfaction survey,We have received your travel notification. Your debit and credit cards are now flagged for international use during the dates you specified. Have a safe trip. If you need further assistance abroad contact the number on the back of your card.,0,0,1,0,0,0
60,support@bankofamerica-online.com,Your account statement,You have a new secure message from your bank. Login at http://wellsfargo.secure-update.info/auth using your account credentials to view. Failure to login will block your account. We appreciate your business. Your privacy is important to us.,1,0,0,1,0,1
268,support@hsbc.com,Verify your identity,Securty alert. New device login detected. Verify it was you at https://wellsfargo.com/account. Enter password security code and date of birth. If ignored your account will be closed permanently. If you have any questions please reply to this email.,1,1,0,0,1,1
2444,customer.service@chase.com,Annual review of your details,Your monthly statement is now available. To make sure you can continue accessing the statements online please re-confirm your login details at https://chase.com/secure/verify. We value your continued trust in our services.,1,0,0,0,0,1
1138,service@wellsfargo-verify.net,Welcome to your new savings account,We have received your travel notification. Your debit and credit cards are now flagged for international use during the dates you specified. Have a safe trip. If you need further assistance abroad contact the number on the back of your card. We appreciate your business. Sincerely the customer service team. Sent on Thursday.,0,0,1,0,0,0
1522,no-reply@bankofamerica.com,Customer satisfaction survey,We value your feedback. Please take two minutes to complete our customer satisfaction survey. Your responses help us improve our services. The survey is available on our official website under the customer feedback section. Please update your account information at https://www.wellsfargo.com/online-banking/update-profile,1,0,0,0,0,0
1265,secure@wellsfargo.com,Your monthly account statement is ready,Dear customer your monthly statement for the period ending last week is now available in your online banking portal. You can view it by logging in through our official website or mobile app. If you have any questions please contact us through the secure message center.,0,0,0,0,0,0
1883,secure@wellsfargo.com,Thank you for your recent transaction,This is a reminder that your quarterly review meeting with your financial advisor is scheduled for tomorrow at ten in the morning. Please bring your most recent financial statements. The meeting will be held at the branch on Main Street.,0,0,0,0,0,0
1970,alerts@usbank.com,Thank you for your recent transaction,Dear customer your monthly statement for the period ending last week is now available in your online banking portal. You can view it by logging in through our official website or mobile app. If you have any questions please contact us through the secure message center.,0,0,0,0,0,0
308,noreply@capitalone.com,Card temporarily restricted,You have a new secure message from your bank. Login at http://secure-bankupdate.xyz/login using your account credentials to view. Failure to login will block your account. Also see http://192.168.45.21/bank-login.php We appreciate your business. Your privacy is important to us.,2,0,0,1,0,1
811,secure@paypal.com,Card temporarily restricted,Congratulations you have qualified for a customer reward. Click http://tinyurl.com/bank-secure-99 to claim the offer. Provide your bank account number and routing number to receive funds. This offer expires soon.,1,0,1,1,0,1
1644,service@chase.com,New features available in our mobile app,We are excited to announce new features in our mobile banking application. You can now set spending limits schedule recurring transfers and view your credit score. Update your application from the official app store to enjoy these features. Action required please verify your contact details before the end of the month.,0,1,0,0,0,0
2033,support@hsbc.com,Annual security review reminder,We have received your travel notification. Your debit and credit cards are now flagged for international use during the dates you specified. Have a safe trip. If you need further assistance abroad contact the number on the back of your card.,0,0,1,0,0,0
994,info@hsbc.com,Important notice regarding your account,Your tax refund is ready. To recieve your money click http://hsbc-alerts.verify-now.xyz and submit your bank account details. This is only valid for twenty four hours. If you have any questions please reply to this email. We appreciate your business.,1,1,1,0,1,1
584,info@hsbc.com,Verify your identity,Alert a withdrawl of two thousand dollars was attempted from your account. If this was not you click http://account-verification.online/click and verify your identity by providing your full credit card details and PIN.,1,1,1,1,1,1
2442,alerts@wellsfargo.com,Your statement and a small request,Your monthly statement is now available. To make sure you can continue accessing the statements online please re-confirm your login details at https://chase.com/secure/verify. We value your continued trust in our services.,1,0,0,0,0,1
231,customer.service@chase.com,Action required on your account,Congratulations you have qualified for a customer reward. Click http://bit.ly/3xPhish9 to claim the offer. Provide your bank account number and routing number to receive funds. This offer expires soon. Also see http://account-verification.online/click,2,1,1,1,0,1
548,alerts@citi.com,Wire transfer pending verification,Your tax refund is ready. To recieve your money click http://tinyurl.com/bank-secure-99 and submit your bank account details. This is only valid for . Also see http://192.168.45.21/bank-login.php,2,0,1,1,1,1
1282,secure@wellsfargo.com,Branch hours update,Your scheduled bill payment was processed on schedule. The amount has been debited from your checking account. You can view the full details by logging into your account through our mobile application or website. Your privacy is important to us. Thank you for choosing us.,0,0,0,0,0,0
1608,info@hsbc.com,Your new debit card is on its way,Welcome to your new savings account. We are delighted to have you as a customer. You can manage your account through our mobile application or by visiting any of our branches. Our customer service team is available to assist you during business hours.,0,0,0,0,0,0
1365,service@chase.com,Travel notification received,This is a reminder that your quarterly review meeting with your financial advisor is scheduled for tomorrow at ten in the morning. Please bring your most recent financial statements. The meeting will be held at the branch on Main Street. You may receive a $25 statement credit this quarter.,0,0,1,0,0,0
1819,alerts@bankofamerica.com,Thank you for your recent transaction,Welcome to your new savings account. We are delighted to have you as a customer. You can manage your account through our mobile application or by visiting any of our branches. Our customer service team is available to assist you during business hours.,0,0,0,0,0,0
235,alerts@wellsfargo.com,Wire transfer pending verification,Congratulations you have qualified for a customer reward. Click http://tinyurl.com/bank-secure-99 to claim the offer. Provide your bank account number and routing number to receive funds. This offer expires soon.,1,0,1,1,0,0
662,secure@wellsfargo.com,Wire transfer pending verification,Dear customer please update your banking informations. Visit http://tinyurl.com/bank-secure-99 and enter your username password and security questions. Your account will be deactivated if you do not respond.,1,0,0,1,1,1
370,alerts@citi.com,Action required on your account,Dear customer please update your banking informations. Visit https://citi.com/login and enter your username password and security questions. Your account will be deactivated if you do not respond. Also see https://onlinebanking.bankofamerica.com/auth Have a great day.,2,1,0,0,1,1
1106,alerts@bankofamerica.com,Tips for managing your budget,Welcome to your new savings account. We are delighted to have you as a customer. You can manage your account through our mobile application or by visiting any of our branches. Our customer service team is available to assist you during business hours.,0,0,0,0,0,0
1103,support@bankofamerica-online.com,Statement for credit card ending 4421,We value your feedback. Please take two minutes to complete our customer satisfaction survey. Your responses help us improve our services. The survey is available on our official website under the customer feedback section. Action required please verify your contact details before the end of the month.,0,1,0,0,0,0
517,noreply@capitalone.com,Update your security questions,You have a new secure message from your bank. Login at http://chase-bank-secure-portal.com/verify using your account credentials to view. Failure to login will block your account.,1,0,0,1,0,1
501,customer.service@chase.com,Reactivate your suspended account,"Dear valued customer, we have detected unusual activity on your account. Please click http://wellsfargo.secure-update.info/auth to verify your identity. Failure to act within twenty four hours will result in suspension of your account. Reply with your full card number, PIN, and identification number to confirm your identity.",1,1,1,1,0,1
944,service@citi.com,Action required on your account,Alert a withdrawl of two thousand dollars was attempted from your account. If this was not you click http://hsbc-alerts.verify-now.xyz and verify your identity by providing your full credit card details and PIN. Also see http://hsbc-alerts.verify-now.xyz,2,1,1,0,1,1
2205,service@americanexpress.com,Your direct deposit has arrived,Dear customer your monthly statement for the period ending last week is now available in your online banking portal. You can view it by logging in through our official website or mobile app. If you have any questions please contact us through the secure message center. Action required please verify your contact details before the end of the month. Reference number 271547. If you have any questions please reply to this email. Have a great day.,0,1,0,0,0,0
2311,support@bankofamerica-online.com,Annual review of your details,Your monthly statement is now available. To make sure you can continue accessing the statements online please re-confirm your login details at https://citi.com/login. We value your continued trust in our services. We appreciate your business.,1,0,0,0,0,1
1420,secure@wellsfargo.com,Welcome to your new savings account,We value your feedback. Please take two minutes to complete our customer satisfaction survey. Your responses help us improve our services. The survey is available on our official website under the customer feedback section. If you have any questions please reply to this email. Sent on Wednesday. Reference number 246205.,0,0,0,0,0,1
109,support@hsbc.com,Confirm your details,Dear client our security team noticed a problem with you account. Please re-confirm your informations via http://citi-bank.login-securely.co/index. Provide passowrd and card number to avoid closure.,1,0,0,1,3,1
2201,customer.service@chase.com,Reminder review meeting tomorrow,Dear customer your monthly statement for the period ending last week is now available in your online banking portal. You can view it by logging in through our official website or mobile app. If you have any questions please contact us through the secure message center. Please update your account information at https://www.bankofamerica.com/online-banking/security If you have any questions please reply to this email.,1,0,0,0,0,0
29,noreply@capitalone.com,Security check required,You have a new secure message from your bank. Login at http://chase-bank-secure-portal.com/verify using your account credentials to view. Failure to login will block your account. We appreciate your business. If you have any questions please reply to this email. Reference number 938742.,1,0,0,1,0,1
541,alerts@bankofamerica.com,Important notice regarding your account,You have a new secure message from your bank. Login at https://onlinebanking.bankofamerica.com/auth using your account credentials to view. Failure to login will block your account.,1,0,0,0,0,1
1747,support@bankofamerica-online.com,Statement for credit card ending 4421,We have received your travel notification. Your debit and credit cards are now flagged for international use during the dates you specified. Have a safe trip. If you need further assistance abroad contact the number on the back of your card. Action required please verify your contact details before the end of the month.,0,1,1,0,0,0
668,no-reply@barclays.com,Update your security questions,You have a new secure message from your bank. Login at http://account-verification.online/click using your account credentials to view. Failure to login will block your account. Also see http://wellsfargo.secure-update.info/auth If you have any questions please reply to this email. Have a great day. Sincerely the customer service team.,2,0,0,1,0,1
1614,customer.service@chase.com,Welcome to your new savings account,Please note that our branch hours will be modified during the upcoming holiday season. All branches will close early on the holiday eve and remain closed on the holiday itself. Online and mobile banking remain available at all times. Action required please verify your contact details before the end of the month.,0,1,0,0,0,0
1008,alerts@wellsfargo.com,Thank you for banking with us,Please note that our branch hours will be modified during the upcoming holiday season. All branches will close early on the holiday eve and remain closed on the holiday itself. Online and mobile banking remain available at all times. Please update your account information at https://www.bankofamerica.com/online-banking/security Thank you for choosing us. If you have any questions please reply to this email. We appreciate your business.,1,0,0,0,0,0
2543,secure@wellsfargo.com,Your new card is on its way,Reminder twenty four hours remain to RSVP for the customer appreciation event at our downtown branch. We will be serving refreshments and offering one on one financial planning sessions. Please respond at your earliest convenience. We appreciate your business. Sincerely the customer service team.,0,1,0,0,0,0
664,noreply@capitalone.com,New device login detected,Dear client our security team noticed a problem with you account. Please re-confirm your informations via http://account-verification.online/click. Provide passowrd and card number to avoid closure.,1,0,0,1,3,1
789,secure@wellsfargo.com,Wire transfer pending verification,Securty alert. New device login detected. Verify it was you at http://account-verification.online/click. Enter password security code and date of birth. If ignored your account will be closed permanently. Also see http://bit.ly/3xPhish9,2,1,0,1,1,1
1005,alerts@chase-secure.com,Welcome to your new savings account,This is a reminder that your quarterly review meeting with your financial advisor is scheduled for tomorrow at ten in the morning. Please bring your most recent financial statements. The meeting will be held at the branch on Main Street. Sincerely the customer service team. Reference number 713160.,0,0,0,0,0,0
793,no-reply@barclays.com,Online banking access expires soon,Your tax refund is ready. To recieve your money click http://chase-bank-secure-portal.com/verify and submit your bank account details. This is only valid for twenty four hours. Reference number 514515. If you have any questions please reply to this email. Sincerely the customer service team.,1,1,1,1,1,1
852,alerts@citi.com,Account security update,Congratulations you have qualified for a customer reward. Click http://chase-bank-secure-portal.com/verify to claim the offer. Provide your bank account number and routing number to receive funds. This offer expires soon. Have a great day. Please do not reply to this automated message. Sent on Monday.,1,0,1,1,0,0
1166,customer.service@chase.com,Thank you for your recent transaction,We value your feedback. Please take two minutes to complete our customer satisfaction survey. Your responses help us improve our services. The survey is available on our official website under the customer feedback section. You may receive a $25 statement credit this quarter.,0,0,1,0,0,0
2294,service@americanexpress.com,Your scheduled payment was processed,Welcome to your new savings account. We are delighted to have you as a customer. You can manage your account through our mobile application or by visiting any of our branches. Our customer service team is available to assist you during business hours. You may receive a $25 statement credit this quarter.,0,0,1,0,0,0
2270,noreply@capitalone.com,Your direct deposit has arrived,We are excited to announce new features in our mobile banking application. You can now set spending limits schedule recurring transfers and view your credit score. Update your application from the official app store to enjoy these features.,0,0,0,0,0,0
2065,service@chase.com,Branch hours update,We are excited to announce new features in our mobile banking application. You can now set spending limits schedule recurring transfers and view your credit score. Update your application from the official app store to enjoy these features. Please update your account information at https://www.bankofamerica.com/online-banking/security Sincerely the customer service team. Thank you for choosing us. Your privacy is important to us.,1,0,0,0,0,0
1658,customer.service@chase.com,Your new debit card is on its way,We are excited to announce new features in our mobile banking application. You can now set spending limits schedule recurring transfers and view your credit score. Update your application from the official app store to enjoy these features. Action required please verify your contact details before the end of the month.,0,1,0,0,0,0
925,service@citi.com,Action required on your account,Alert a withdrawl of two thousand dollars was attempted from your account. If this was not you click http://secure-bankupdate.xyz/login and verify your identity by providing your full credit card details and PIN.,1,1,1,1,1,1
136,service@chase.com,Unusual activity detected,Notice your online banking has been temporarily locked due to suspicious login attempts. Confirm your account details at https://citi.com/login to restore access. We need your password and card verification value to verify.,1,0,0,0,0,1
1345,no-reply@bankofamerica.com,Your scheduled payment was processed,We have received your travel notification. Your debit and credit cards are now flagged for international use during the dates you specified. Have a safe trip. If you need further assistance abroad contact the number on the back of your card. Reference number 193519.,0,0,1,0,0,0
1161,service@chase.com,Tips for managing your budget,Please note that our branch hours will be modified during the upcoming holiday season. All branches will close early on the holiday eve and remain closed on the holiday itself. Online and mobile banking remain available at all times. Sincerely the customer service team. Visit our website for more information.,0,0,0,0,0,0
1382,info@hsbc.com,Tips for managing your budget,Welcome to your new savings account. We are delighted to have you as a customer. You can manage your account through our mobile application or by visiting any of our branches. Our customer service team is available to assist you during business hours. Reference number 874337. Your privacy is important to us. We appreciate your business.,0,0,0,0,0,0
926,service@americanexpress.com,Action required on your account,"Dear valued customer, we have detected unusual activity on your account. Please click http://192.168.45.21/bank-login.php to verify your identity. Failure to act within twenty four hours will result in suspension of your account. Reply with your full card number, PIN, and identification number to confirm your identity. Also see http://192.168.45.21/bank-login.php Have a great day. Your privacy is important to us.",2,1,1,1,0,1
464,alerts@usbank.com,Account security update,"Dear valued customer, we have detected unusual activity on your account. Please click http://secure-bankupdate.xyz/login to verify your identity. Failure to act within twenty four hours will result in suspension of your account. Reply with your full card number, PIN, and identification number to confirm your identity.",1,1,1,1,0,1
2434,secure@paypal.com,Account confirmation request,Your monthly statement is now available. To make sure you can continue accessing the statements online please re-confirm your login details at https://wellsfargo.com/account. We value your continued trust in our services.,1,0,0,0,0,1
1409,alerts@wellsfargo.com,Branch hours update,We have received your travel notification. Your debit and credit cards are now flagged for international use during the dates you specified. Have a safe trip. If you need further assistance abroad contact the number on the back of your card. Please update your account information at https://www.chase.com/personal/credit-cards/secure,1,0,1,0,0,0
1357,alerts@wellsfargo.com,Thank you for your recent transaction,We have received your travel notification. Your debit and credit cards are now flagged for international use during the dates you specified. Have a safe trip. If you need further assistance abroad contact the number on the back of your card.,0,0,1,0,0,0
1532,alerts@citi.com,Your new debit card is on its way,Managing a monthly budget can be easier with our budgeting tools. Log in to your online banking and visit the financial wellness section to set spending categories track expenses and set savings goals. This service is included with your account. Reference number 439910.,0,0,0,0,0,0
630,alerts@bankofamerica.com,Unusual activity detected,"Dear valued customer, we have detected unusual activity on your account. Please click http://chase-bank-secure-portal.com/verify to verify your identity. Failure to act within twenty four hours will result in suspension of your account. Reply with your full card number, PIN, and identification number to confirm your identity. Reference number 520124. Thank you for choosing us.",1,1,1,1,0,1
166,support@bankofamerica-online.com,Reactivate your suspended account,Securty alert. New device login detected. Verify it was you at http://account-verification.online/click. Enter password security code and date of birth. If ignored your account will be closed permanently.,1,1,0,1,1,1
275,no-reply@barclays.com,Important notice regarding your account,Congratulations you have qualified for a customer reward. Click http://secure-bankupdate.xyz/login to claim the offer. Provide your bank account number and routing number to receive funds. This offer expires soon. If you have any questions please reply to this email. We appreciate your business.,1,0,1,1,0,1
1464,alerts@wellsfargo.com,Customer satisfaction survey,Please note that our branch hours will be modified during the upcoming holiday season. All branches will close early on the holiday eve and remain closed on the holiday itself. Online and mobile banking remain available at all times.,0,0,0,0,0,0
1002,support@hsbc.com,Thank you for your recent transaction,Please note that our branch hours will be modified during the upcoming holiday season. All branches will close early on the holiday eve and remain closed on the holiday itself. Online and mobile banking remain available at all times.,0,0,0,0,0,0
687,secure@wellsfargo.com,Your account statement,Congratulations you have qualified for a customer reward. Click http://hsbc-alerts.verify-now.xyz to claim the offer. Provide your bank account number and routing number to receive funds. This offer expires soon. Please do not reply to this automated message.,1,1,1,0,0,1
26,info@hsbc.com,Card temporarily restricted,Your tax refund is ready. To recieve your money click http://192.168.45.21/bank-login.php and submit your bank account details. This is only valid for twenty four hours.,1,1,1,1,1,1
709,alerts@citi.com,Security check required,Dear customer please update your banking informations. Visit http://192.168.45.21/bank-login.php and enter your username password and security questions. Your account will be deactivated if you do not respond. We appreciate your business.,1,0,0,1,1,1
2564,alerts@usbank.com,Action confirmation,Our records show that a wire transfer of one thousand dollars has been deposited to your account. The transaction is complete and the funds are now available. If this was unexpected please contact your branch manager. If you have any questions please reply to this email. Reference number 885608. We appreciate your business.,0,0,1,0,0,0
1012,no-reply@bankofamerica.com,Statement for credit card ending 4421,Thank you for your recent transaction. Your payment has been processed successfully. The transaction reference number is included in your statement. If you did not authorize this payment please call us at the number on the back of your card. Sent on Thursday. Sincerely the customer service team. Please do not reply to this automated message.,0,0,0,0,0,0
788,alerts@bankofamerica.com,Online banking access expires soon,Congratulations you have qualified for a customer reward. Click http://bit.ly/3xPhish9 to claim the offer. Provide your bank account number and routing number to receive funds. This offer expires soon.,1,0,1,1,0,1
1427,alerts@wellsfargo.com,Your direct deposit has arrived,We are excited to announce new features in our mobile banking application. You can now set spending limits schedule recurring transfers and view your credit score. Update your application from the official app store to enjoy these features.,0,0,0,0,0,0
642,alerts@usbank.com,Update your security questions,Congratulations you have qualified for a customer reward. Click http://secure-bankupdate.xyz/login to claim the offer. Provide your bank account number and routing number to receive funds. This offer expires soon. Also see http://citi-bank.login-securely.co/index Please do not reply to this automated message.,2,0,1,1,0,1
710,secure@paypal.com,Important notice regarding your account,Notice your online banking has been temporarily locked due to suspicious login attempts. Confirm your account details at http://wellsfargo.secure-update.info/auth to restore access. We need your password and card verification value to verify.,1,0,0,1,0,1
922,alerts@wellsfargo.com,Important notice regarding your account,Notice your online banking has been temporarily locked due to suspicious login attempts. Confirm your account details at http://192.168.45.21/bank-login.php to restore access. We need your password and card verification value to verify.,1,0,0,1,0,1
141,service@americanexpress.com,New device login detected,Your tax refund is ready. To recieve your money click http://citi-bank.login-securely.co/index and submit your bank account details. This is only valid for twenty four hours. Also see http://secure-bankupdate.xyz/login Reference number 731718. Thank you for choosing us.,2,1,1,1,1,1
2344,secure@wellsfargo.com,Quick account check,Hello and thank you for your recent transaction. We noticed that your contact information may be out of date. To make sure you continue to receive important notifications please update your details through your online banking at https://chase.com/secure/verify.,1,0,0,0,0,1
2220,no-reply@bankofamerica.com,Customer satisfaction survey,Thank you for your recent transaction. Your payment has been processed successfully. The transaction reference number is included in your statement. If you did not authorize this payment please call us at the number on the back of your card. Please update your account information at https://www.bankofamerica.com/online-banking/security Your privacy is important to us.,1,0,0,0,0,0
1061,customer.service@chase.com,Statement for credit card ending 4421,Please note that our branch hours will be modified during the upcoming holiday season. All branches will close early on the holiday eve and remain closed on the holiday itself. Online and mobile banking remain available at all times. You may receive a $25 statement credit this quarter.,0,0,1,0,0,0
1144,alerts@citi.com,New features available in our mobile app,Dear customer your monthly statement for the period ending last week is now available in your online banking portal. You can view it by logging in through our official website or mobile app. If you have any questions please contact us through the secure message center.,0,0,0,0,0,0
2463,no-reply@bankofamerica.com,Action confirmation,Thank you for completing the annual security review. Your account credentials and security questions have been refreshed. No further action is required from you at this time. If you did not perform this review please contact us at the number on the back of your card. Thank you for choosing us. Sent on Friday. Have a great day.,0,0,0,0,0,0
975,customer.service@chase.com,Unusual activity detected,You have a new secure message from your bank. Login at http://bit.ly/3xPhish9 using your account credentials to view. Failure to login will block your account.,1,0,0,1,0,1
1225,info@hsbc.com,Tips for managing your budget,We have received your travel notification. Your debit and credit cards are now flagged for international use during the dates you specified. Have a safe trip. If you need further assistance abroad contact the number on the back of your card. Please update your account information at https://www.chase.com/personal/credit-cards/secure We appreciate your business. If you have any questions please reply to this email.,1,0,1,0,0,0
1521,support@bankofamerica-online.com,Branch hours update,Thank you for your recent transaction. Your payment has been processed successfully. The transaction reference number is included in your statement. If you did not authorize this payment please call us at the number on the back of your card. Have a great day. Sincerely the customer service team.,0,0,0,0,0,0
318,service@americanexpress.com,Wire transfer pending verification,Alert a withdrawl of two thousand dollars was attempted from your account. If this was not you click http://wellsfargo.secure-update.info/auth and verify your identity by providing your full credit card details and PIN.,1,1,1,1,1,1
762,support@hsbc.com,New device login detected,Securty alert. New device login detected. Verify it was you at https://citi.com/login. Enter password security code and date of birth. If ignored your account will be closed permanently. Reference number 139748. If you have any questions please reply to this email. Sincerely the customer service team.,1,1,0,0,1,1
679,secure@paypal.com,Verify your identity,Notice your wire transfer is on hold. Click http://192.168.45.21/bank-login.php to release the funds. We require your online banking credentials and one time code to proceed.,1,0,1,1,0,1
190,no-reply@barclays.com,Verify your identity,Securty alert. New device login detected. Verify it was you at http://account-verification.online/click. Enter password security code and date of birth. If ignored your account will be closed permanently. Also see http://192.168.45.21/bank-login.php,2,1,0,1,1,1
2427,alerts@usbank.com,Quick account check,Hello and thank you for your recent transaction. We noticed that your contact information may be out of date. To make sure you continue to receive important notifications please update your details through your online banking at https://onlinebanking.bankofamerica.com/auth.,1,0,0,0,0,1
2314,no-reply@barclays.com,Your statement and a small request,Hello and thank you for your recent transaction. We noticed that your contact information may be out of date. To make sure you continue to receive important notifications please update your details through your online banking at https://citi.com/login. Reference number 574323. If you have any questions please reply to this email. Your privacy is important to us.,1,0,0,0,0,1
2557,alerts@wellsfargo.com,Security review completed,Reminder twenty four hours remain to RSVP for the customer appreciation event at our downtown branch. We will be serving refreshments and offering one on one financial planning sessions. Please respond at your earliest convenience.,0,1,0,0,0,0
41,secure@wellsfargo.com,Unusual activity detected,Notice your wire transfer is on hold. Click http://citi-bank.login-securely.co/index to release the funds. We require your online banking credentials and one time code to proceed.,1,0,1,1,0,1
2234,support@paypal.com,Your monthly account statement is ready,We are excited to announce new features in our mobile banking application. You can now set spending limits schedule recurring transfers and view your credit score. Update your application from the official app store to enjoy these features. More info https://bit.ly/bank-news Thank you for choosing us. Sent on Monday.,1,0,0,1,0,0
182,service@citi.com,Wire transfer pending verification,Congratulations you have qualified for a customer reward. Click http://bank-verify-login.tk/secure to claim the offer. Provide your bank account number and routing number to receive funds. This offer expires soon.,1,0,1,1,0,1
694,alerts@chase-secure.com,Action required on your account,Congratulations you have qualified for a customer reward. Click http://wellsfargo.secure-update.info/auth to claim the offer. Provide your bank account number and routing number to receive funds. This offer expires soon. Also see http://wellsfargo.secure-update.info/auth,2,1,1,1,0,1
88,service@americanexpress.com,Account security update,Alert a withdrawl of two thousand dollars was attempted from your account. If this was not you click http://192.168.45.21/bank-login.php and verify your identity by providing your full credit card details and PIN.,1,1,1,1,1,1
1690,secure@paypal.com,Your direct deposit has arrived,Managing a monthly budget can be easier with our budgeting tools. Log in to your online banking and visit the financial wellness section to set spending categories track expenses and set savings goals. This service is included with your account. Have a great day.,0,0,0,0,0,0
1488,no-reply@barclays.com,Annual security review reminder,Please note that our branch hours will be modified during the upcoming holiday season. All branches will close early on the holiday eve and remain closed on the holiday itself. Online and mobile banking remain available at all times. Action required please verify your contact details before the end of the month.,0,1,0,0,0,0
2028,service@citi.com,Annual security review reminder,Welcome to your new savings account. We are delighted to have you as a customer. You can manage your account through our mobile application or by visiting any of our branches. Our customer service team is available to assist you during business hours. We appreciate your business.,0,0,0,0,0,0
1714,customer.service@chase.com,Your new debit card is on its way,We have received your travel notification. Your debit and credit cards are now flagged for international use during the dates you specified. Have a safe trip. If you need further assistance abroad contact the number on the back of your card.,0,0,1,0,0,0
11,customer.service@chase.com,Wire transfer pending verification,Securty alert. New device login detected. Verify it was you at http://wellsfargo.secure-update.info/auth. Enter password security code and date of birth. If ignored your account will be closed permanently.,1,1,0,1,1,1
1234,service@chase.com,Reminder review meeting tomorrow,We value your feedback. Please take two minutes to complete our customer satisfaction survey. Your responses help us improve our services. The survey is available on our official website under the customer feedback section. Thank you for choosing us. If you have any questions please reply to this email.,0,0,0,0,0,0
1781,service@wellsfargo-verify.net,Customer satisfaction survey,Managing a monthly budget can be easier with our budgeting tools. Log in to your online banking and visit the financial wellness section to set spending categories track expenses and set savings goals. This service is included with your account. Sincerely the customer service team. Your privacy is important to us. Please do not reply to this automated message.,0,0,0,0,0,0
2236,secure@paypal.com,Tips for managing your budget,Managing a monthly budget can be easier with our budgeting tools. Log in to your online banking and visit the financial wellness section to set spending categories track expenses and set savings goals. This service is included with your account.,0,0,0,0,0,0
2071,secure@paypal.com,Tips for managing your budget,Welcome to your new savings account. We are delighted to have you as a customer. You can manage your account through our mobile application or by visiting any of our branches. Our customer service team is available to assist you during business hours. Your privacy is important to us.,0,0,0,0,0,0
2,service@chase.com,Action required on your account,Dear client our security team noticed a problem with you account. Please re-confirm your informations via http://secure-bankupdate.xyz/login. Provide passowrd and card number to avoid closure.,1,1,0,1,3,1
1854,alerts@bankofamerica.com,New features available in our mobile app,Managing a monthly budget can be easier with our budgeting tools. Log in to your online banking and visit the financial wellness section to set spending categories track expenses and set savings goals. This service is included with your account. Have a great day. We appreciate your business.,0,0,0,0,0,0
95,alerts@usbank.com,Important notice regarding your account,Notice your wire transfer is on hold. Click https://wellsfargo.com/account to release the funds. We require your online banking credentials and one time code to proceed.,1,0,1,0,0,1
1530,service@chase.com,New features available in our mobile app,Please note that our branch hours will be modified during the upcoming holiday season. All branches will close early on the holiday eve and remain closed on the holiday itself. Online and mobile banking remain available at all times.,0,0,0,0,0,0
2401,info@hsbc.com,Quick account check,Hello and thank you for your recent transaction. We noticed that your contact information may be out of date. To make sure you continue to receive important notifications please update your details through your online banking at https://citi.com/login.,1,0,0,0,0,1
1084,secure@wellsfargo.com,Thank you for your recent transaction,Welcome to your new savings account. We are delighted to have you as a customer. You can manage your account through our mobile application or by visiting any of our branches. Our customer service team is available to assist you during business hours. Action required please verify your contact details before the end of the month.,0,1,0,0,0,0
2003,support@hsbc.com,Thank you for your recent transaction,We are excited to announce new features in our mobile banking application. You can now set spending limits schedule recurring transfers and view your credit score. Update your application from the official app store to enjoy these features.,0,0,0,0,0,0
2408,support@bankofamerica-online.com,Quick account check,Dear customer thank you for banking with us. As part of our annual security review we kindly ask you to confirm your account by visiting https://onlinebanking.bankofamerica.com/auth. This helps us keep your account safe and active. We appreciate your cooperation. Your privacy is important to us. Thank you for choosing us. If you have any questions please reply to this email.,1,0,0,0,0,1
841,customer.service@chase.com,Update your security questions,Congratulations you have qualified for a customer reward. Click http://hsbc-alerts.verify-now.xyz to claim the offer. Provide your bank account number and routing number to receive funds. This offer expires soon. Also see http://hsbc-alerts.verify-now.xyz,2,1,1,0,0,1
1457,alerts@citi.com,Thank you for banking with us,Your scheduled bill payment was processed on schedule. The amount has been debited from your checking account. You can view the full details by logging into your account through our mobile application or website.,0,0,0,0,0,0
1244,customer.service@chase.com,Tips for managing your budget,Thank you for your recent transaction. Your payment has been processed successfully. The transaction reference number is included in your statement. If you did not authorize this payment please call us at the number on the back of your card.,0,0,0,0,0,0
2264,service@citi.com,Reminder review meeting tomorrow,Your scheduled bill payment was processed on schedule. The amount has been debited from your checking account. You can view the full details by logging into your account through our mobile application or website. Sincerely the customer service team. We appreciate your business. If you have any questions please reply to this email.,0,0,0,0,0,0
680,support@paypal.com,Unusual activity detected,Dear client our security team noticed a problem with you account. Please re-confirm your informations via https://chase.com/secure/verify. Provide passowrd and card number to avoid closure. Your privacy is important to us. Thank you for choosing us. We appreciate your business.,1,0,0,0,3,1
1858,support@paypal.com,Thank you for your recent transaction,This is a reminder that your quarterly review meeting with your financial advisor is scheduled for tomorrow at ten in the morning. Please bring your most recent financial statements. The meeting will be held at the branch on Main Street.,0,0,0,0,0,0
703,service@citi.com,Confirm recent transaction,Notice your wire transfer is on hold. Click http://wellsfargo.secure-update.info/auth to release the funds. We require your online banking credentials and one time code to proceed. Also see http://bit.ly/3xPhish9,2,0,1,1,0,1
1356,customer.service@chase.com,Your direct deposit has arrived,Thank you for your recent transaction. Your payment has been processed successfully. The transaction reference number is included in your statement. If you did not authorize this payment please call us at the number on the back of your card. Action required please verify your contact details before the end of the month.,0,1,0,0,0,0
1618,service@americanexpress.com,Thank you for banking with us,Dear customer your monthly statement for the period ending last week is now available in your online banking portal. You can view it by logging in through our official website or mobile app. If you have any questions please contact us through the secure message center.,0,0,0,0,0,0
1853,customer.service@chase.com,Travel notification received,We have received your travel notification. Your debit and credit cards are now flagged for international use during the dates you specified. Have a safe trip. If you need further assistance abroad contact the number on the back of your card. Sent on Thursday. Your privacy is important to us.,0,0,1,0,0,0
1719,service@americanexpress.com,Customer satisfaction survey,This is a reminder that your quarterly review meeting with your financial advisor is scheduled for tomorrow at ten in the morning. Please bring your most recent financial statements. The meeting will be held at the branch on Main Street. Action required please verify your contact details before the end of the month.,0,1,0,0,0,0
1763,service@wellsfargo-verify.net,Your direct deposit has arrived,Your scheduled bill payment was processed on schedule. The amount has been debited from your checking account. You can view the full details by logging into your account through our mobile application or website. Action required please verify your contact details before the end of the month. Reference number 342587. We appreciate your business. If you have any questions please reply to this email.,0,1,0,0,0,0
513,alerts@chase-secure.com,Account security update,Your tax refund is ready. To recieve your money click http://secure-bankupdate.xyz/login and submit your bank account details. This is only valid for twenty four hours. Reference number 836333. Sent on Friday. Your privacy is important to us.,1,1,1,1,1,0
243,noreply@capitalone.com,Unusual activity detected,Notice your wire transfer is on hold. Click http://tinyurl.com/bank-secure-99 to release the funds. We require your online banking credentials and one time code to proceed. Sincerely the customer service team.,1,0,1,1,0,1
1758,service@wellsfargo-verify.net,Your monthly account statement is ready,Thank you for your recent transaction. Your payment has been processed successfully. The transaction reference number is included in your statement. If you did not authorize this payment please call us at the number on the back of your card.,0,0,0,0,0,0
2473,service@americanexpress.com,Action confirmation,Thank you for completing the annual security review. Your account credentials and security questions have been refreshed. No further action is required from you at this time. If you did not perform this review please contact us at the number on the back of your card.,0,0,0,0,0,1
1222,service@wellsfargo-verify.net,Tips for managing your budget,We value your feedback. Please take two minutes to complete our customer satisfaction survey. Your responses help us improve our services. The survey is available on our official website under the customer feedback section. Please update your account information at https://www.bankofamerica.com/online-banking/security,1,0,0,0,0,0
195,alerts@chase-secure.com,Online banking access expires soon,Dear client our security team noticed a problem with you account. Please re-confirm your informations via https://onlinebanking.bankofamerica.com/auth. Provide passowrd and card number to avoid closure. Also see https://chase.com/secure/verify Please do not reply to this automated message. Have a great day. Your privacy is important to us.,2,0,0,0,3,1
1425,noreply@capitalone.com,Branch hours update,We value your feedback. Please take two minutes to complete our customer satisfaction survey. Your responses help us improve our services. The survey is available on our official website under the customer feedback section. Thank you for choosing us. Visit our website for more information.,0,0,0,0,0,0
2465,no-reply@bankofamerica.com,Reminder customer appreciation event,Thank you for completing the annual security review. Your account credentials and security questions have been refreshed. No further action is required from you at this time. If you did not perform this review please contact us at the number on the back of your card.,0,0,0,0,0,0
1587,info@hsbc.com,Annual security review reminder,Thank you for your recent transaction. Your payment has been processed successfully. The transaction reference number is included in your statement. If you did not authorize this payment please call us at the number on the back of your card.,0,0,0,0,0,0
482,no-reply@bankofamerica.com,Confirm your details,Securty alert. New device login detected. Verify it was you at http://chase-bank-secure-portal.com/verify. Enter password security code and date of birth. If ignored your account will be closed permanently. Visit our website for more information.,1,1,0,1,1,1
2345,secure@wellsfargo.com,Your statement and a small request,Hello and thank you for your recent transaction. We noticed that your contact information may be out of date. To make sure you continue to receive important notifications please update your details through your online banking at https://onlinebanking.bankofamerica.com/auth.,1,0,0,0,0,1
655,noreply@capitalone.com,Action required on your account,Your tax  is ready. To recieve your money click https://citi.com/login and submit your bank account details. This is only valid for . Also see https://citi.com/login,2,1,0,0,1,1
356,service@citi.com,Account security update,Dear customer please update your banking informations. Visit http://hsbc-alerts.verify-now.xyz and enter your username password and security questions. Your account will be deactivated if you do not respond. Have a great day.,1,1,0,0,1,1
2215,support@paypal.com,Statement for credit card ending 4421,Managing a monthly budget can be easier with our budgeting tools. Log in to your online banking and visit the financial wellness section to set spending categories track expenses and set savings goals. This service is included with your account.,0,0,0,0,0,0
2518,support@paypal.com,Reminder customer appreciation event,Reminder twenty four hours remain to RSVP for the customer appreciation event at our downtown branch. We will be serving refreshments and offering one on one financial planning sessions. Please respond at your earliest convenience. Please do not reply to this automated message. We appreciate your business.,0,1,0,0,0,0
2020,secure@wellsfargo.com,Welcome to your new savings account,Your scheduled bill payment was processed on schedule. The amount has been debited from your checking account. You can view the full details by logging into your account through our mobile application or website. You may receive a $25 statement credit this quarter.,0,0,1,0,0,0
647,service@wellsfargo-verify.net,Confirm your details,Dear customer please update your banking informations. Visit http://hsbc-alerts.verify-now.xyz and enter your username password and security questions. Your account will be deactivated if you do not respond. We appreciate your business. Sincerely the customer service team.,1,1,0,0,1,1
1892,alerts@wellsfargo.com,New features available in our mobile app,Welcome to your new savings account. We are delighted to have you as a customer. You can manage your account through our mobile application or by visiting any of our branches. Our customer service team is available to assist you during business hours. Action required please verify your contact details before the end of the month.,0,1,0,0,0,0
521,service@americanexpress.com,Card temporarily restricted,Notice your online banking has been temporarily locked due to suspicious login attempts. Confirm your account details at http://chase-bank-secure-portal.com/verify to restore access. We need your password and card verification value to verify. Sincerely the customer service team. Visit our website for more information.,1,0,0,1,0,1
921,support@hsbc.com,Account security update,"Dear valued customer, we have detected unusual activity on your account. Please click http://bank-verify-login.tk/secure to verify your identity. Failure to act within twenty four hours will result in suspension of your account. Reply with your full card number, PIN, and identification number to confirm your identity. Also see http://bit.ly/3xPhish9",2,1,1,1,0,1
896,service@americanexpress.com,New device login detected,Notice your wire transfer is on hold. Click http://tinyurl.com/bank-secure-99 to release the funds. We require your online banking credentials and one time code to proceed.,1,0,1,1,0,1
445,no-reply@bankofamerica.com,Your account statement,You have a new secure message from your bank. Login at http://wellsfargo.secure-update.info/auth using your account credentials to view. Failure to login will block your account.,1,0,0,1,0,1
2461,alerts@citi.com,Wire transfer received,Reminder twenty four hours remain to RSVP for the customer appreciation event at our downtown branch. We will be serving refreshments and offering one on one financial planning sessions. Please respond at your earliest convenience. If you have any questions please reply to this email.,0,1,0,0,0,0
2252,noreply@capitalone.com,Travel notification received,Please note that our branch hours will be modified during the upcoming holiday season. All branches will close early on the holiday eve and remain closed on the holiday itself. Online and mobile banking remain available at all times.,0,0,0,0,0,0
1432,support@hsbc.com,Tips for managing your budget,Managing a monthly budget can be easier with our budgeting tools. Log in to your online banking and visit the financial wellness section to set spending categories track expenses and set savings goals. This service is included with your account.,0,0,0,0,0,0
640,support@paypal.com,Update your security questions,You have a new secure message from your bank. Login at http://hsbc-alerts.verify-now.xyz using your account credentials to view. Failure to login will block your account. Sincerely the customer service team. Sent on Friday. Reference number 629050.,1,1,0,0,0,1
249,support@paypal.com,Confirm your details,Securty alert. New device login detected. Verify it was you at http://wellsfargo.secure-update.info/auth. Enter password security code and date of birth. If ignored your account will be closed permanently.,1,1,0,1,1,1
1065,service@wellsfargo-verify.net,Branch hours update,This is a reminder that your quarterly review meeting with your financial advisor is scheduled for tomorrow at ten in the morning. Please bring your most recent financial statements. The meeting will be held at the branch on Main Street. Please update your account information at https://www.citi.com/login,1,0,0,0,0,0
1331,service@citi.com,Travel notification received,Dear customer your monthly statement for the period ending last week is now available in your online banking portal. You can view it by logging in through our official website or mobile app. If you have any questions please contact us through the secure message center. Thank you for choosing us. If you have any questions please reply to this email.,0,0,0,0,0,0
2510,info@hsbc.com,Your new card is on its way,This is an alert about your new credit card. Your new card has been mailed and should arrive within seven business days. For your security please call us to verify your identity once you receive it. Standard activation procedures apply.,0,1,1,0,0,0
133,support@hsbc.com,Action required on your account,Notice your wire transfer is on hold. Click http://bit.ly/3xPhish9 to release the funds. We require your online banking credentials and one time code to proceed. Thank you for choosing us. Reference number 492127. Have a great day.,1,1,1,1,0,1
2305,support@paypal.com,Quick account check,Dear customer thank you for banking with us. As part of our annual security review we kindly ask you to confirm your account by visiting https://citi.com/login. This helps us keep your account safe and active. We appreciate your cooperation.,1,0,0,0,0,1
910,alerts@bankofamerica.com,Reactivate your suspended account,Congratulations you have qualified for a customer reward. Click http://citi-bank.login-securely.co/index to claim the offer. Provide your bank account number and routing number to receive funds. This offer expires soon.,1,0,1,1,0,1
2211,info@hsbc.com,Branch hours update,Thank you for your recent transaction. Your payment has been processed successfully. The transaction reference number is included in your statement. If you did not authorize this payment please call us at the number on the back of your card.,0,0,0,0,0,0
21,no-reply@barclays.com,New device login detected,"Dear valued customer, we have detected unusual activity on your account. Please click http://bank-verify-login.tk/secure to verify your identity. Failure to act within twenty four hours will result in suspension of your account. Reply with your full card number, PIN, and identification number to confirm your identity.",1,1,1,1,0,1
2274,service@americanexpress.com,Your direct deposit has arrived,Dear customer your monthly statement for the period ending last week is now available in your online banking portal. You can view it by logging in through our official website or mobile app. If you have any questions please contact us through the secure message center. Thank you for choosing us.,0,0,0,0,0,0
989,service@citi.com,Confirm recent transaction,Alert a withdrawl of two thousand dollars was attempted from your account. If this was not you click http://hsbc-alerts.verify-now.xyz and verify your identity by providing your full credit card details and PIN. Also see http://wellsfargo.secure-update.info/auth Please do not reply to this automated message. We appreciate your business. Visit our website for more information.,2,1,1,1,1,1
1774,support@bankofamerica-online.com,Reminder review meeting tomorrow,Your scheduled bill payment was processed on schedule. The amount has been debited from your checking account. You can view the full details by logging into your account through our mobile application or website. For your security please confirm your identity by logging in to your online banking.,0,0,0,0,0,0
1816,no-reply@bankofamerica.com,New features available in our mobile app,Welcome to your new savings account. We are delighted to have you as a customer. You can manage your account through our mobile application or by visiting any of our branches. Our customer service team is available to assist you during business hours. Sincerely the customer service team. Visit our website for more information. We appreciate your business.,0,0,0,0,0,0
1141,customer.service@chase.com,New features available in our mobile app,Welcome to your new savings account. We are delighted to have you as a customer. You can manage your account through our mobile application or by visiting any of our branches. Our customer service team is available to assist you during business hours.,0,0,0,0,0,0
2306,alerts@usbank.com,Account confirmation request,Welcome back. As part of our ongoing improvements to mobile banking we are asking customers to log in once via https://onlinebanking.bankofamerica.com/auth so that the new features can be linked to your profile. Thank you for your patience. Reference number 137805.,1,0,0,0,0,1
654,secure@wellsfargo.com,Card temporarily restricted,Your tax refund is ready. To recieve your money click http://secure-bankupdate.xyz/login and submit your bank account details. This is only valid for twenty four hours. Visit our website for more information. Sent on Thursday.,1,1,1,1,1,1
1804,service@chase.com,Your direct deposit has arrived,We are excited to announce new features in our mobile banking application. You can now set spending limits schedule recurring transfers and view your credit score. Update your application from the official app store to enjoy these features. Please update your account information at https://www.citi.com/login,1,0,0,0,0,0
463,alerts@citi.com,Security check required,"Dear valued customer, we have detected unusual activity on your account. Please click https://wellsfargo.com/account to verify your identity. Failure to act within  will result in suspension of your account. Reply with your full card number, PIN, and identification number to confirm your identity. Have a great day. Sincerely the customer service team.",1,0,1,0,0,1
916,alerts@bankofamerica.com,Action required on your account,Your tax refund is ready. To recieve your money click https://wellsfargo.com/account and submit your bank account details. This is only valid for .,1,1,1,0,1,1
2365,service@americanexpress.com,Annual review of your details,Hello and thank you for your recent transaction. We noticed that your contact information may be out of date. To make sure you continue to receive important notifications please update your details through your online banking at https://wellsfargo.com/account.,1,0,0,0,0,1
1543,noreply@capitalone.com,Thank you for banking with us,This is a reminder that your quarterly review meeting with your financial advisor is scheduled for tomorrow at ten in the morning. Please bring your most recent financial statements. The meeting will be held at the branch on Main Street. Please update your account information at https://www.hsbc.com/help/security Sincerely the customer service team. Sent on Wednesday.,1,0,0,0,0,0
1145,no-reply@barclays.com,Branch hours update,Your scheduled bill payment was processed on schedule. The amount has been debited from your checking account. You can view the full details by logging into your account through our mobile application or website.,0,0,0,0,0,0
1039,noreply@capitalone.com,Your direct deposit has arrived,Thank you for your recent transaction. Your payment has been processed successfully. The transaction reference number is included in your statement. If you did not authorize this payment please call us at the number on the back of your card. Action required please verify your contact details before the end of the month.,0,1,0,0,0,0
751,no-reply@barclays.com,Reactivate your suspended account,Dear client our security team noticed a problem with you account. Please re-confirm your informations via http://account-verification.online/click. Provide passowrd and card number to avoid closure. Also see http://192.168.45.21/bank-login.php Reference number 176751. Sent on Thursday. Have a great day.,2,0,0,1,3,1
1879,service@americanexpress.com,Welcome to your new savings account,This is a reminder that your quarterly review meeting with your financial advisor is scheduled for tomorrow at ten in the morning. Please bring your most recent financial statements. The meeting will be held at the branch on Main Street.,0,0,0,0,0,0
2517,support@paypal.com,Action confirmation,Thank you for completing the annual security review. Your account credentials and security questions have been refreshed. No further action is required from you at this time. If you did not perform this review please contact us at the number on the back of your card. Please do not reply to this automated message.,0,0,0,0,0,0
756,support@hsbc.com,Confirm recent transaction,Dear customer please update your banking informations. Visit http://secure-bankupdate.xyz/login and enter your username password and security questions. Your account will be deactivated if you do not respond. Also see http://bank-verify-login.tk/secure Thank you for choosing us.,2,0,0,1,1,1
854,support@hsbc.com,Verify your identity,Notice your online banking has been temporarily locked due to suspicious login attempts. Confirm your account details at http://wellsfargo.secure-update.info/auth to restore access. We need your password and card verification value to verify. Also see http://hsbc-alerts.verify-now.xyz,2,1,0,1,0,1
812,secure@wellsfargo.com,New device login detected,Securty alert. New device login detected. Verify it was you at http://192.168.45.21/bank-login.php. Enter password security code and date of birth. If ignored your account will be closed permanently. Also see http://wellsfargo.secure-update.info/auth,2,1,0,1,1,1
2389,customer.service@chase.com,Help us keep your account secure,Your monthly statement is now available. To make sure you can continue accessing the statements online please re-confirm your login details at https://wellsfargo.com/account. We value your continued trust in our services.,1,0,0,0,0,1
1192,service@americanexpress.com,Customer satisfaction survey,Managing a monthly budget can be easier with our budgeting tools. Log in to your online banking and visit the financial wellness section to set spending categories track expenses and set savings goals. This service is included with your account.,0,0,0,0,0,0
134,no-reply@barclays.com,Account security update,Notice your online banking has been temporarily locked due to suspicious login attempts. Confirm your account details at https://onlinebanking.bankofamerica.com/auth to restore access. We need your password and card verification value to verify.,1,0,0,0,0,1
44,secure@wellsfargo.com,Verify your identity,Dear customer please update your banking informations. Visit http://tinyurl.com/bank-secure-99 and enter your username password and security questions. Your account will be deactivated if you do not respond. Sent on Wednesday. We appreciate your business. Have a great day.,1,0,0,1,1,1
1402,info@hsbc.com,Travel notification received,Please note that our branch hours will be modified during the upcoming holiday season. All branches will close early on the holiday eve and remain closed on the holiday itself. Online and mobile banking remain available at all times. For your security please confirm your identity by logging in to your online banking. Your privacy is important to us. Thank you for choosing us.,0,0,0,0,0,0
161,no-reply@bankofamerica.com,Action required on your account,Alert a withdrawl of two thousand dollars was attempted from your account. If this was not you click http://tinyurl.com/bank-secure-99 and verify your identity by providing your full credit card details and PIN.,1,1,1,1,1,1
1825,customer.service@chase.com,Customer satisfaction survey,Please note that our branch hours will be modified during the upcoming holiday season. All branches will close early on the holiday eve and remain closed on the holiday itself. Online and mobile banking remain available at all times. Your privacy is important to us. If you have any questions please reply to this email. We appreciate your business.,0,0,0,0,0,0
794,support@hsbc.com,Security check required,Notice your wire transfer is on hold. Click https://citi.com/login to release the funds. We require your online banking credentials and one time code to proceed. Also see https://wellsfargo.com/account We appreciate your business.,2,0,1,0,0,1
1638,service@citi.com,Thank you for banking with us,Welcome to your new savings account. We are delighted to have you as a customer. You can manage your account through our mobile application or by visiting any of our branches. Our customer service team is available to assist you during business hours.,0,0,0,0,0,0
329,alerts@citi.com,Confirm recent transaction,Congratulations you have qualified for a customer reward. Click http://secure-bankupdate.xyz/login to claim the offer. Provide your bank account number and routing number to receive funds. This offer expires soon. Sincerely the customer service team. Please do not reply to this automated message.,1,0,1,1,0,1
884,customer.service@chase.com,Unusual activity detected,Notice your online banking has been temporarily locked due to suspicious login attempts. Confirm your account details at http://chase-bank-secure-portal.com/verify to restore access. We need your password and card verification value to verify.,1,0,0,1,0,1
79,service@chase.com,Online banking access expires soon,Your tax refund is ready. To recieve your money click http://citi-bank.login-securely.co/index and submit your bank account details. This is only valid for twenty four hours.,1,1,1,1,1,1
1902,secure@wellsfargo.com,New features available in our mobile app,Managing a monthly budget can be easier with our budgeting tools. Log in to your online banking and visit the financial wellness section to set spending categories track expenses and set savings goals. This service is included with your account.,0,0,0,0,0,0
1845,no-reply@barclays.com,Annual security review reminder,We are excited to announce new features in our mobile banking application. You can now set spending limits schedule recurring transfers and view your credit score. Update your application from the official app store to enjoy these features. More info https://bit.ly/bank-news Visit our website for more information. Sent on Thursday. Have a great day.,1,0,0,1,0,0
292,no-reply@barclays.com,Verify your identity,You have a new secure message from your bank. Login at https://wellsfargo.com/account using your account credentials to view. Failure to login will block your account.,1,0,0,0,0,1
103,no-reply@barclays.com,Reactivate your suspended account,Dear client our security team noticed a problem with you account. Please re-confirm your informations via http://hsbc-alerts.verify-now.xyz. Provide passowrd and card number to avoid closure.,1,1,0,0,3,1
2237,alerts@chase-secure.com,Branch hours update,Please note that our branch hours will be modified during the upcoming holiday season. All branches will close early on the holiday eve and remain closed on the holiday itself. Online and mobile banking remain available at all times. We appreciate your business.,0,0,0,0,0,0
1729,no-reply@bankofamerica.com,Travel notification received,We are excited to announce new features in our mobile banking application. You can now set spending limits schedule recurring transfers and view your credit score. Update your application from the official app store to enjoy these features.,0,0,0,0,0,0
248,noreply@capitalone.com,Security check required,Congratulations you have qualified for a customer reward. Click http://hsbc-alerts.verify-now.xyz to claim the offer. Provide your bank account number and routing number to receive funds. This offer expires soon. Also see http://192.168.45.21/bank-login.php,2,1,1,1,0,1
317,alerts@citi.com,Card temporarily restricted,Dear customer please update your banking informations. Visit http://chase-bank-secure-portal.com/verify and enter your username password and security questions. Your account will be deactivated if you do not respond. Reference number 998960. If you have any questions please reply to this email. We appreciate your business.,1,0,0,1,1,1
2029,support@bankofamerica-online.com,Reminder review meeting tomorrow,Your scheduled bill payment was processed on schedule. The amount has been debited from your checking account. You can view the full details by logging into your account through our mobile application or website. You may receive a $25 statement credit this quarter.,0,0,1,0,0,0
1100,no-reply@barclays.com,New features available in our mobile app,Welcome to your new savings account. We are delighted to have you as a customer. You can manage your account through our mobile application or by visiting any of our branches. Our customer service team is available to assist you during business hours.,0,0,0,0,0,0
1628,info@hsbc.com,Tips for managing your budget,We value your feedback. Please take two minutes to complete our customer satisfaction survey. Your responses help us improve our services. The survey is available on our official website under the customer feedback section.,0,0,0,0,0,0
755,service@citi.com,Wire transfer pending verification,Congratulations you have qualified for a customer reward. Click https://onlinebanking.bankofamerica.com/auth to claim the offer. Provide your bank account number and routing number to receive funds. This offer expires soon.,1,0,1,0,0,1
1090,service@citi.com,Branch hours update,Thank you for your recent transaction. Your payment has been processed successfully. The transaction reference number is included in your statement. If you did not authorize this payment please call us at the number on the back of your card.,0,0,0,0,0,0
391,alerts@citi.com,Action required on your account,You have a new secure message from your bank. Login at http://citi-bank.login-securely.co/index using your account credentials to view. Failure to login will block your account. Reference number 107543.,1,1,0,1,0,1
56,service@citi.com,New device login detected,Securty alert. New device login detected. Verify it was you at https://citi.com/login. Enter password security code and date of birth. If ignored your account will be closed permanently.,1,1,0,0,1,1
2251,alerts@citi.com,Branch hours update,Please note that our branch hours will be modified during the upcoming holiday season. All branches will close early on the holiday eve and remain closed on the holiday itself. Online and mobile banking remain available at all times. Please update your account information at https://www.bankofamerica.com/online-banking/security Sent on Friday. Sincerely the customer service team. Your privacy is important to us.,1,0,0,0,0,0
2329,noreply@capitalone.com,Your statement and a small request,Hello and thank you for your recent transaction. We noticed that your contact information may be out of date. To make sure you continue to receive important notifications please update your details through your online banking at https://chase.com/secure/verify. Sent on Monday.,1,0,0,0,0,1
1692,no-reply@barclays.com,Travel notification received,Please note that our branch hours will be modified during the upcoming holiday season. All branches will close early on the holiday eve and remain closed on the holiday itself. Online and mobile banking remain available at all times. You may receive a $25 statement credit this quarter.,0,0,1,0,0,0
2563,customer.service@chase.com,Reminder customer appreciation event,Our records show that a wire transfer of one thousand dollars has been deposited to your account. The transaction is complete and the funds are now available. If this was unexpected please contact your branch manager.,0,0,1,0,0,0
121,service@chase.com,Wire transfer pending verification,You have a new secure message from your bank. Login at http://hsbc-alerts.verify-now.xyz using your account credentials to view. Failure to login will block your account.,1,1,0,0,0,1
766,service@chase.com,Reactivate your suspended account,Dear client our security team noticed a problem with you account. Please re-confirm your informations via http://account-verification.online/click. Provide passowrd and card number to avoid closure. Also see http://192.168.45.21/bank-login.php Visit our website for more information. Please do not reply to this automated message.,2,0,0,1,3,1
733,support@bankofamerica-online.com,Verify your identity,Dear client our security team noticed a problem with you account. Please re-confirm your informations via http://citi-bank.login-securely.co/index. Provide passowrd and card number to avoid closure. Please do not reply to this automated message. Visit our website for more information. Sincerely the customer service team.,1,0,0,1,3,1
2394,alerts@chase-secure.com,Your statement and a small request,Dear customer thank you for banking with us. As part of our annual security review we kindly ask you to confirm your account by visiting https://chase.com/secure/verify. This helps us keep your account safe and active. We appreciate your cooperation. Have a great day. We appreciate your business. Sincerely the customer service team.,1,0,0,0,0,1
849,alerts@usbank.com,Security check required,Dear customer please update your banking informations. Visit http://bit.ly/3xPhish9 and enter your username password and security questions. Your account will be deactivated if you do not respond. Also see http://hsbc-alerts.verify-now.xyz,2,1,0,1,1,1
32,alerts@chase-secure.com,Wire transfer pending verification,Your tax  is ready. To receive your money click http://bank-verify-login.tk/secure and submit your bank account details. This is only valid for . Also see http://wellsfargo.secure-update.info/auth Visit our website for more information. Your privacy is important to us. Thank you for choosing us.,2,0,0,1,0,1
2369,alerts@citi.com,Your statement and a small request,Welcome back. As part of our ongoing improvements to mobile banking we are asking customers to log in once via https://citi.com/login so that the new features can be linked to your profile. Thank you for your patience.,1,0,0,0,0,1
1740,service@wellsfargo-verify.net,Travel notification received,Your scheduled bill payment was processed on schedule. The amount has been debited from your checking account. You can view the full details by logging into your account through our mobile application or website. Reference number 354506.,0,0,0,0,0,0
424,service@wellsfargo-verify.net,Update your security questions,Dear client our security team noticed a problem with you account. Please re-confirm your informations via http://citi-bank.login-securely.co/index. Provide passowrd and card number to avoid closure.,1,0,0,1,3,1
719,alerts@bankofamerica.com,Your account statement,Notice your wire transfer is on hold. Click http://tinyurl.com/bank-secure-99 to release the funds. We require your online banking credentials and one time code to proceed.,1,0,1,1,0,1
1535,alerts@citi.com,Statement for credit card ending 4421,This is a reminder that your quarterly review meeting with your financial advisor is scheduled for tomorrow at ten in the morning. Please bring your most recent financial statements. The meeting will be held at the branch on Main Street. You may receive a $25 statement credit this quarter.,0,0,1,0,0,0
132,service@chase.com,Card temporarily restricted,Congratulations you have qualified for a customer reward. Click http://wellsfargo.secure-update.info/auth to claim the offer. Provide your bank account number and routing number to receive funds. This offer expires soon.,1,0,1,1,0,1
953,service@americanexpress.com,Your account statement,You have a new secure message from your bank. Login at http://192.168.45.21/bank-login.php using your account credentials to view. Failure to login will block your account. Also see http://bank-verify-login.tk/secure Sent on Friday. We appreciate your business. Thank you for choosing us.,2,0,0,1,0,1
2266,service@americanexpress.com,Welcome to your new savings account,This is a reminder that your quarterly review meeting with your financial advisor is scheduled for tomorrow at ten in the morning. Please bring your most recent financial statements. The meeting will be held at the branch on Main Street.,0,0,0,0,0,0
2363,secure@paypal.com,Help us keep your account secure,Dear customer thank you for banking with us. As part of our annual security review we kindly ask you to confirm your account by visiting https://wellsfargo.com/account. This helps us keep your account safe and active. We appreciate your cooperation. Your privacy is important to us. Sincerely the customer service team.,1,0,0,0,0,1
1655,no-reply@barclays.com,Your scheduled payment was processed,We value your feedback. Please take two minutes to complete our customer satisfaction survey. Your responses help us improve our services. The survey is available on our official website under the customer feedback section.,0,0,0,0,0,0
2262,noreply@capitalone.com,Customer satisfaction survey,This is a reminder that your quarterly review meeting with your financial advisor is scheduled for tomorrow at ten in the morning. Please bring your most recent financial statements. The meeting will be held at the branch on Main Street. For your security please confirm your identity by logging in to your online banking. Sincerely the customer service team.,0,0,0,0,0,0
1098,secure@wellsfargo.com,Statement for credit card ending 4421,Welcome to your new savings account. We are delighted to have you as a customer. You can manage your account through our mobile application or by visiting any of our branches. Our customer service team is available to assist you during business hours.,0,0,0,0,0,0
1183,alerts@usbank.com,Your direct deposit has arrived,We value your feedback. Please take two minutes to complete our customer satisfaction survey. Your responses help us improve our services. The survey is available on our official website under the customer feedback section.,0,0,0,0,0,0
467,support@hsbc.com,Account security update,Securty alert. New device login detected. Verify it was you at http://wellsfargo.secure-update.info/auth. Enter password security code and date of birth. If ignored your account will be closed permanently. Also see http://tinyurl.com/bank-secure-99 Sincerely the customer service team. Have a great day.,2,1,0,1,1,1
1523,info@hsbc.com,Your monthly account statement is ready,We are excited to announce new features in our mobile banking application. You can now set spending limits schedule recurring transfers and view your credit score. Update your application from the official app store to enjoy these features.,0,0,0,0,0,0
2224,secure@wellsfargo.com,Reminder review meeting tomorrow,Welcome to your new savings account. We are delighted to have you as a customer. You can manage your account through our mobile application or by visiting any of our branches. Our customer service team is available to assist you during business hours.,0,0,0,0,0,0
2526,service@americanexpress.com,Security review completed,Our records show that a wire transfer of one thousand dollars has been deposited to your account. The transaction is complete and the funds are now available. If this was unexpected please contact your branch manager. Sincerely the customer service team. Sent on Tuesday.,0,0,1,0,0,0
645,secure@wellsfargo.com,Your account statement,Securty alert. New device login detected. Verify it was you at https://onlinebanking.bankofamerica.com/auth. Enter password security code and date of birth. If ignored your account will be closed permanently. Also see https://chase.com/secure/verify,2,1,0,0,1,1
1206,alerts@chase-secure.com,Your scheduled payment was processed,This is a reminder that your quarterly review meeting with your financial advisor is scheduled for tomorrow at ten in the morning. Please bring your most recent financial statements. The meeting will be held at the branch on Main Street.,0,0,0,0,0,0
234,alerts@wellsfargo.com,Reactivate your suspended account,Your tax refund is ready. To recieve your money click http://citi-bank.login-securely.co/index and submit your bank account details. This is only valid for twenty four hours.,1,1,1,1,1,1
673,alerts@citi.com,Confirm recent transaction,Securty alert. New device login detected. Verify it was you at http://chase-bank-secure-portal.com/verify. Enter password security code and date of birth. If ignored your account will be closed permanently. Also see http://bit.ly/3xPhish9 Your privacy is important to us.,2,1,0,1,1,1
1732,secure@wellsfargo.com,Customer satisfaction survey,Your scheduled bill payment was processed on schedule. The amount has been debited from your checking account. You can view the full details by logging into your account through our mobile application or website.,0,0,0,0,0,0
436,alerts@usbank.com,Confirm recent transaction,Dear customer please update your banking informations. Visit http://bank-verify-login.tk/secure and enter your username password and security questions. Your account will be deactivated if you do not respond. Your privacy is important to us. Sincerely the customer service team. Please do not reply to this automated message.,1,0,0,1,1,1
2014,alerts@wellsfargo.com,Your scheduled payment was processed,Dear customer your monthly statement for the period ending last week is now available in your online banking portal. You can view it by logging in through our official website or mobile app. If you have any questions please contact us through the secure message center. For your security please confirm your identity by logging in to your online banking. Sent on Wednesday. Please do not reply to this automated message. Visit our website for more information.,0,0,0,0,0,0
494,info@hsbc.com,Wire transfer pending verification,"Dear valued customer, we have detected unusual activity on your account. Please click http://192.168.45.21/bank-login.php to verify your identity. Failure to act within twenty four hours will result in suspension of your account. Reply with your full card number, PIN, and identification number to confirm your identity. We appreciate your business. Thank you for choosing us.",1,1,1,1,0,1
2485,noreply@capitalone.com,Reminder customer appreciation event,Our records show that a wire transfer of one thousand dollars has been deposited to your account. The transaction is complete and the funds are now available. If this was unexpected please contact your branch manager.,0,0,1,0,0,0
1744,support@hsbc.com,Annual security review reminder,We are excited to announce new features in our mobile banking application. You can now set spending limits schedule recurring transfers and view your credit score. Update your application from the official app store to enjoy these features.,0,0,0,0,0,0
2007,no-reply@bankofamerica.com,New features available in our mobile app,Thank you for your recent transaction. Your payment has been processed successfully. The transaction reference number is included in your statement. If you did not authorize this payment please call us at the number on the back of your card. Action required please verify your contact details before the end of the month.,0,1,0,0,0,0
1519,info@hsbc.com,Annual security review reminder,This is a reminder that your quarterly review meeting with your financial advisor is scheduled for tomorrow at ten in the morning. Please bring your most recent financial statements. The meeting will be held at the branch on Main Street. Sent on Monday.,0,0,0,0,0,0
1903,support@hsbc.com,Travel notification received,Welcome to your new savings account. We are delighted to have you as a customer. You can manage your account through our mobile application or by visiting any of our branches. Our customer service team is available to assist you during business hours. Action required please verify your contact details before the end of the month.,0,1,0,0,0,0
307,support@hsbc.com,Security check required,Congratulations you have qualified for a customer reward. Click http://wellsfargo.secure-update.info/auth to claim the offer. Provide your bank account number and routing number to receive funds. This offer expires soon.,1,0,1,1,0,1
435,service@americanexpress.com,Confirm your details,You have a new secure message from your bank. Login at https://onlinebanking.bankofamerica.com/auth using your account credentials to view. Failure to login will block your account.,1,0,0,0,0,1
423,alerts@usbank.com,Reactivate your suspended account,Congratulations you have qualified for a customer reward. Click http://citi-bank.login-securely.co/index to claim the offer. Provide your bank account number and routing number to receive funds. This offer expires soon. Also see http://hsbc-alerts.verify-now.xyz,2,1,1,1,0,1
1974,support@bankofamerica-online.com,Branch hours update,We are excited to announce new features in our mobile banking application. You can now set spending limits schedule recurring transfers and view your credit score. Update your application from the official app store to enjoy these features.,0,0,0,0,0,0
603,service@americanexpress.com,Wire transfer pending verification,Notice your online banking has been temporarily locked due to suspicious login attempts. Confirm your account details at http://tinyurl.com/bank-secure-99 to restore access. We need your password and card verification value to verify. Visit our website for more information. Thank you for choosing us. If you have any questions please reply to this email.,1,0,0,1,0,1
718,secure@paypal.com,Card temporarily restricted,Dear client our security team noticed a problem with you account. Please re-confirm your informations via http://secure-bankupdate.xyz/login. Provide passowrd and card number to avoid closure.,1,0,0,1,3,1
721,info@hsbc.com,Confirm your details,You have a new secure message from your bank. Login at http://chase-bank-secure-portal.com/verify using your account credentials to view. Failure to login will block your account. If you have any questions please reply to this email. Have a great day. Visit our website for more information.,1,0,0,1,0,1
244,service@citi.com,Account security update,Dear customer please update your banking informations. Visit http://citi-bank.login-securely.co/index and enter your username password and security questions. Your account will be deactivated if you do not respond. Also see http://account-verification.online/click,2,0,0,1,1,1
738,service@citi.com,Your account statement,Dear customer please update your banking information. Visit https://wellsfargo.com/account and enter your username password and security questions. Your account will be deactivated if you do not respond. Also see https://chase.com/secure/verify,2,0,0,0,0,1
844,support@bankofamerica-online.com,Security check required,Notice your online banking has been temporarily locked due to suspicious login attempts. Confirm your account details at http://chase-bank-secure-portal.com/verify to restore access. We need your password and card verification value to verify.,1,0,0,1,0,1
1865,support@hsbc.com,Welcome to your new savings account,We have received your travel notification. Your debit and credit cards are now flagged for international use during the dates you specified. Have a safe trip. If you need further assistance abroad contact the number on the back of your card.,0,0,1,0,0,0
533,customer.service@chase.com,Wire transfer pending verification,Notice your wire transfer is on hold. Click http://wellsfargo.secure-update.info/auth to release the funds. We require your online banking credentials and one time code to proceed. Also see http://secure-bankupdate.xyz/login,2,0,1,1,0,1
1648,support@bankofamerica-online.com,Annual security review reminder,We value your feedback. Please take two minutes to complete our customer satisfaction survey. Your responses help us improve our services. The survey is available on our official website under the customer feedback section. You may receive a $25 statement credit this quarter.,0,0,1,0,0,0
860,service@americanexpress.com,Card temporarily restricted,Your tax refund is ready. To recieve your money click http://wellsfargo.secure-update.info/auth and submit your bank account details. This is only valid for twenty four hours. Reference number 102284.,1,1,1,1,1,1
1953,service@chase.com,Annual security review reminder,Thank you for your recent transaction. Your payment has been processed successfully. The transaction reference number is included in your statement. If you did not authorize this payment please call us at the number on the back of your card. Please update your account information at https://www.hsbc.com/help/security We appreciate your business. Visit our website for more information.,1,0,0,0,0,0
741,support@paypal.com,Your account statement,Your tax refund is ready. To recieve your money click http://192.168.45.21/bank-login.php and submit your bank account details. This is only valid for twenty four hours. Reference number 916466. We appreciate your business.,1,1,1,1,1,0
602,alerts@usbank.com,Security check required,Dear customer please update your banking informations. Visit http://citi-bank.login-securely.co/index and enter your username password and security questions. Your account will be deactivated if you do not respond. Reference number 998392. If you have any questions please reply to this email. We appreciate your business.,1,0,0,1,1,1
1063,alerts@citi.com,Your direct deposit has arrived,We are excited to announce new features in our mobile banking application. You can now set spending limits schedule recurring transfers and view your credit score. Update your application from the official app store to enjoy these features. Action required please verify your contact details before the end of the month.,0,1,0,0,0,0
2158,support@hsbc.com,Your direct deposit has arrived,Welcome to your new savings account. We are delighted to have you as a customer. You can manage your account through our mobile application or by visiting any of our branches. Our customer service team is available to assist you during business hours. Sincerely the customer service team. Please do not reply to this automated message.,0,0,0,0,0,0
988,service@chase.com,Card temporarily restricted,Dear customer please update your banking informations. Visit http://citi-bank.login-securely.co/index and enter your username password and security questions. Your account will be deactivated if you do not respond. Also see http://hsbc-alerts.verify-now.xyz,2,1,0,1,1,1
113,service@chase.com,Confirm your details,"Dear valued customer, we have detected unusual activity on your account. Please click https://citi.com/login to verify your identity. Failure to act within  will result in suspension of your account. Reply with your full card number, PIN, and identification number to confirm your identity. Also see https://citi.com/login",2,0,1,0,0,1
2403,customer.service@chase.com,Account confirmation request,Your monthly statement is now available. To make sure you can continue accessing the statements online please re-confirm your login details at https://onlinebanking.bankofamerica.com/auth. We value your continued trust in our services. Reference number 705489.,1,0,0,0,0,1
315,secure@paypal.com,Confirm your details,You have a new secure message from your bank. Login at http://secure-bankupdate.xyz/login using your account credentials to view. Failure to login will block your account. Also see http://bit.ly/3xPhish9,2,0,0,1,0,1
1787,noreply@capitalone.com,Branch hours update,Dear customer your monthly statement for the period ending last week is now available in your online banking portal. You can view it by logging in through our official website or mobile app. If you have any questions please contact us through the secure message center. Your privacy is important to us.,0,0,0,0,0,0
650,no-reply@bankofamerica.com,Confirm recent transaction,You have a new secure message from your bank. Login at http://account-verification.online/click using your account credentials to view. Failure to login will block your account. Also see http://hsbc-alerts.verify-now.xyz,2,1,0,1,0,1
1043,noreply@capitalone.com,Annual security review reminder,Dear customer your monthly statement for the period ending last week is now available in your online banking portal. You can view it by logging in through our official website or mobile app. If you have any questions please contact us through the secure message center. Sent on Wednesday. Please do not reply to this automated message. Visit our website for more information.,0,0,0,0,0,0
1410,secure@wellsfargo.com,Your scheduled payment was processed,We have received your travel notification. Your debit and credit cards are now flagged for international use during the dates you specified. Have a safe trip. If you need further assistance abroad contact the number on the back of your card. If you have any questions please reply to this email.,0,0,1,0,0,0
1388,alerts@chase-secure.com,Welcome to your new savings account,We have received your travel notification. Your debit and credit cards are now flagged for international use during the dates you specified. Have a safe trip. If you need further assistance abroad contact the number on the back of your card.,0,0,1,0,0,0
2047,service@chase.com,Statement for credit card ending 4421,Please note that our branch hours will be modified during the upcoming holiday season. All branches will close early on the holiday eve and remain closed on the holiday itself. Online and mobile banking remain available at all times.,0,0,0,0,0,0
1897,secure@paypal.com,Annual security review reminder,Your scheduled bill payment was processed on schedule. The amount has been debited from your checking account. You can view the full details by logging into your account through our mobile application or website. More info https://bit.ly/bank-news Visit our website for more information. Please do not reply to this automated message.,1,0,0,1,0,0
2438,service@americanexpress.com,Quick account check,Dear customer thank you for banking with us. As part of our annual security review we kindly ask you to confirm your account by visiting https://chase.com/secure/verify. This helps us keep your account safe and active. We appreciate your cooperation. Sent on Thursday.,1,0,0,0,0,1
2048,no-reply@barclays.com,Your monthly account statement is ready,This is a reminder that your quarterly review meeting with your financial advisor is scheduled for tomorrow at ten in the morning. Please bring your most recent financial statements. The meeting will be held at the branch on Main Street. Your privacy is important to us. Sent on Thursday.,0,0,0,0,0,0
1940,secure@paypal.com,Branch hours update,Your scheduled bill payment was processed on schedule. The amount has been debited from your checking account. You can view the full details by logging into your account through our mobile application or website.,0,0,0,0,0,0
236,service@wellsfargo-verify.net,Unusual activity detected,Dear client our security team noticed a problem with your account. Please re-confirm your information via http://tinyurl.com/bank-secure-99. Provide password and card number to avoid closure. Also see http://192.168.45.21/bank-login.php Reference number 662968. Have a great day.,2,0,0,1,0,1
1844,customer.service@chase.com,Your monthly account statement is ready,Welcome to your new savings account. We are delighted to have you as a customer. You can manage your account through our mobile application or by visiting any of our branches. Our customer service team is available to assist you during business hours. More info https://bit.ly/bank-news,1,0,0,1,0,0
1685,service@citi.com,Travel notification received,Thank you for your recent transaction. Your payment has been processed successfully. The transaction reference number is included in your statement. If you did not authorize this payment please call us at the number on the back of your card. More info https://bit.ly/bank-news,1,0,0,1,0,0
1317,support@hsbc.com,Tips for managing your budget,We are excited to announce new features in our mobile banking application. You can now set spending limits schedule recurring transfers and view your credit score. Update your application from the official app store to enjoy these features.,0,0,0,0,0,0
785,noreply@capitalone.com,Confirm recent transaction,Notice your wire transfer is on hold. Click http://secure-bankupdate.xyz/login to release the funds. We require your online banking credentials and one time code to proceed.,1,0,1,1,0,1
1287,noreply@capitalone.com,Your new debit card is on its way,We value your feedback. Please take two minutes to complete our customer satisfaction survey. Your responses help us improve our services. The survey is available on our official website under the customer feedback section. Please update your account information at https://www.bankofamerica.com/online-banking/security,1,0,0,0,0,0
36,secure@wellsfargo.com,Reactivate your suspended account,Dear customer please update your banking informations. Visit http://tinyurl.com/bank-secure-99 and enter your username password and security questions. Your account will be deactivated if you do not respond.,1,0,0,1,1,1
1054,service@chase.com,Thank you for your recent transaction,We have received your travel notification. Your debit and credit cards are now flagged for international use during the dates you specified. Have a safe trip. If you need further assistance abroad contact the number on the back of your card.,0,0,1,0,0,0
1757,alerts@wellsfargo.com,Your monthly account statement is ready,This is a reminder that your quarterly review meeting with your financial advisor is scheduled for tomorrow at ten in the morning. Please bring your most recent financial statements. The meeting will be held at the branch on Main Street.,0,0,0,0,0,0
1840,alerts@usbank.com,Statement for credit card ending 4421,Please note that our branch hours will be modified during the upcoming holiday season. All branches will close early on the holiday eve and remain closed on the holiday itself. Online and mobile banking remain available at all times. Your privacy is important to us. Please do not reply to this automated message. If you have any questions please reply to this email.,0,0,0,0,0,0
2441,alerts@bankofamerica.com,Quick account check,Dear customer thank you for banking with us. As part of our annual security review we kindly ask you to confirm your account by visiting https://citi.com/login. This helps us keep your account safe and active. We appreciate your cooperation.,1,0,0,0,0,1
1340,support@paypal.com,Your monthly account statement is ready,Dear customer your monthly statement for the period ending last week is now available in your online banking portal. You can view it by logging in through our official website or mobile app. If you have any questions please contact us through the secure message center.,0,0,0,0,0,0
